{"features":[{"geometry":{"coordinates":[[[12.595768,46.99302],[12.595872,46.993149],[12.595872,46.993423],[12.596218,46.993689],[12.59632,46.993695],[12.596274,46.993436],[12.596298,46.993379],[12.596379,46.993368],[12.59717,46.994003],[12.597397,46.994067],[12.597505,46.994155],[12.597559,46.994091],[12.597109,46.9936],[12.597111,46.993497],[12.597197,46.993514],[12.597246,46.993625],[12.597713,46.99385],[12.597736,46.993815],[12.597484,46.993581],[12.597451,46.993446],[12.597489,46.993409],[12.597562,46.993427],[12.597629,46.993549],[12.59775,46.993591],[12.597719,46.993369],[12.59777,46.993348],[12.597942,46.993557],[12.597991,46.993513],[12.597931,46.993339],[12.597985,46.993327],[12.59807,46.993473],[12.598187,46.993547],[12.598186,46.993742],[12.598273,46.993845],[12.598412,46.99339],[12.598546,46.993298],[12.598587,46.993575],[12.598531,46.993869],[12.598649,46.993865],[12.59868,46.993776],[12.598872,46.993613],[12.599647,46.993507],[12.599696,46.993568],[12.599625,46.993657],[12.599446,46.993772],[12.599284,46.99381],[12.599242,46.993893],[12.599326,46.99392],[12.599465,46.99383],[12.599877,46.993837],[12.600104,46.993788],[12.600147,46.993823],[12.600103,46.993932],[12.599881,46.994015],[12.599973,46.994118],[12.600096,46.994151],[12.600278,46.994095],[12.600439,46.99387],[12.600674,46.993711],[12.600736,46.993557],[12.600801,46.993575],[12.600869,46.99376],[12.60096,46.993734],[12.600963,46.993605],[12.601147,46.993728],[12.601214,46.993659],[12.601124,46.993515],[12.601329,46.993585],[12.601395,46.993481],[12.601694,46.99351],[12.601969,46.993279],[12.602259,46.993206],[12.602306,46.993248],[12.602115,46.993435],[12.602152,46.993491],[12.602755,46.993269],[12.60309,46.993252],[12.602624,46.993537],[12.602494,46.993786],[12.602539,46.993839],[12.602628,46.993839],[12.603378,46.993416],[12.603779,46.993302],[12.604154,46.993268],[12.604277,46.993203],[12.604395,46.993031],[12.605681,46.992609],[12.60614,46.992377],[12.606275,46.992242],[12.60656,46.992187],[12.607073,46.992292],[12.607461,46.992499],[12.608034,46.992555],[12.608409,46.992524],[12.608866,46.992585],[12.609605,46.992756],[12.609612,46.992823],[12.609426,46.992812],[12.609037,46.992904],[12.608398,46.9931],[12.608368,46.993157],[12.608719,46.993145],[12.609311,46.993242],[12.609334,46.993303],[12.60901,46.993355],[12.608947,46.993416],[12.609186,46.993465],[12.60949,46.99367],[12.609419,46.99371],[12.60903,46.993694],[12.60902,46.993744],[12.60943,46.993895],[12.608965,46.993968],[12.608947,46.994002],[12.609518,46.994214],[12.609578,46.9943],[12.609251,46.994274],[12.608907,46.99431],[12.609052,46.994437],[12.608864,46.994531],[12.609246,46.994724],[12.60941,46.994753],[12.609421,46.994815],[12.608727,46.994796],[12.608675,46.994831],[12.608706,46.994867],[12.608953,46.99488],[12.609638,46.995051],[12.609564,46.995106],[12.608939,46.995086],[12.608745,46.995133],[12.608798,46.995185],[12.609461,46.995256],[12.609453,46.995324],[12.609077,46.99531],[12.609018,46.995353],[12.608822,46.995358],[12.608802,46.995408],[12.60924,46.995507],[12.609483,46.995461],[12.609466,46.995524],[12.609101,46.995622],[12.609173,46.99567],[12.609528,46.995605],[12.609477,46.99567],[12.609315,46.995727],[12.609249,46.995834],[12.609617,46.995726],[12.609445,46.995948],[12.609751,46.99594],[12.610002,46.996046],[12.60989,46.996084],[12.609705,46.996046],[12.609445,46.996119],[12.609395,46.996205],[12.609171,46.996322],[12.609243,46.996344],[12.609654,46.996217],[12.609368,46.99641],[12.609228,46.996597],[12.609313,46.996639],[12.609493,46.996502],[12.609566,46.996518],[12.60934,46.996832],[12.609383,46.996894],[12.609626,46.996969]]],"type":"MultiLineString"},"id":"tirol:138","properties":{"description":"Der Trail startet bei der Bergstation der Bergbahnen Kals am Cimaroß. Der rund 3,5 km lange und extrem flowige Singletrail führt mitten durch die Natur, das Großglocknermassiv immer im Blickfeld. Die rund 420 hm bewältigt man auf ca. 60 Anlegerkurven und mit zahlreichen kleinen Sprüngen, Wellen und Mulden, die für alle Talentklassen eine Menge Spaß bieten. Endstation ist die Mittelstation der Bergbahnen Kals a.Gr. bei der Gorneralm.","difficulty":"mittelschwierig","down_m":420,"kind":"trail","length_m":3636,"level":"medium","name":"Adlertrail","sections":[{"closed":false,"variant":false}],"source":"tirol","status":"open","up_m":0,"updated":"2026-05-19"},"type":"Feature"},{"geometry":{"coordinates":[[[12.614448,46.999285],[12.614561,46.99933],[12.614577,46.999387],[12.614482,46.999436],[12.614498,46.999505],[12.614651,46.999494],[12.615009,46.999351],[12.615179,46.999357],[12.615204,46.999399],[12.615046,46.99959],[12.614735,46.999761],[12.614695,46.999846],[12.614771,46.999897],[12.615126,46.99986],[12.615473,46.999656],[12.615564,46.999684],[12.615559,46.999791],[12.615279,46.999926],[12.615226,47.00002],[12.615497,47.000187],[12.615376,47.000386],[12.61545,47.000408],[12.615656,47.000361],[12.615722,47.000395],[12.615597,47.000607],[12.616148,47.000467],[12.61628,47.000459],[12.616351,47.000502],[12.616353,47.000573],[12.615889,47.000877],[12.615981,47.000969],[12.616451,47.000821],[12.616601,47.000829],[12.616617,47.000907],[12.616367,47.001075],[12.616278,47.001331],[12.616456,47.001375],[12.6169,47.001153],[12.618229,47.000873],[12.619125,47.000379],[12.61944,47.00034],[12.619987,47.000379],[12.620236,47.000417],[12.620384,47.000579],[12.620667,47.000562],[12.620535,47.00074],[12.620578,47.00084],[12.620714,47.000839],[12.621022,47.000729],[12.621101,47.000768],[12.620897,47.000964],[12.620931,47.001033],[12.621326,47.000983],[12.621272,47.00112],[12.621364,47.001276],[12.621289,47.001439],[12.621104,47.001595],[12.621251,47.001689],[12.62103,47.001782],[12.621183,47.001886],[12.620912,47.00199],[12.620911,47.002042],[12.621288,47.002008],[12.621528,47.002015],[12.621619,47.002061],[12.621716,47.002041],[12.621828,47.002176],[12.622513,47.002077],[12.622639,47.002092],[12.62273,47.002165],[12.622624,47.002453],[12.622664,47.002482],[12.622791,47.002402],[12.623069,47.002402],[12.623381,47.002339],[12.623554,47.002213],[12.62359,47.002271],[12.623512,47.002369],[12.623631,47.002385],[12.623887,47.002224],[12.62421,47.002118]]],"type":"MultiLineString"},"id":"tirol:139","properties":{"description":"Dieser Trail ist ein naturbelassener Singletrail mit flowigen Abschnitten, vielen Sprüngen und steilen, anspruchsvollen Sektionen. Start ist rund 300 m nordöstlich der Gondel Mittelstation, das Ziel befindet sich ca. 1.300 m südwestlich der Gondel Talstation. Die weitere Abfahrt zur Gondel Talstation ist auf Forst- und Landwirtschaftswegen möglich.","difficulty":"schwierig","down_m":410,"kind":"trail","length_m":1666,"level":"hard","name":"Gornerwald Trail","sections":[{"closed":false,"variant":false}],"source":"tirol","status":"open","up_m":0,"updated":"2026-05-19"},"type":"Feature"},{"geometry":{"coordinates":[[[12.599816,47.001175],[12.599916,47.001391],[12.600165,47.001661],[12.601039,47.002352],[12.600972,47.002071],[12.600748,47.00161],[12.600672,47.001203],[12.600984,47.00032],[12.601286,47.000931],[12.60161,47.001219],[12.602102,47.001856],[12.602174,47.001858],[12.602229,47.001645],[12.602158,47.001209],[12.602692,46.999896],[12.602784,46.9999],[12.602783,47.000171],[12.602867,47.000168],[12.603208,46.999436],[12.603545,46.999152],[12.60362,46.998879],[12.604557,46.998435],[12.605226,46.998311],[12.605024,46.998655],[12.605077,46.998683],[12.605498,46.998458],[12.605354,46.998893],[12.605421,46.99891],[12.605599,46.998701],[12.605673,46.998707],[12.605498,46.999144],[12.605526,46.999182],[12.605616,46.999155],[12.60582,46.998962],[12.605917,46.998786],[12.606038,46.997823],[12.606218,46.997173],[12.606443,46.996897],[12.606596,46.996795],[12.607235,46.996524],[12.607421,46.996497],[12.607619,46.996527],[12.608391,46.996849],[12.608591,46.996843],[12.608671,46.996952],[12.608864,46.996993],[12.609451,46.997032],[12.61007,46.996881],[12.610352,46.996894],[12.610843,46.997109],[12.61153,46.997508],[12.611772,46.99778],[12.612193,46.99806],[12.612612,46.998427]]],"type":"MultiLineString"},"id":"tirol:140","properties":{"description":"Der Trail startet bei der Gorneralm, weist ein Anstiegsgefälle von bis zu 20% auf und erfordert Kondition und Können. In mehreren Serpentinen gelangt man durch schöne Almweiden bis zum Kals-Matreier-Törlhaus (im Sommer bewirtschaftet), wo ein herrlicher Panoramablick auf den Biker wartet. ACHTUNG! Der Trail ist als shared trail ausgewiesen - die Strecke wird auch von Wanderern benutzt. Um gegenseitige Rücksichtnahme wird ausdrücklich ersucht! Vorzugsweise soll der Trail ausschließlich aufwärts befahren werden - versierte Biker bewältigen auf dem Adlertrail (MTB 138) die Talabfahrt.","difficulty":"mittelschwierig","down_m":240,"kind":"trail","length_m":2232,"level":"medium","name":"Kals-Matreier-Törl Trail","sections":[{"closed":false,"variant":false}],"source":"tirol","status":"open","up_m":0,"updated":"2026-05-19"},"type":"Feature"},{"geometry":{"coordinates":[[[12.728058,46.817312],[12.728086,46.817286],[12.728303,46.817407],[12.72849,46.8176],[12.728434,46.817143],[12.728894,46.817348],[12.728907,46.817293],[12.728719,46.817105],[12.728226,46.816762],[12.728,46.816479],[12.728275,46.816403],[12.728531,46.816449],[12.728701,46.816311],[12.728892,46.816458],[12.729016,46.816278],[12.729081,46.816345],[12.729227,46.816278],[12.729352,46.816584],[12.729784,46.81683],[12.729906,46.816999],[12.730051,46.816976],[12.73026,46.817157],[12.73048,46.817254],[12.730457,46.817085],[12.730337,46.816925],[12.730103,46.816264],[12.730134,46.816123],[12.730285,46.816162],[12.730349,46.816088],[12.730105,46.815908],[12.730142,46.815874],[12.73064,46.816068],[12.731463,46.816732],[12.731626,46.816918],[12.73233,46.817311],[12.732426,46.817472],[12.7328,46.817741],[12.733147,46.817755],[12.733574,46.817674],[12.734448,46.817329],[12.734585,46.81758],[12.734835,46.817427],[12.734966,46.817639],[12.735046,46.817636],[12.735381,46.817437],[12.735452,46.817465],[12.735525,46.817652],[12.735792,46.817495],[12.735881,46.817652],[12.736014,46.817605],[12.736136,46.817478],[12.736212,46.817633],[12.736315,46.817544],[12.736391,46.817566],[12.736448,46.817767],[12.736674,46.817613],[12.73674,46.817618],[12.736762,46.817815],[12.737077,46.81777],[12.737268,46.817551],[12.73743,46.817503],[12.737573,46.817727],[12.737653,46.817558],[12.737781,46.817484],[12.737875,46.817598],[12.738348,46.817702],[12.738502,46.817672],[12.738802,46.81772],[12.739003,46.817647],[12.739187,46.817785],[12.739273,46.817682],[12.7394,46.817849],[12.739607,46.817654],[12.739729,46.817624],[12.739693,46.818105],[12.739532,46.81864],[12.739218,46.81887],[12.738912,46.819535],[12.738635,46.819819],[12.7383,46.819984],[12.738238,46.820589],[12.738161,46.820684],[12.738223,46.821149],[12.738188,46.821323],[12.737746,46.821941],[12.737668,46.822362],[12.737705,46.822495],[12.737554,46.822807],[12.736807,46.823431],[12.735981,46.823998],[12.735332,46.824326],[12.735134,46.824509],[12.734801,46.824688],[12.734756,46.824849],[12.734927,46.825014],[12.734813,46.82527],[12.734842,46.825641],[12.734684,46.825763],[12.73435,46.826203],[12.73439,46.826399],[12.734782,46.82687],[12.734973,46.826895],[12.735199,46.827028],[12.73552,46.827128],[12.735913,46.827132],[12.736474,46.826908],[12.737246,46.826697],[12.737391,46.826635],[12.737418,46.826542],[12.737466,46.826554],[12.737537,46.826767],[12.737626,46.826782],[12.737862,46.826553],[12.737937,46.826539],[12.738017,46.826621],[12.737891,46.826902],[12.738241,46.826822],[12.738096,46.826989],[12.738049,46.827171],[12.73838,46.82717],[12.738612,46.827273],[12.738788,46.827432]]],"type":"MultiLineString"},"id":"tirol:141","properties":{"description":"Der nach dem 3-fachen Radweltmeister benannte und von ihm getestete Peter-Sagan-Trail ist die perfekte Ergänzung zum Alban-Lakata-Trail (MTB 142). Gemeinsam weisen beide Trails die stolze Länge von rund 7 km auf und sind somit eine Herausforderung für jeden geübten Biker. Viel Flow und massig Airtime zeichnen den Trail aus, wobei das unvergleichliche Panorama nicht vergessen werden darf. 55 Steilkurven, 18 Roller, zahlreiche Gaps und Step Ups und ein Mega-Panorama Boner lassen jedes Bikerherz höher schlagen und motivieren zu Wiederholungsfahrten.","difficulty":"mittelschwierig","down_m":500,"kind":"trail","length_m":3493,"level":"medium","name":"Peter-Sagan-Trail","sections":[{"closed":false,"variant":false}],"source":"tirol","status":"open","up_m":0,"updated":"2026-05-19"},"type":"Feature"},{"geometry":{"coordinates":[[[12.741708,46.827328],[12.741713,46.82741],[12.742023,46.827632],[12.742164,46.827858],[12.742344,46.827935],[12.742583,46.828249],[12.742748,46.82819],[12.74288,46.828269],[12.742966,46.828171],[12.743149,46.828224],[12.743234,46.828105],[12.743378,46.828145],[12.743437,46.828064],[12.743708,46.828148],[12.744094,46.82807],[12.744256,46.828081],[12.744378,46.828231],[12.744214,46.828424],[12.744364,46.828407],[12.744302,46.828543],[12.744421,46.828531],[12.744333,46.828652],[12.744323,46.828817],[12.744987,46.82865],[12.745043,46.828681],[12.745095,46.828903],[12.745291,46.828802],[12.745307,46.82887],[12.745157,46.829016],[12.744934,46.829128],[12.74496,46.829166],[12.745547,46.828975],[12.74564,46.828999],[12.745416,46.829234],[12.744989,46.829417],[12.745015,46.829479],[12.745768,46.829422],[12.745956,46.829446],[12.74644,46.829257],[12.746571,46.829164],[12.746668,46.829251],[12.746847,46.829013],[12.746868,46.829116],[12.74703,46.829084],[12.747076,46.829116],[12.747021,46.829348],[12.747993,46.829411],[12.748292,46.82955],[12.74859,46.82958],[12.748949,46.829502],[12.749141,46.829516],[12.749223,46.829576],[12.749331,46.829519],[12.749376,46.829665],[12.749268,46.82975],[12.749361,46.829789],[12.749619,46.829679],[12.749905,46.829634],[12.749808,46.828841],[12.750059,46.828714],[12.75031,46.82867],[12.750315,46.82877],[12.750486,46.828776],[12.750674,46.829148],[12.750995,46.829195],[12.750965,46.829277],[12.751052,46.82933],[12.751136,46.82968],[12.751235,46.829655],[12.751679,46.829708],[12.751884,46.82962],[12.752348,46.82924],[12.752666,46.829192],[12.752451,46.829402],[12.752474,46.829433],[12.752931,46.829212],[12.752938,46.8294],[12.752791,46.829639],[12.752887,46.829621],[12.753088,46.829448],[12.753264,46.8294],[12.753223,46.829598],[12.753284,46.829732],[12.753187,46.829956],[12.753195,46.830113],[12.75325,46.830122],[12.753549,46.829907],[12.753718,46.829871],[12.753867,46.830246],[12.754198,46.830638],[12.754117,46.830789]]],"type":"MultiLineString"},"id":"tirol:142","properties":{"description":"Der Trail startet bei der Mooslam und ist mit der Schloßberg-Seilbahn oder über die Schlossberg-Straße zu erreichen. Auf einer Streckenlänge von 2 km führt der Trail ins Tal, wobei unterschiedliches Terrain in Wald und auf Wiesen für Abwechlung sorgt. Gespickt mit vielen Steilkurven und anderen Bike-Trail-Features fühlen sich Biker hier in ihrem Element.","difficulty":"mittelschwierig","down_m":330,"kind":"trail","length_m":2022,"level":"medium","name":"Alban Lakata Trail","sections":[{"closed":false,"variant":false}],"source":"tirol","status":"open","up_m":0,"updated":"2026-05-19"},"type":"Feature"},{"geometry":{"coordinates":[[[12.625521,47.002283],[12.625618,47.002194],[12.626133,47.002003],[12.626313,47.002],[12.626555,47.001916],[12.627108,47.001869],[12.62769,47.001731],[12.628114,47.001716],[12.628584,47.001606],[12.629891,47.001429],[12.630267,47.00142],[12.630401,47.001359],[12.630962,47.001324],[12.631233,47.001228],[12.63177,47.001217],[12.631876,47.001157],[12.632229,47.001122],[12.632365,47.001066],[12.633024,47.001005],[12.633235,47.001025],[12.633454,47.000977]]],"type":"MultiLineString"},"id":"tirol:145","properties":{"description":"Der Start des Singletrails befindet sich rund 600 m westlich vom Temblerhof. Versierte Biker haben auf dem ca. 0,70 km langen Singletrail, der mit zahlreichen Sprüngen aufwartet und über Wiesen und durch Wald führt, jede Menge Fahrspaß. Ziel ist der Temblerhof bzw. in weiterer Folge die Gondel Talstation in Großdorf.","difficulty":"mittelschwierig","down_m":100,"kind":"trail","length_m":632,"level":"medium","name":"Temblerfelder Trail","sections":[{"closed":false,"variant":false}],"source":"tirol","status":"open","up_m":0,"updated":"2026-05-19"},"type":"Feature"},{"geometry":{"coordinates":[[[12.733246,46.817732],[12.733679,46.817474],[12.734055,46.81731],[12.734223,46.817282],[12.734638,46.817365],[12.734743,46.817311],[12.734858,46.817388],[12.735059,46.817331],[12.735199,46.817442],[12.735304,46.817361],[12.735447,46.817425],[12.73555,46.817337],[12.735636,46.817481],[12.735711,46.817367],[12.735811,46.817365],[12.735904,46.81749],[12.735985,46.817375],[12.736169,46.817456],[12.736264,46.81732],[12.736349,46.817484],[12.7366,46.817369],[12.736762,46.817492],[12.737226,46.817711],[12.737823,46.817753],[12.738345,46.817709]]],"type":"MultiLineString"},"id":"tirol:150","properties":{"description":"Von der Sternalm geht es zuerst über den Peter-Sagan-Trail (MTB 141) zum Start der Welcome to the Jungle Line. Palmen, Sandstrand und Cocktails sucht man hier vergeblich, dafür erwartet den Biker ein Trail, der es in sich hat. Die schwarze Variante des Peter-Sagen-Trails ist knackige 500 m lang und zieht sich entlang der Fallline über Steinfelder und Wurzelpassagen in die Tiefe. Straight durch den Hochsteinwald geht's Richtung Tal bis es - kurz vor'm Muskelversagen - wieder zurück auf den Peter-Sagan-Trail und weiter Richtung Moosalm geht. Wer noch mehr Action sucht, kann gleich noch den Alban Lakata Trail bezwingen!","difficulty":"schwierig","down_m":140,"kind":"trail","length_m":508,"level":"hard","name":"Welcome to the Jungle","sections":[{"closed":false,"variant":false}],"source":"tirol","status":"open","up_m":0,"updated":"2026-05-19"},"type":"Feature"},{"geometry":{"coordinates":[[[12.738778,46.827438],[12.738641,46.82741],[12.738456,46.827501],[12.738227,46.82753],[12.737978,46.827744],[12.737858,46.82811],[12.738032,46.828409],[12.738096,46.828397],[12.738059,46.828258],[12.738157,46.828291],[12.738203,46.828226],[12.738283,46.828229],[12.738422,46.828663],[12.738491,46.828647],[12.738638,46.828445],[12.738709,46.828443],[12.738639,46.828596],[12.738683,46.82878],[12.738455,46.829124],[12.7374,46.829788],[12.737351,46.829942],[12.73749,46.830041],[12.737678,46.830028],[12.737994,46.829813],[12.738273,46.829487],[12.738917,46.829476],[12.739102,46.829517],[12.739387,46.829489],[12.73942,46.829558],[12.73921,46.829658],[12.738968,46.829612],[12.73891,46.82966],[12.739359,46.82986],[12.73922,46.830086],[12.739253,46.830226],[12.73943,46.830308],[12.739561,46.830452],[12.739898,46.830587],[12.739824,46.830641],[12.739681,46.830652],[12.738736,46.830389],[12.738344,46.830406],[12.738113,46.830506],[12.737883,46.83068],[12.738463,46.830782],[12.73901,46.830987],[12.739022,46.831044],[12.738733,46.831032],[12.738582,46.830976],[12.738518,46.83101],[12.738628,46.831065],[12.739035,46.831123],[12.739058,46.831167],[12.738638,46.831219],[12.737738,46.831119],[12.737667,46.831166],[12.737738,46.831229],[12.738818,46.831472],[12.739458,46.831523],[12.740201,46.831646],[12.740446,46.831752],[12.741104,46.831841],[12.741274,46.831817],[12.74138,46.831945],[12.740982,46.832117],[12.740809,46.83214],[12.740803,46.83219],[12.740966,46.832237],[12.741151,46.832252],[12.741556,46.832181],[12.742088,46.832021],[12.742113,46.83206],[12.742012,46.832192],[12.741833,46.832282],[12.741893,46.832328],[12.742128,46.832273],[12.742288,46.832156],[12.742651,46.83201],[12.742826,46.831655],[12.742896,46.83168],[12.742879,46.831899],[12.742964,46.83192],[12.74322,46.831511],[12.74333,46.831448],[12.743691,46.831459],[12.74398,46.831391],[12.744342,46.831431],[12.744515,46.831368],[12.744722,46.831361],[12.745006,46.831242],[12.745052,46.831297],[12.744937,46.831498],[12.745082,46.831458],[12.745062,46.831531],[12.745364,46.831607],[12.744855,46.831861],[12.744665,46.831878],[12.744679,46.831915],[12.744811,46.83194],[12.74467,46.832003],[12.744772,46.832026],[12.745102,46.83189],[12.7452,46.831895],[12.744967,46.832144],[12.74507,46.832197],[12.745254,46.832025],[12.745322,46.832042],[12.745229,46.832277],[12.74511,46.832337],[12.745152,46.832374],[12.745508,46.832223],[12.745998,46.831914],[12.746349,46.831777],[12.746922,46.831647],[12.747515,46.831585],[12.748049,46.831358],[12.748271,46.831206],[12.748894,46.831042]]],"type":"MultiLineString"},"id":"tirol:155","properties":{"description":"Mit dem Flow Familiy Trail wurde am Hochstein nun eine Strecke errichtet, die nicht so geübte Sportbegeisterte meistern können! Start ist bei der Moosalm. Von dort schlängelt sich die 3 km lange Line durch den schattigen Wald Richtung Schloss Bruck und weiter zur Talstation. Der Trail ist mit Chicken Lines ausgestattet, sodass die Sprünge umfahren werden können.","difficulty":"leicht","down_m":270,"kind":"trail","length_m":2859,"level":"easy","name":"Flow Family","sections":[{"closed":false,"variant":false}],"source":"tirol","status":"open","up_m":10,"updated":"2026-05-19"},"type":"Feature"},{"geometry":{"coordinates":[[[12.601116,46.732729],[12.600637,46.732735],[12.6002,46.73259],[12.600148,46.732521],[12.60017,46.732166],[12.600112,46.732073],[12.599432,46.731752],[12.598924,46.731378],[12.59844,46.730589],[12.598386,46.729999],[12.598221,46.729468],[12.597904,46.72915],[12.597594,46.729023],[12.596821,46.729022],[12.596481,46.728888],[12.595742,46.728959],[12.595479,46.729071],[12.594987,46.729671],[12.594847,46.729704],[12.594737,46.729641],[12.594728,46.729279],[12.594657,46.729158],[12.594334,46.72889],[12.594005,46.728254],[12.59405,46.727861],[12.594192,46.727661],[12.594463,46.726954],[12.5944,46.7261],[12.594291,46.725907],[12.59407,46.725832],[12.593788,46.725859],[12.592695,46.726261],[12.592202,46.726394],[12.590067,46.726859],[12.589749,46.727029],[12.589583,46.727282],[12.58933,46.727523],[12.588469,46.72752],[12.587888,46.727622],[12.587413,46.727866],[12.586612,46.728164],[12.585835,46.728663],[12.58561,46.728712],[12.585104,46.728728],[12.583877,46.728565],[12.583012,46.728558],[12.58164,46.728726],[12.580898,46.728913],[12.580356,46.729118],[12.579704,46.729203],[12.579187,46.729196],[12.578357,46.728932],[12.578119,46.728715],[12.577597,46.728041],[12.577026,46.727699],[12.576344,46.727563],[12.575926,46.727595],[12.575342,46.727776],[12.574473,46.727938],[12.574153,46.728113],[12.573327,46.728859],[12.573152,46.7289],[12.572207,46.729389],[12.572047,46.729433],[12.571631,46.729975],[12.57144,46.730079],[12.571027,46.730169],[12.570289,46.730111],[12.569761,46.730006],[12.569063,46.730065],[12.568834,46.730005],[12.568409,46.730012],[12.567575,46.729721],[12.567233,46.729747],[12.566518,46.729692],[12.565789,46.729451],[12.565494,46.729184],[12.565013,46.729012],[12.563643,46.728939],[12.563462,46.728865],[12.563063,46.728586],[12.562909,46.728557],[12.562467,46.728635],[12.562343,46.728618],[12.561992,46.728291],[12.561388,46.728121],[12.560776,46.72817]]],"type":"MultiLineString"},"id":"tirol:158","properties":{"description":"Gestartet wird der shared-Trail am Endpunkt der MTB-Route Golzentipp (MTB 157) am Folmasaisattel. Auf dem hügeligen Bergrücken von Bergwiesen oberhalb des Waldes schlängelt sich der naturbelassene shared-Trail mit viel Flow in Richtung Westen bis zum Dorfberg. Die knapp 4 km warten mit atemberaubenden Ausblicken auf die umliegende Bergwelt des Karnischen Kammes und jeder Menge Fahrspaß auf. Am Endpunkt, dem Gipfel des Dorfberges mündet der Trail in die MTB-Route Dorfbergrunde (MTB 133). Der shared-Trail kann in beiden Richtungen befahren werden. In Kombination mit den MTB-Routen Golzentipp (MTB 157) und Dorfbergrunde (MTB 133) bietet der Bergwiesentrail ein attraktives Fahrerlebnis zwischen Obertilliach und Kartitsch.","difficulty":"mittelschwierig","down_m":210,"kind":"trail","length_m":4196,"level":"medium","name":"Bergwiesentrail","sections":[{"closed":false,"variant":false}],"source":"tirol","status":"open","up_m":90,"updated":"2026-05-19"},"type":"Feature"},{"geometry":{"coordinates":[[[12.424755,47.513572],[12.42473,47.513743],[12.424462,47.513771],[12.424652,47.513855],[12.424665,47.513914],[12.424471,47.51394],[12.424192,47.513905],[12.424188,47.513988],[12.424371,47.514083],[12.424332,47.514118],[12.424181,47.514099],[12.424156,47.514136],[12.424347,47.514163],[12.424338,47.514196],[12.423917,47.514204],[12.423747,47.514152],[12.423953,47.514303],[12.424214,47.514363],[12.423616,47.514437],[12.423682,47.514576],[12.423807,47.514665],[12.423657,47.51474],[12.423584,47.514726],[12.423626,47.514694],[12.423691,47.514756],[12.42387,47.514801],[12.42387,47.514855],[12.423667,47.514839],[12.423605,47.514952],[12.423406,47.514923],[12.423327,47.514995],[12.423082,47.514904],[12.423174,47.515009],[12.423055,47.515031],[12.423062,47.515075],[12.423227,47.51513],[12.423477,47.515301],[12.423267,47.515278],[12.423243,47.515403],[12.423152,47.51533],[12.423017,47.515346],[12.422838,47.515269],[12.422697,47.515295],[12.422402,47.515169],[12.422307,47.515169],[12.422376,47.515291],[12.422543,47.515404],[12.422661,47.515679],[12.422927,47.516034]]],"type":"MultiLineString"},"id":"tirol:2000","properties":{"description":"Leichter, flowiger Trail mit Schwierigkeitsgrad S1. Der Trail führt über die ehemalige Sommerrodelbahn hinunter zu den Hochfeldliften. Eine flowige Kurve bzw. Welle folgt der anderen. Am Ende der Strecke befindet sich eine Skill Area, wo auf mehreren Übungstrails mit verschiedenen Hindernissen das Fahrkönnen perfektioniert werden kann.","difficulty":"leicht","down_m":100,"kind":"trail","length_m":746,"level":"easy","name":"Harschbichl Trail Blau","sections":[{"closed":false,"variant":false}],"source":"tirol","status":"open","up_m":0,"updated":"2026-05-19"},"type":"Feature"},{"geometry":{"coordinates":[[[12.425582,47.495322],[12.425623,47.494931],[12.425593,47.49483],[12.425456,47.494749],[12.425348,47.495006],[12.425125,47.495214],[12.425036,47.495442],[12.424849,47.495596],[12.424598,47.49563],[12.424157,47.495387],[12.424033,47.495409],[12.424012,47.495516],[12.42411,47.495756],[12.424073,47.495919],[12.424179,47.496079],[12.424044,47.496055],[12.423797,47.496093],[12.423753,47.496134],[12.424005,47.496249],[12.424379,47.496666],[12.424821,47.496983],[12.425249,47.497823],[12.42534,47.498114],[12.425455,47.498221],[12.425288,47.498239],[12.425283,47.498327],[12.425429,47.49846],[12.425454,47.498599],[12.425289,47.498663],[12.425076,47.49863],[12.425021,47.498678],[12.425108,47.49877],[12.424934,47.498804],[12.425219,47.499105],[12.425099,47.499151],[12.424738,47.499039],[12.424838,47.499239],[12.424856,47.499592],[12.424548,47.499514],[12.424477,47.499632],[12.424632,47.499788],[12.424594,47.499808],[12.424448,47.499744],[12.424423,47.499784],[12.424569,47.49997],[12.424723,47.500402],[12.425148,47.501023],[12.425317,47.501136],[12.425773,47.501207],[12.42601,47.501344],[12.426075,47.501614],[12.426058,47.501677],[12.425913,47.501701],[12.425972,47.501818],[12.426015,47.501875],[12.426304,47.50199],[12.426524,47.502248],[12.426782,47.502433],[12.426814,47.50261],[12.427719,47.503068],[12.427798,47.503158],[12.427947,47.503227],[12.428074,47.503192],[12.428088,47.503261],[12.428382,47.503397],[12.428326,47.50344],[12.428153,47.50345],[12.427786,47.50337],[12.427415,47.503459],[12.427141,47.503415],[12.426845,47.50346],[12.426994,47.503646],[12.426748,47.503699],[12.426487,47.503888],[12.426323,47.503906],[12.426302,47.50398],[12.426532,47.504036],[12.42656,47.504082],[12.425986,47.504327],[12.426216,47.504479],[12.426384,47.504525],[12.425893,47.504683],[12.425777,47.504846],[12.425955,47.505],[12.425914,47.505104],[12.426103,47.505192],[12.426061,47.505358],[12.426257,47.505428],[12.426184,47.505559],[12.426364,47.505601],[12.426243,47.505771],[12.426357,47.50584],[12.426359,47.50591],[12.42618,47.506018],[12.426471,47.506092],[12.426481,47.506129],[12.42629,47.506236],[12.426452,47.506277],[12.426476,47.506322],[12.426176,47.506554],[12.426433,47.50659],[12.426505,47.506647],[12.426273,47.506767],[12.426281,47.506805],[12.426731,47.506848],[12.426649,47.506932],[12.426733,47.506986],[12.426653,47.507015],[12.426241,47.507013],[12.426376,47.50711],[12.426575,47.507117],[12.426431,47.507202],[12.426834,47.507367],[12.426806,47.50748],[12.426898,47.507523],[12.426798,47.507698],[12.426545,47.507643],[12.426348,47.507718],[12.426495,47.508218],[12.426922,47.508475],[12.426781,47.508568],[12.426789,47.508608],[12.426965,47.508629],[12.426813,47.508797],[12.427061,47.50896],[12.427162,47.509131],[12.427282,47.509193],[12.42748,47.509932],[12.427456,47.50999],[12.427154,47.510122],[12.427257,47.510424],[12.427159,47.510538],[12.426912,47.51068],[12.426811,47.511055],[12.426476,47.511371],[12.426184,47.511483],[12.42627,47.511573],[12.426601,47.511647],[12.426271,47.51193],[12.426175,47.512154],[12.425954,47.512401],[12.425923,47.512549],[12.426002,47.512903],[12.425017,47.513174],[12.424824,47.513318],[12.424699,47.513352],[12.424711,47.513411],[12.42485,47.513412],[12.424756,47.513536]]],"type":"MultiLineString"},"id":"tirol:2001","properties":{"description":"Mittlerer, flowiger Trail mit Schwierigkeitsgrad S2. Der Trail startet bei der Mittelstation der Harschbichlbahn und mündet im Bereich der Bergstation Hochfeldlift 1 in den Harschbichl Trail-Blau ein. Bei dieser flowigen Strecke wechseln sich vielfältige Kurvenformen (langgezogene Kurven, Steilkurven, etc.) mit Holzeinbauten (Brücken, Stege, etc.) ab.","difficulty":"mittelschwierig","down_m":440,"kind":"trail","length_m":3348,"level":"medium","name":"Harschbichl Trail Rot","sections":[{"closed":false,"variant":false}],"source":"tirol","status":"open","up_m":0,"updated":"2026-05-19"},"type":"Feature"},{"geometry":{"coordinates":[[[12.359177,47.417807],[12.359234,47.417871],[12.359635,47.417841],[12.35986,47.417912],[12.360017,47.418162],[12.360022,47.41857],[12.359555,47.419068],[12.359218,47.419924],[12.359683,47.4203],[12.360073,47.420849],[12.360294,47.42103],[12.360255,47.421298],[12.359994,47.421516],[12.360702,47.421374],[12.360991,47.421254],[12.361366,47.421255],[12.362696,47.421604],[12.363094,47.421771],[12.363203,47.421872],[12.363748,47.422117],[12.363954,47.422264],[12.364917,47.422512],[12.365576,47.422625],[12.365735,47.422738],[12.366127,47.422894],[12.366419,47.422885],[12.366743,47.422767],[12.366941,47.422755],[12.367269,47.422958],[12.367663,47.423056],[12.36784,47.423155],[12.368568,47.423227],[12.368861,47.423375],[12.369244,47.423242],[12.369484,47.423297],[12.369755,47.423655],[12.369675,47.424132],[12.369516,47.424414],[12.369583,47.424641],[12.369752,47.424727],[12.369863,47.424708],[12.369906,47.424604],[12.370108,47.424615],[12.37015,47.424505],[12.370465,47.424504],[12.370631,47.424241],[12.370623,47.424099],[12.370676,47.424091],[12.37073,47.424157],[12.370799,47.424137],[12.370761,47.423911],[12.370805,47.423651],[12.370708,47.423489],[12.370678,47.422947],[12.370743,47.422933],[12.370818,47.423043],[12.370827,47.422931],[12.37096,47.422791],[12.370803,47.422571],[12.370779,47.422438],[12.370869,47.422441],[12.370934,47.422569],[12.371016,47.422543],[12.370611,47.421944],[12.370631,47.421892],[12.371068,47.422092],[12.37128,47.422362],[12.371847,47.422841],[12.371933,47.422809],[12.371869,47.422661],[12.371596,47.422319],[12.371692,47.422308],[12.37212,47.422541],[12.372307,47.422822],[12.372593,47.423067],[12.372541,47.423342],[12.372719,47.423564],[12.372827,47.423916],[12.373332,47.424127],[12.373375,47.424092],[12.373222,47.423999],[12.373278,47.423969],[12.373865,47.424208],[12.37419,47.424721],[12.374365,47.424855],[12.374462,47.424793],[12.37436,47.424433],[12.374447,47.424297],[12.374417,47.423977],[12.373961,47.423535],[12.373934,47.423437],[12.374051,47.423367],[12.374489,47.423552],[12.374299,47.423319],[12.374733,47.423383],[12.374717,47.423328],[12.374318,47.423099],[12.374415,47.423045],[12.374892,47.42319],[12.374614,47.422981],[12.374599,47.422863],[12.374796,47.422924],[12.375129,47.423117],[12.375246,47.423116],[12.375155,47.422872],[12.37495,47.422648],[12.374985,47.422565],[12.375099,47.422566],[12.375881,47.422972],[12.376355,47.423111],[12.377465,47.423867],[12.377531,47.423849],[12.377528,47.423774],[12.377082,47.42294],[12.37711,47.422834],[12.377222,47.422817],[12.377611,47.423132],[12.377777,47.423333],[12.378187,47.423578],[12.378314,47.424173],[12.378717,47.424515],[12.378784,47.424526],[12.378908,47.42446],[12.379013,47.424473],[12.379232,47.424658],[12.379352,47.424531],[12.379485,47.424653],[12.379615,47.424697],[12.379675,47.424668],[12.379624,47.424538],[12.37991,47.424567],[12.379805,47.424433],[12.379878,47.424392],[12.380007,47.424484],[12.380716,47.424617],[12.381202,47.424787],[12.381677,47.425164],[12.382788,47.426859],[12.383132,47.427099],[12.383142,47.42699],[12.383206,47.426976],[12.383351,47.427096],[12.383949,47.427284],[12.384082,47.427276],[12.384403,47.427469],[12.38482,47.427588],[12.385045,47.427609],[12.385436,47.427757],[12.385643,47.427761],[12.385998,47.428016],[12.38629,47.428375],[12.386353,47.428375],[12.38636,47.428277],[12.38646,47.428307],[12.386666,47.428527],[12.386592,47.428825],[12.386832,47.428734],[12.386897,47.428752],[12.386879,47.428791],[12.386624,47.429031],[12.386416,47.429124],[12.385645,47.429258],[12.384993,47.429494],[12.384606,47.429855],[12.3843,47.429982],[12.3841,47.430381],[12.384078,47.430555],[12.384179,47.430565],[12.384333,47.430477],[12.384276,47.430685],[12.38453,47.430588],[12.384579,47.430617],[12.384506,47.430686],[12.384546,47.430751],[12.384908,47.430664],[12.385082,47.430567],[12.385128,47.430733],[12.385057,47.430882],[12.385353,47.430848],[12.385467,47.430767],[12.385549,47.430861],[12.385629,47.430803],[12.385781,47.431069],[12.385871,47.430981],[12.38591,47.430754],[12.38598,47.430773],[12.385979,47.430881],[12.38606,47.430981],[12.38617,47.430777],[12.386238,47.43078],[12.38631,47.431112],[12.386239,47.431237],[12.385857,47.431463],[12.385686,47.431497],[12.385357,47.431657],[12.385413,47.431692],[12.385675,47.431585],[12.385822,47.431581],[12.385511,47.431787],[12.38548,47.431907],[12.385889,47.43175],[12.386532,47.431586],[12.38664,47.431495],[12.386824,47.431462],[12.387021,47.431343],[12.387055,47.431378],[12.386876,47.431592],[12.38672,47.431626],[12.386456,47.431965],[12.386178,47.432636],[12.385787,47.432762],[12.3856,47.432911],[12.385045,47.433181],[12.385074,47.433243],[12.385184,47.43326],[12.385266,47.433218],[12.385469,47.433228],[12.38521,47.433442],[12.385008,47.433531],[12.384884,47.433536],[12.385009,47.433598],[12.384882,47.433616],[12.38475,47.433575],[12.384792,47.433662],[12.384666,47.433573],[12.38456,47.433588],[12.384344,47.433746],[12.384387,47.433903],[12.384257,47.434029],[12.383794,47.434212],[12.383463,47.434261],[12.383376,47.43434],[12.383252,47.434349],[12.383183,47.434417],[12.383058,47.43442],[12.382912,47.434498],[12.382941,47.434538],[12.383104,47.434506],[12.383176,47.434535],[12.383232,47.434499],[12.383276,47.434527],[12.383221,47.434588],[12.382987,47.434633],[12.383017,47.434691],[12.383443,47.434641],[12.383489,47.434691],[12.383192,47.434859],[12.383021,47.434795],[12.382683,47.434843],[12.382686,47.434891],[12.382852,47.434976],[12.382559,47.43507],[12.38246,47.435165],[12.382446,47.435473],[12.382291,47.435837],[12.382351,47.436001],[12.382517,47.436125],[12.382621,47.436142],[12.382696,47.436235],[12.382899,47.436304],[12.383001,47.436506],[12.383134,47.436558],[12.383146,47.436613],[12.38341,47.436789],[12.383613,47.437067],[12.383798,47.437083],[12.383763,47.437195],[12.384066,47.437175],[12.383856,47.437483],[12.384018,47.43751],[12.383949,47.437637],[12.384138,47.437593],[12.384297,47.437412],[12.384401,47.437418],[12.384189,47.437735],[12.384059,47.437807],[12.384074,47.437862],[12.384398,47.437769],[12.384621,47.437543],[12.38468,47.437538],[12.384458,47.438072],[12.385137,47.437893],[12.385239,47.437911],[12.38525,47.438007],[12.385389,47.438019],[12.385281,47.438271],[12.385348,47.438496],[12.385303,47.438803],[12.385484,47.43959],[12.385594,47.439732],[12.385617,47.439894],[12.385544,47.440063],[12.385769,47.440547],[12.385805,47.441134],[12.385631,47.441217],[12.385291,47.441539],[12.38549,47.441632],[12.385472,47.44169],[12.385548,47.441735],[12.385585,47.441847],[12.385512,47.441928],[12.385752,47.442003],[12.386034,47.442407],[12.386056,47.442517],[12.38646,47.44296],[12.386731,47.443526],[12.386854,47.443612],[12.387963,47.443389],[12.388449,47.443087]],[[12.385873,47.44217],[12.385872,47.442294],[12.385991,47.442381],[12.385993,47.442553],[12.386235,47.442715],[12.386242,47.442837],[12.386398,47.442881]],[[12.370895,47.425245],[12.370766,47.424992],[12.37065,47.424891],[12.370476,47.424493]],[[12.385705,47.430973],[12.385664,47.431135],[12.385043,47.431332],[12.384245,47.4318],[12.383797,47.432196],[12.383414,47.432414],[12.383236,47.432628],[12.383365,47.432646],[12.383583,47.432513],[12.383902,47.43242],[12.384117,47.432422],[12.384633,47.43253],[12.385045,47.432531],[12.385345,47.432411],[12.385689,47.43236],[12.386187,47.432037],[12.386518,47.431897]],[[12.385873,47.44217],[12.385994,47.442205],[12.385975,47.442291],[12.386123,47.442413],[12.386088,47.442495],[12.386188,47.44253],[12.386301,47.442735],[12.386412,47.442795],[12.386398,47.442881]]],"type":"MultiLineString"},"id":"tirol:2004","properties":{"description":"Der Flow-Trail startet bei der Bergstation Fleckalmbahn, führt über den Hahnenkamm (mit seiner berühmten Rennstrecke der „Streif“) ins Tal und ist der längste seiner Art in Tirol. Die Strecke ist familientauglich gehalten, mit einfacheren Schlüsselstellen und verspielten Elementen. Durch eine geschickte Trassenführung kommt der Trail ohne viele künstliche Elemente aus. Naturbelassene Passagen, Wiesenkurven, kleine Wellen und Absprünge sowie natürliche Hindernisse bieten Abwechslung und Action für die ganze Familie. Zum Bremsen regt nur ab und zu der schöne Ausblick nach Kitzbühel an.","difficulty":"leicht","down_m":1000,"kind":"trail","length_m":8104,"level":"easy","name":"Bike Trail Hahnenkamm","sections":[{"closed":true,"variant":false},{"closed":true,"variant":true},{"closed":true,"variant":true},{"closed":true,"variant":true},{"closed":true,"variant":true}],"source":"tirol","status":"closed","up_m":6,"updated":"2026-09-28"},"type":"Feature"},{"geometry":{"coordinates":[[[12.402766,47.496436],[12.402685,47.496553],[12.402511,47.496443],[12.40251,47.496594],[12.40231,47.496508],[12.402308,47.496652],[12.402131,47.496565],[12.402192,47.496814],[12.401903,47.496658],[12.402041,47.496882],[12.401845,47.496818],[12.401872,47.496977],[12.401593,47.496816],[12.40152,47.496815],[12.401578,47.497094],[12.401194,47.496936],[12.401324,47.497231],[12.400873,47.497122],[12.400899,47.497259],[12.40069,47.497191],[12.400511,47.497443],[12.400289,47.497436],[12.400081,47.497643],[12.3999,47.497636],[12.399828,47.497744],[12.399684,47.497708],[12.399485,47.497947],[12.399354,47.497778],[12.399296,47.498051],[12.399228,47.498002],[12.399238,47.497783],[12.399174,47.497769],[12.399086,47.497884],[12.399083,47.498158],[12.39901,47.498146],[12.398972,47.497902],[12.398918,47.497882],[12.398861,47.49803],[12.398895,47.498227],[12.39879,47.49817],[12.398717,47.497952],[12.398675,47.498077],[12.398723,47.498285],[12.39866,47.498273],[12.398504,47.498041],[12.398493,47.498236],[12.398353,47.498098],[12.398304,47.498126],[12.398338,47.498253],[12.398128,47.498097],[12.397553,47.49831]]],"type":"MultiLineString"},"id":"tirol:2010","properties":{"description":"Einfacher Flow Trail, der als Zufahrt zu den Jump Lines dient und keine größeren Steine, Wurzeln oder Bäume aufweist. Wellenbahnen und Anliegerkurven mit kleinen Tables sorgen für kleine Sprünge. Erste Trailerfahrungen können gesammelt, die Kurventechnik gefestigt werden. Der Trail ist besonders für AnfängerInnen jeden Alters geeignet.","difficulty":"leicht","down_m":70,"kind":"trail","length_m":1010,"level":"easy","name":"OD Trails - Green Line","sections":[{"closed":false,"variant":false}],"source":"tirol","status":"open","up_m":0,"updated":"2026-05-19"},"type":"Feature"},{"geometry":{"coordinates":[[[12.403358,47.495908],[12.403214,47.495797],[12.40321,47.495895],[12.403148,47.495906],[12.402938,47.495694],[12.4029,47.495736],[12.40305,47.496014],[12.403014,47.496042],[12.4026,47.49579],[12.402555,47.495827],[12.402642,47.495904],[12.4026,47.495945],[12.402495,47.495892],[12.40205,47.495834],[12.401525,47.495499],[12.401041,47.49511],[12.400968,47.495122],[12.400899,47.49521],[12.400863,47.495069],[12.400669,47.495109],[12.400583,47.495067],[12.400326,47.495183],[12.400236,47.495299],[12.400076,47.495294],[12.400046,47.495432],[12.399991,47.495435],[12.399846,47.495292],[12.399675,47.495362],[12.399642,47.495447],[12.399518,47.495424],[12.39912,47.49549],[12.398576,47.49587],[12.398343,47.495828],[12.398458,47.495931],[12.398312,47.49595],[12.398309,47.49604],[12.397969,47.495884],[12.397355,47.495729],[12.397332,47.495787],[12.397598,47.495926],[12.397752,47.496122],[12.397303,47.496267],[12.397033,47.496564],[12.396882,47.496517],[12.396882,47.496697],[12.396815,47.496696],[12.396626,47.496536],[12.396383,47.496186],[12.396228,47.496179],[12.39625,47.495994],[12.396205,47.495957],[12.396121,47.496066],[12.395945,47.49609],[12.395789,47.496171],[12.395708,47.496163],[12.395665,47.496098],[12.395604,47.496109],[12.395486,47.496311],[12.395524,47.496466]],[[12.402796,47.496097],[12.402737,47.496014],[12.402306,47.495877]]],"type":"MultiLineString"},"id":"tirol:2011","properties":{"description":"Die Blue Line ist für AnfängerInnen mit Trailerfahrung sowie Fortgeschrittene aller Altersgruppen geeignet. Der Trail wartet mit einigen Jumps, die auch überrollt werden können, engeren Kurvenradien, höheren Geschwindigkeiten, leichten Rock Gardens und Wurzelteppichen sowie steileren Passagen auf.","difficulty":"leicht","down_m":90,"kind":"trail","length_m":1100,"level":"easy","name":"OD Trails - Blue Line","sections":[{"closed":false,"variant":false},{"closed":false,"variant":true}],"source":"tirol","status":"open","up_m":0,"updated":"2026-05-19"},"type":"Feature"},{"geometry":{"coordinates":[[[12.403361,47.495923],[12.403237,47.496527],[12.40329,47.496831],[12.403172,47.49698],[12.40313,47.497198],[12.403169,47.497608],[12.403232,47.49772],[12.403113,47.497696],[12.403089,47.497725],[12.403133,47.497908],[12.403246,47.498056],[12.403232,47.498603],[12.403061,47.498568],[12.403014,47.498705],[12.402898,47.498653],[12.402902,47.498791],[12.402768,47.498703],[12.402722,47.49896],[12.40232,47.499088],[12.401445,47.499553],[12.401212,47.499598]],[[12.40322,47.498496],[12.403265,47.49865],[12.402727,47.498957]]],"type":"MultiLineString"},"id":"tirol:2012","properties":{"description":"Die Red Line ist ein schwieriger Cross Country / Enduro Trail für Fortgeschrittene und sehr gute Rider. Die anspruchsvolle Trailführung wartet mit schwarzen, umfahrbaren Abschnitten, größere Sprüngen, technischen Rock Gardens, Drops und engen Kurven auf. Für AnfängerInnen nicht tauglich!","difficulty":"mittelschwierig","down_m":70,"kind":"trail","length_m":550,"level":"medium","name":"OD Trails - Red Line","sections":[{"closed":false,"variant":false},{"closed":false,"variant":true}],"source":"tirol","status":"open","up_m":0,"updated":"2026-05-19"},"type":"Feature"},{"geometry":{"coordinates":[[[12.401113,47.497176],[12.400969,47.497096],[12.400783,47.497101],[12.399634,47.497665],[12.399519,47.49777],[12.399507,47.497882]]],"type":"MultiLineString"},"id":"tirol:2013","properties":{"description":"Drops und Tables in verschiedenen Höhen bilden die Jump Line. Die Schwierigkeit kann auf 3 Linien schrittweise gesteigert werden. Hier kann sich jeder je nach persönlichem Können mit den anderen messen.","difficulty":"mittelschwierig","down_m":20,"kind":"trail","length_m":162,"level":"medium","name":"OD Trails - Jump Line","sections":[{"closed":false,"variant":false}],"source":"tirol","status":"open","up_m":0,"updated":"2026-05-19"},"type":"Feature"},{"geometry":{"coordinates":[[[12.398754,47.498699],[12.398823,47.498647],[12.398708,47.498526],[12.39887,47.498563],[12.398779,47.498458],[12.398975,47.498485],[12.398804,47.498346],[12.399043,47.4984],[12.398952,47.498258],[12.399425,47.4984],[12.39922,47.498105],[12.399518,47.498228],[12.399471,47.498008],[12.399671,47.497994],[12.399608,47.497822],[12.399923,47.497778],[12.400116,47.497659],[12.400172,47.497562],[12.400371,47.497542],[12.400549,47.497452],[12.400705,47.497285],[12.401039,47.497343],[12.401296,47.497327],[12.401325,47.497271],[12.401497,47.49721],[12.401522,47.497123],[12.401666,47.497114],[12.401627,47.496899],[12.401906,47.496999],[12.402302,47.496798],[12.402302,47.496678],[12.402443,47.49672],[12.402452,47.49661],[12.402581,47.496644],[12.402722,47.496588],[12.402774,47.496447],[12.402897,47.496467],[12.402969,47.496199],[12.403276,47.496387],[12.403361,47.495923]],[[12.398804,47.498347],[12.398513,47.498267],[12.39863,47.498429],[12.398368,47.498363],[12.398649,47.498652]],[[12.399028,47.498416],[12.399171,47.498547],[12.399041,47.498577],[12.399062,47.498623],[12.398998,47.498619],[12.398952,47.498729]]],"type":"MultiLineString"},"id":"tirol:2014","properties":{"description":"Dieser schwarze Uphill Trail hat mehrere Varianten und ist eine technisch sehr anspruchsvolle Line für versierte E-BikerInnen. Es gilt Spitzkehren, große Steine, Step Ups, Wellen und Hindernisse aus Holz zu bewältigen.","difficulty":"schwierig","down_m":0,"kind":"trail","length_m":763,"level":"hard","name":"OD Trails - Uphill Trail","sections":[{"closed":false,"variant":false},{"closed":false,"variant":true},{"closed":false,"variant":true}],"source":"tirol","status":"open","up_m":90,"updated":"2026-05-19"},"type":"Feature"},{"geometry":{"coordinates":[[[12.541372,47.456752],[12.541369,47.456885],[12.54127,47.456995],[12.540875,47.457167],[12.540726,47.457292],[12.540695,47.457527],[12.540356,47.458164],[12.540389,47.45826],[12.540831,47.458511],[12.540975,47.45867],[12.541003,47.459155],[12.541135,47.459497],[12.540832,47.459966],[12.540106,47.460487],[12.539589,47.460702],[12.539019,47.461098],[12.538685,47.461213],[12.538028,47.461247],[12.537771,47.461306],[12.537477,47.46149],[12.537163,47.461571],[12.53669,47.461592],[12.536262,47.461775],[12.536091,47.462028],[12.535835,47.462177],[12.535862,47.462265],[12.535795,47.462367],[12.535932,47.462607],[12.535867,47.462793],[12.535934,47.463158],[12.536372,47.463443],[12.536465,47.463559],[12.536446,47.463652],[12.536618,47.463545],[12.536707,47.463565],[12.5366,47.463984],[12.53667,47.464449],[12.536785,47.464686],[12.536743,47.464942],[12.53666,47.465011],[12.536807,47.465055],[12.537028,47.464961],[12.53726,47.464348],[12.53757,47.46433],[12.53781,47.464248],[12.537826,47.464081],[12.53761,47.463864],[12.537755,47.463869],[12.537846,47.463963],[12.537911,47.463963],[12.537825,47.463811],[12.538014,47.463537],[12.537916,47.46322],[12.537971,47.463178],[12.538146,47.463186],[12.538473,47.463295],[12.53897,47.463636],[12.539655,47.463689],[12.539673,47.463586],[12.539565,47.463498],[12.539623,47.463463],[12.540045,47.4637],[12.539898,47.463879],[12.539974,47.463951],[12.540161,47.463894],[12.540097,47.464194],[12.540423,47.464305],[12.540715,47.464476],[12.540899,47.464475],[12.541078,47.464282],[12.541205,47.464349],[12.541216,47.464488],[12.541274,47.464512],[12.541376,47.464449],[12.541347,47.464302],[12.54159,47.464328],[12.54162,47.46447],[12.541166,47.464708],[12.541158,47.46476],[12.541416,47.464738],[12.541576,47.464665],[12.541877,47.464706],[12.542135,47.464606],[12.542226,47.464447],[12.542413,47.46429],[12.542373,47.464121],[12.542435,47.464084],[12.542545,47.464228],[12.542427,47.464674],[12.542457,47.464948],[12.542698,47.464963],[12.542815,47.464875],[12.54282,47.465014],[12.542881,47.465043],[12.54303,47.464888],[12.543116,47.464893],[12.54316,47.465056],[12.543055,47.465107],[12.543201,47.465126],[12.543677,47.464927],[12.543741,47.46477],[12.54387,47.46488],[12.543975,47.464788],[12.544062,47.464911],[12.54409,47.465142],[12.543477,47.465377],[12.543563,47.465428],[12.543731,47.465359],[12.543756,47.465418],[12.543214,47.465707],[12.542748,47.465721],[12.542212,47.465895],[12.542244,47.465961],[12.542593,47.465922],[12.542743,47.465997],[12.543193,47.465934],[12.543196,47.466015],[12.542937,47.466062],[12.542849,47.466133],[12.542325,47.466189],[12.5421,47.466277],[12.542095,47.466349],[12.54222,47.46635],[12.542339,47.466292],[12.54255,47.466308],[12.542561,47.46636],[12.542335,47.466478],[12.542416,47.466563],[12.54269,47.466575],[12.543168,47.466521],[12.543148,47.466569],[12.542888,47.466646],[12.542884,47.466709],[12.543054,47.466662],[12.54332,47.466747],[12.543548,47.466849],[12.54358,47.467],[12.543869,47.46708],[12.544507,47.467008],[12.544855,47.46686],[12.545028,47.466877],[12.545188,47.466826],[12.545318,47.46674],[12.545354,47.466786],[12.545278,47.466862],[12.54536,47.466893],[12.545809,47.466734],[12.546201,47.466673],[12.546962,47.466799],[12.547047,47.466873],[12.546939,47.467004],[12.547034,47.467077],[12.546802,47.467439],[12.546738,47.467646],[12.546931,47.467852],[12.547042,47.468306],[12.547106,47.468345],[12.548447,47.468231],[12.548665,47.468605],[12.548937,47.468844],[12.550119,47.468899],[12.550595,47.468761],[12.550849,47.468612],[12.551044,47.467724],[12.551237,47.467635]],[[12.550426,47.467409],[12.550107,47.467514],[12.549566,47.467884],[12.549506,47.467986],[12.549307,47.468087],[12.548552,47.468212],[12.548508,47.468269]]],"type":"MultiLineString"},"id":"tirol:2017","properties":{"description":"Für jede Menge Genuss und Flow steht die Schweinestberg Line in der Bike Area Streuböden in Fieberbrunn. Ein leichter Trail mit Suchtfaktor - trotzdem nicht auf die Schutzausrüstung verzichten!Mit seinem geringen Gefälle, den leicht zu fahrenden (Steil-) Kurven, den welligen Passagen und einfachen North-Shore-Elementen ist er nicht nur der perfekte Start für Newcomer, sondern zaubert auch allen Genuss-TrailerInnen ein breites Grinsen ins Gesicht. Der Traileinstieg unterhalb des Speichersees Streuböden wird nach einem kurzen Einrollstück von der Mittelstation Streuböden aus erreicht. Die ca. 4 km lange Strecke führt durch einen bewaldeten Bergrücken - den Schweinestberg - zur Talstation Streuböden.","difficulty":"leicht","down_m":380,"kind":"trail","length_m":4178,"level":"easy","name":"Schweinestberg Line","sections":[{"closed":false,"variant":false},{"closed":false,"variant":true}],"source":"tirol","status":"open","up_m":10,"updated":"2026-05-19"},"type":"Feature"},{"geometry":{"coordinates":[[[12.55126,47.466851],[12.551144,47.466858],[12.551137,47.46682],[12.551266,47.466705],[12.551335,47.4665],[12.551092,47.466618],[12.551178,47.466467],[12.550986,47.466497],[12.55109,47.46641],[12.551046,47.466389],[12.550943,47.466437],[12.550933,47.466331],[12.550746,47.466379],[12.550395,47.466582]],[[12.550677,47.46726],[12.550799,47.467146],[12.550851,47.466971],[12.551138,47.466818]]],"type":"MultiLineString"},"id":"tirol:2022","properties":{"description":"Ein kurzer, flowig angelegter Uphill Trail mit leichten Anliegern und Rollern. Ideal für ungeübte Sportbegeisterte.","difficulty":"leicht","down_m":0,"kind":"trail","length_m":195,"level":"easy","name":"Uphill Flow Line","sections":[{"closed":false,"variant":false},{"closed":false,"variant":true}],"source":"tirol","status":"open","up_m":10,"updated":"2026-05-19"},"type":"Feature"},{"geometry":{"coordinates":[[[12.550855,47.466368],[12.550877,47.466412],[12.550806,47.466465],[12.550928,47.466485],[12.550872,47.466536],[12.550932,47.466602],[12.550847,47.466681],[12.551104,47.466682],[12.551214,47.466616],[12.551246,47.466647],[12.550792,47.466965],[12.550675,47.467258]]],"type":"MultiLineString"},"id":"tirol:2023","properties":{"description":"Eine kurze, leichte Line mit kleinen Holzelementen, Rollern, Steinfeldern und Wurzelpassagen. Ideal geeignet, um an der Technik zu feilen.","difficulty":"leicht","down_m":10,"kind":"trail","length_m":167,"level":"easy","name":"Obing Line","sections":[{"closed":false,"variant":false}],"source":"tirol","status":"open","up_m":0,"updated":"2026-05-19"},"type":"Feature"},{"geometry":{"coordinates":[[[12.549167,47.465336],[12.549298,47.465452],[12.549096,47.465587],[12.549103,47.465637],[12.549337,47.46565],[12.549449,47.46559],[12.549516,47.465604],[12.549324,47.465766],[12.549314,47.465862],[12.550565,47.465531],[12.54991,47.466004],[12.54996,47.466029],[12.550734,47.465797],[12.549941,47.466482],[12.549997,47.466509],[12.550372,47.466311],[12.550785,47.466149],[12.550857,47.466161],[12.550209,47.466716],[12.550285,47.466746],[12.550502,47.466588],[12.550776,47.466497],[12.550348,47.466863],[12.550406,47.466895],[12.550728,47.466729],[12.550795,47.466734],[12.550475,47.467005],[12.550514,47.467039],[12.550918,47.466825],[12.550769,47.466997],[12.550675,47.467258]],[[12.550665,47.466536],[12.550834,47.466368]]],"type":"MultiLineString"},"id":"tirol:2024","properties":{"description":"Die sehr leichte Hänsn Line ist ideal, um Trailerfahrung zu sammeln. Kleine Tables, Rollers und flach angelegte Steilkurven lassen erste Flow-Gefühle aufkommen.","difficulty":"leicht","down_m":60,"kind":"trail","length_m":890,"level":"easy","name":"Hänsn Line","sections":[{"closed":false,"variant":false},{"closed":false,"variant":true}],"source":"tirol","status":"open","up_m":0,"updated":"2026-05-19"},"type":"Feature"},{"geometry":{"coordinates":[[[12.336569,47.449706],[12.336576,47.449509],[12.337058,47.449529],[12.337754,47.449792],[12.338763,47.449864],[12.338932,47.44991],[12.339288,47.449883],[12.33984,47.45011],[12.340587,47.450137],[12.340933,47.450256],[12.341112,47.450273],[12.341217,47.450199],[12.340928,47.45009],[12.340554,47.449749],[12.340257,47.449672],[12.339885,47.449443],[12.339202,47.449187]],[[12.337359,47.449665],[12.337226,47.449653],[12.337272,47.449715],[12.3372,47.449747],[12.337252,47.449792],[12.33718,47.449793],[12.337221,47.449869]],[[12.33714,47.44955],[12.337071,47.449858]],[[12.337141,47.449551],[12.336961,47.449573],[12.336645,47.449529],[12.336629,47.449583],[12.337038,47.449727],[12.336676,47.449771]],[[12.339763,47.450087],[12.339822,47.450134],[12.339715,47.450134],[12.339704,47.450181],[12.339982,47.450194],[12.339997,47.450231],[12.339671,47.450189],[12.339697,47.450259],[12.340012,47.450289],[12.34011,47.450182],[12.339873,47.450142],[12.34,47.450128]],[[12.340109,47.449582],[12.340062,47.449606],[12.340215,47.449728],[12.339899,47.449757],[12.340079,47.449852],[12.339948,47.449903],[12.340096,47.449964],[12.339851,47.449961],[12.340013,47.45012]],[[12.338066,47.449818],[12.337868,47.449821],[12.337832,47.449874],[12.338102,47.44997],[12.338091,47.450019],[12.337941,47.45001],[12.337907,47.450062],[12.338168,47.450124],[12.338746,47.450202],[12.339617,47.450147],[12.339735,47.450074]],[[12.339203,47.449189],[12.339127,47.449206],[12.33908,47.449384],[12.339171,47.449482],[12.339326,47.449529],[12.339354,47.44973],[12.339068,47.44985],[12.338874,47.449827],[12.338787,47.449857]]],"type":"MultiLineString"},"id":"tirol:2025","properties":{"description":"Ein MTB-Übungsgelände für Alle - mit Übungstrails von Blau (einfach) bis Schwarz (schwer), einem Pumptrack und einem „Shared Trail“.&nbsp;Alle Trails können zu verschiedenen Trainingsrunden kombiniert werden.&nbsp;Direkt neben dem Ausgangspunkt beim Parkdeck der Fleckalmbahn befindet sich das einfachste Übungsgelände (Blau). Es besteht aus einer Funline mit kleinen Rollern, Jumps, Steilkurven und Holzelementen. Eine weitere Line mit engen Kurven und eine kleine Drop Batterie steigern langsam das Level .&nbsp;Die Jumpline (Rot) bietet sechs kleine bis mittlere Sprünge -&nbsp;BikerInnen können sich hier mit etwas Airtime anfreunden und die Sprungtechnik verbessern, wobei alle Sprünge auch überrollt werden können. Am Ende der Jumpline befindet sich der Pumptrack - ein schweißtreibender, 150 m langer Rundkurs mit Rollern, Doubles und Steilkurven um Fitness und Technik zu verbessern.&nbsp;Über den bergauf führenden Shared Trail sind die technisch anspruchsvolleren Trails (Schwarz) zu finden.&nbsp;Der Techniktraining-Trail trumpft mit kniffligen Spitzkehren, rutschigen Wurzeln und einem Rockgarden auf. Ein Stück oberhalb befindet sich der Einstieg in den XC-Downhill. Enge Kurven, steile Stufen und ein auf Wurzeln basierender Untergrund verlangen Können und Technik.","difficulty":"mittelschwierig","down_m":0,"kind":"trail","length_m":587,"level":"medium","name":"Skill Area Kirchberg","sections":[{"closed":true,"variant":false},{"closed":true,"variant":true},{"closed":true,"variant":true},{"closed":true,"variant":true},{"closed":true,"variant":true},{"closed":true,"variant":true},{"closed":true,"variant":true},{"closed":true,"variant":true}],"source":"tirol","status":"closed","up_m":50,"updated":"2026-05-19"},"type":"Feature"},{"geometry":{"coordinates":[[[12.388449,47.443087],[12.387963,47.443389],[12.386847,47.44362],[12.386718,47.443532],[12.386531,47.443261],[12.386402,47.443225],[12.386387,47.443126],[12.386302,47.443091],[12.386315,47.442986],[12.386199,47.442965],[12.3862,47.442879],[12.38593,47.442642],[12.385956,47.442575],[12.385843,47.442533],[12.385879,47.442465],[12.385757,47.442404],[12.385781,47.442277],[12.385556,47.442227],[12.385575,47.442025],[12.385417,47.442021],[12.385483,47.441873],[12.385333,47.441596],[12.385084,47.441534],[12.384845,47.441667],[12.384717,47.44167],[12.384639,47.441469],[12.384416,47.441564],[12.384365,47.441478],[12.384394,47.441257],[12.384238,47.441273],[12.38423,47.441138],[12.384071,47.44117],[12.384089,47.441016],[12.383937,47.440959],[12.383795,47.44103],[12.383752,47.440938],[12.383612,47.440892],[12.383586,47.440833],[12.383487,47.440922],[12.383456,47.440849],[12.38339,47.440862],[12.383273,47.441003],[12.383274,47.44089],[12.383162,47.440954],[12.38304,47.440845],[12.382989,47.440651],[12.382827,47.440723],[12.382828,47.440601],[12.382698,47.440717],[12.382665,47.44062]]],"type":"MultiLineString"},"id":"tirol:2026","properties":{"description":"Der mittelschwere Mocking Uphilltrail startet in der Skillarea unterhalb des Restaurants Mocking und schlängelt sich über die Mockingwiese am Fuße der weltbekannten Streif hoch zur Bergstation vom Rasmusleiten Lift. Oben angekommen, geht es entweder über den mittelschweren Mocking Trail (MTB 2027) oder den leichten Schattberg Trail (MTB 2029) wieder zurück zum Gasthof Mocking .","difficulty":"mittelschwierig","down_m":950,"kind":"trail","length_m":833,"level":"medium","name":"Mocking Uphill Trail","sections":[{"closed":false,"variant":false}],"source":"tirol","status":"open","up_m":80,"updated":"2026-06-01"},"type":"Feature"},{"geometry":{"coordinates":[[[12.382688,47.440602],[12.382935,47.44039],[12.383,47.440402],[12.38305,47.440508],[12.383467,47.440415],[12.383637,47.440586],[12.38391,47.440699],[12.383948,47.440777],[12.384149,47.440826],[12.384021,47.440988],[12.384189,47.441022],[12.384092,47.441102],[12.38411,47.441145],[12.384259,47.441125],[12.384294,47.441234],[12.38438,47.441186],[12.384442,47.441202],[12.384479,47.441341],[12.384425,47.441539],[12.384663,47.441445],[12.38477,47.441657],[12.385055,47.441516],[12.385277,47.441547]]],"type":"MultiLineString"},"id":"tirol:2027","properties":{"description":"Dieser kurze, familientaugliche Trail startet bei der Bergstation des Rasmusleitenlift und führt über die Mockingwiese in die Skillarea am Fuße der weltberühmten Streif. Naturbelassene Passagen, Wiesenkurven, kleine Wellen und Absprünge sowie natürliche Hindernisse bieten Abwechslung und Action für die ganze Familie.","difficulty":"mittelschwierig","down_m":50,"kind":"trail","length_m":367,"level":"medium","name":"Mocking Downhill Trail","sections":[{"closed":false,"variant":false}],"source":"tirol","status":"open","up_m":0,"updated":"2026-05-19"},"type":"Feature"},{"geometry":{"coordinates":[[[12.540834,47.457213],[12.540855,47.457275],[12.540934,47.457222],[12.540986,47.457242],[12.540936,47.457408],[12.540788,47.457521],[12.54067,47.457732],[12.540759,47.4578],[12.540469,47.458158],[12.540526,47.458284],[12.540756,47.458373],[12.540881,47.458499],[12.541013,47.45853],[12.54104,47.45875],[12.540779,47.459224],[12.540869,47.459359],[12.540848,47.459493],[12.540701,47.459736],[12.540629,47.460018],[12.540188,47.460431],[12.539589,47.460702],[12.538928,47.461182],[12.539495,47.461248],[12.539486,47.461307],[12.539376,47.461356],[12.539469,47.461424],[12.540038,47.461349],[12.540408,47.461253],[12.540775,47.46127],[12.541239,47.461154],[12.541549,47.461026],[12.54176,47.461025],[12.542116,47.461113],[12.542453,47.461286],[12.542058,47.461555],[12.542215,47.461599],[12.542459,47.461559],[12.542471,47.461719],[12.542783,47.461807],[12.543066,47.461718],[12.543014,47.461804],[12.54282,47.461857],[12.542863,47.461912],[12.542957,47.461932],[12.543303,47.461862],[12.543498,47.461894],[12.5435,47.461931],[12.543332,47.46195],[12.543002,47.462075],[12.543023,47.462153],[12.543358,47.462143],[12.543091,47.462234],[12.54309,47.462271],[12.543481,47.462207],[12.543732,47.462251],[12.543878,47.462232],[12.544684,47.462411],[12.544914,47.462409],[12.545095,47.462486],[12.545561,47.462538],[12.545573,47.462578],[12.545443,47.462568],[12.545213,47.462714],[12.545735,47.462844],[12.545926,47.462815],[12.545955,47.462852],[12.545758,47.462889],[12.545748,47.462929],[12.546418,47.462979],[12.546257,47.463128],[12.545984,47.463178],[12.546081,47.463233],[12.546369,47.463249],[12.546376,47.46329],[12.546244,47.463334],[12.546342,47.463378],[12.547484,47.463438],[12.548446,47.463086],[12.54836,47.463288],[12.548247,47.463356],[12.548334,47.463383],[12.54882,47.463277],[12.549071,47.463172],[12.549109,47.463205],[12.54899,47.4634],[12.549114,47.463448],[12.549118,47.463494],[12.5489,47.463559],[12.548903,47.463596],[12.54918,47.463624],[12.549456,47.463561],[12.549479,47.463598],[12.549281,47.463641],[12.549125,47.463751],[12.548943,47.46377],[12.548921,47.463817],[12.549237,47.463806],[12.549459,47.463742],[12.549484,47.463789],[12.549182,47.463883],[12.549118,47.463945],[12.549721,47.463939],[12.549784,47.463971],[12.549197,47.46421],[12.549287,47.464263],[12.549733,47.464256],[12.549675,47.46435],[12.549716,47.464422],[12.549399,47.464456],[12.549234,47.464532],[12.549227,47.464594],[12.549326,47.464624],[12.549356,47.464693],[12.548782,47.464918],[12.548632,47.465029],[12.548706,47.465135],[12.549067,47.465222],[12.549137,47.465303]]],"type":"MultiLineString"},"id":"tirol:2028_0","properties":{"description":"Dieser blaue Flow Trail in der Bike Area Streuböden bietet auf rund zwei Kiolometern Länge mit seinen verschiedenen Features neue Herausforderungen. Der Trail führt durch Wälder und Wiesen und bietet mit seinen Northshores, Wellen, Steilkurven und rollbaren Sprüngen Spaß für alle Könnerstufen. Die Streuböden Line mündet direkt in die ebenfalls blaue Hänsn Line (MTB 2024) und führt somit zur Talstation der Streubödenbahn.","difficulty":"leicht","down_m":280,"kind":"trail","length_m":2520,"level":"easy","name":"Streuböden Line","sections":[{"closed":true,"variant":false}],"source":"tirol","status":"closed","up_m":0,"updated":"2026-05-19"},"type":"Feature"},{"geometry":{"coordinates":[[[12.382671,47.440616],[12.382702,47.440695],[12.38283,47.440512],[12.382925,47.440598],[12.383041,47.44055],[12.383033,47.440701],[12.383088,47.440822],[12.383171,47.440856],[12.38364,47.440628],[12.383693,47.440661],[12.383648,47.440793],[12.383794,47.440783],[12.384086,47.440876],[12.384105,47.440918]]],"type":"MultiLineString"},"id":"tirol:2029","properties":{"description":"Der kurze, knackige Schattberg Trail startet ebenfalls bei der Bergstation des Rasmusleitenlift und mündet in den ebenfalls roten Mocking Downhill Trail (MTB 2027) ein. Der Trail ist familientauglich gehalten, mit einfacheren Schlüsselstellen und verspielten Elementen.","difficulty":"leicht","down_m":20,"kind":"trail","length_m":196,"level":"easy","name":"Schattberg Trail","sections":[{"closed":false,"variant":false}],"source":"tirol","status":"open","up_m":0,"updated":"2026-05-19"},"type":"Feature"},{"geometry":{"coordinates":[[[12.538797,47.461197],[12.538844,47.461298],[12.538637,47.461393],[12.53865,47.461473],[12.539041,47.461642],[12.539592,47.461582],[12.539538,47.461672],[12.539762,47.461666],[12.539651,47.461771],[12.539767,47.461825],[12.539717,47.461935],[12.540088,47.462035],[12.540284,47.462034],[12.540315,47.462105],[12.540253,47.462206],[12.540377,47.462276],[12.540522,47.462293],[12.540376,47.462453],[12.540623,47.46247],[12.540493,47.462599],[12.540457,47.462731],[12.540555,47.462748],[12.540874,47.46265],[12.540649,47.462812],[12.540658,47.462862],[12.540761,47.462881],[12.540929,47.462827],[12.541134,47.462892],[12.54112,47.463002],[12.541332,47.463074],[12.541271,47.463149],[12.541347,47.463187],[12.5414,47.463356],[12.541543,47.463337],[12.541553,47.463445],[12.541722,47.463465],[12.541761,47.463714],[12.541948,47.463692],[12.541988,47.463617],[12.542139,47.46356],[12.542143,47.463445],[12.54229,47.463393],[12.542332,47.463742],[12.542608,47.46407],[12.542556,47.464232]],[[12.541365,47.463245],[12.541557,47.463256],[12.5416,47.463328],[12.541554,47.46339]],[[12.540931,47.462827],[12.541027,47.462888],[12.540929,47.462922],[12.540922,47.462976],[12.541137,47.462946]]],"type":"MultiLineString"},"id":"tirol:2030","properties":{"description":"Der knapp 800 Meter lange Iglmoos Trail in der Bike Area Streuböden ist technisch etwas anspruchsvoller als die Schweinestberg Line und bietet Herausforderungen auf mittelschwierigem Niveau. Er schlängelt sich in unzähligen Kurven über den bewaldeten Bergrücken des Schweinestbergs talwärts und geht nahtlos in die blaue Schweinestberg Line (MTB 2017) über.","difficulty":"mittelschwierig","down_m":150,"kind":"trail","length_m":736,"level":"medium","name":"Iglmoos Trail","sections":[{"closed":false,"variant":false},{"closed":false,"variant":true},{"closed":false,"variant":true}],"source":"tirol","status":"open","up_m":0,"updated":"2026-05-19"},"type":"Feature"},{"geometry":{"coordinates":[[[12.359067,47.418545],[12.359267,47.418528],[12.359534,47.418367],[12.35971,47.418132],[12.359564,47.417964],[12.35934,47.417927],[12.359576,47.417835],[12.359581,47.417792],[12.358976,47.417446],[12.35869,47.41739],[12.358856,47.417228],[12.358622,47.417238],[12.358572,47.417201],[12.35879,47.417097],[12.359099,47.417099],[12.359235,47.417014],[12.359302,47.417051],[12.359244,47.417097],[12.358681,47.416962],[12.358701,47.416858],[12.358601,47.416597],[12.358649,47.416567],[12.358778,47.416634],[12.358873,47.416601],[12.358693,47.416413],[12.358746,47.416218],[12.358685,47.415915],[12.358866,47.415593],[12.358931,47.415097],[12.358897,47.414922],[12.358999,47.414648],[12.358906,47.414449],[12.35878,47.414334],[12.358746,47.414163],[12.358537,47.413989],[12.358484,47.413878],[12.358709,47.413379],[12.358809,47.412714],[12.358962,47.41245],[12.359016,47.412087],[12.35897,47.411731],[12.358703,47.411336],[12.358251,47.411248],[12.358117,47.411325],[12.358024,47.411242],[12.357859,47.411308],[12.35772,47.411128],[12.35816,47.410985],[12.358023,47.410883],[12.358199,47.410885],[12.358104,47.410792],[12.358363,47.41081],[12.358194,47.410618],[12.358063,47.410309],[12.357806,47.410031],[12.357729,47.409763],[12.357726,47.409438],[12.357942,47.409195],[12.358084,47.409134],[12.359242,47.409021],[12.359406,47.4089],[12.359621,47.408835],[12.359998,47.408546],[12.360088,47.408712]]],"type":"MultiLineString"},"id":"tirol:2031","properties":{"description":"Der blaue Sonnenrast Trail ist ein echtes Schmankerl: Auf einer Streckenlänge von 1,7 km und insgesamt 130 zu überwindenden Höhenmetern schlängelt er sich mit eindrucksvollem Panoramablick auf die Kitzbüheler Alpen in Richtung Talstation. Aufgrund seiner moderaten Neigung ist er der ideale Trail für Einsteiger*innen und Familien, bietet jedoch auch für Fortgeschrittene eine gelungene Abwechslung. Der Trail ist gespickt mit spektakulären Elementen wie der 8 m hohen Holzschnecke sowie lässigen Holzstegen im steileren Abschnitt. Sauber gebaute Anliegerkurven und optional befahrbare Roller erweitern das Angebot insbesondere für fortgeschrittene Biker*innen&nbsp;und stellen eine attraktive Ergänzung&nbsp;zum Hahnenkamm Trail (2004) und Fleckalmtrail (MTB 293) dar. Tipp: Direkt bei der Talstation befindet sich die MTB Family Area Streiteck mit einem 100 m langen Förderband und speziell angelegten Kids-Trails. Der Bereich rund um die Sonnenrastbahn ist der ideale Treffpunkt für Bike-Familien und bietet Möglichkeiten zum Üben, Aufwärmen und zur Teilnahme an Kids-Bikecamps. Darüber hinaus lädt die Element3 Bikelounge mit Sonnenterrasse zum Verweilen ein.","difficulty":"leicht","down_m":130,"kind":"trail","length_m":1648,"level":"easy","name":"Sonnenrast Trail","sections":[{"closed":true,"variant":false}],"source":"tirol","status":"closed","up_m":0,"updated":"2026-09-22"},"type":"Feature"},{"geometry":{"coordinates":[[[12.359012,47.414654],[12.359142,47.414605],[12.359001,47.414382],[12.358851,47.414299],[12.3586,47.413868],[12.358692,47.413657],[12.358832,47.413844],[12.358956,47.413718],[12.358961,47.413559],[12.359197,47.412915],[12.359236,47.412319],[12.359388,47.412044],[12.359224,47.411865],[12.359122,47.411576],[12.358704,47.411216],[12.358541,47.411148],[12.35834,47.411143],[12.358067,47.411237]]],"type":"MultiLineString"},"id":"tirol:2032","properties":{"description":"Der Streiteck Trail ist ein jumpiger Flowtrail-Abzweiger, der unterhalb des Sonnenrast Trails am teilweise steilen Bärenkopfhang entlangführt. Optionale Jumps und Features, ein knackiges, kleines Steinplattenfeld und ein schmaler Holzsteg auf einem 130 m kurzen Northshore-Uphill machen richtig Laune, bevor der Trail am Ende wieder in den Sonnenrast Trail mündet.&nbsp;","difficulty":"mittelschwierig","down_m":30,"kind":"trail","length_m":519,"level":"medium","name":"Lower Streiteck Trail","sections":[{"closed":false,"variant":false}],"source":"tirol","status":"open","up_m":0,"updated":"2026-09-29"},"type":"Feature"},{"geometry":{"coordinates":[[[12.358717,47.416004],[12.359103,47.415327],[12.359142,47.414997],[12.359262,47.414728],[12.359245,47.414653],[12.359142,47.414605]]],"type":"MultiLineString"},"id":"tirol:2033","properties":{"description":"Der kurze Upper Streiteck Trail ist eine Variante mit hohem Northshore Anteilen und zweigt vom Sonnenrast Trail (MTB 2031) ab. Kurz vor dem Ende kreuzt der Trail einen Forstweg und führt ca. 10 hm bergauf zum Sammelplatz. Dort besteht die Möglichkeit, auf den Lower Streiteck Trail (MTB 2032) oder wieder auf den Sonnenrast Trail (MTB 2031) zu wechseln.","difficulty":"mittelschwierig","down_m":30,"kind":"trail","length_m":167,"level":"medium","name":"Upper Streiteck Trail","sections":[{"closed":false,"variant":false}],"source":"tirol","status":"open","up_m":0,"updated":"2026-05-19"},"type":"Feature"},{"geometry":{"coordinates":[[[12.358225,47.408019],[12.358242,47.40824],[12.358122,47.408517],[12.358179,47.40853],[12.358254,47.408459],[12.35831,47.408475],[12.358262,47.408699],[12.358397,47.408578],[12.358478,47.408584],[12.35845,47.408894],[12.358504,47.408932],[12.358569,47.408924],[12.358663,47.40878],[12.358799,47.408913],[12.358985,47.40875],[12.359123,47.408862],[12.359197,47.408866],[12.359252,47.408747],[12.359405,47.408779],[12.359583,47.408427],[12.359808,47.408387],[12.359987,47.408418]],[[12.358233,47.40802],[12.358356,47.408107],[12.358378,47.408329],[12.358442,47.408324],[12.358508,47.408206],[12.358591,47.408176],[12.358707,47.408254],[12.35883,47.408228],[12.359047,47.408323],[12.359557,47.408426]],[[12.358498,47.408248],[12.358631,47.408239],[12.3586,47.408357],[12.358647,47.408428],[12.358726,47.408416],[12.358827,47.408287],[12.358902,47.408313],[12.358892,47.408404],[12.359022,47.408349],[12.359125,47.408548],[12.359314,47.408447],[12.359555,47.408429]],[[12.359689,47.408674],[12.35953,47.408703],[12.359582,47.408497],[12.359688,47.40841],[12.359849,47.408424],[12.359858,47.408495],[12.359672,47.408657]],[[12.358752,47.408532],[12.358896,47.408642],[12.359123,47.408711],[12.359317,47.408639],[12.359559,47.408438]],[[12.358227,47.408019],[12.358325,47.40814],[12.358303,47.408341],[12.358374,47.408512],[12.35842,47.408528],[12.358498,47.408444],[12.358574,47.408443],[12.358633,47.408709],[12.358713,47.408682],[12.358797,47.408442],[12.359165,47.408637],[12.359556,47.408438]],[[12.358236,47.408007],[12.359108,47.407709],[12.360111,47.407499],[12.360201,47.40756],[12.360219,47.407664],[12.360102,47.407932],[12.360109,47.408123],[12.359983,47.408381],[12.360029,47.408408],[12.360275,47.40814]]],"type":"MultiLineString"},"id":"tirol:2034","properties":{"description":"An der Talstation der Sonnenrastbahn befindet sich die MTB-Family-Area Streiteck mit einem 100 m langen Förderband und mehreren&nbsp;Übungs- und Kindertails mit einer Gesamtlänge von ca.1,4 km. Somit ist der Bereich der ideale Treffpunkt für MTB-Familien und Einsteiger*innen zum Trainieren, Aufwärmen, Austauschen ,Chillen und Genießen in der element3 Bikelounge mit Sonnenterrasse.Alternativ ist die MTB-Family-Area Streiteck über den blauen Sonnenrast Trail (MTB 2031), einen Forstweg oder zu Fuß über den Wanderweg Richtung Pengelstein von der Bergstation der Fleckalmbahn erreichbar.","difficulty":"leicht","down_m":20,"kind":"trail","length_m":348,"level":"easy","name":"Family Area Streiteck","sections":[{"closed":false,"variant":false},{"closed":false,"variant":true},{"closed":false,"variant":true},{"closed":false,"variant":true},{"closed":false,"variant":true},{"closed":false,"variant":true},{"closed":false,"variant":true}],"source":"tirol","status":"open","up_m":0,"updated":"2026-08-08"},"type":"Feature"},{"geometry":{"coordinates":[[[12.750038,46.831023],[12.751007,46.830973],[12.751321,46.83074],[12.751471,46.830685],[12.751679,46.830489],[12.751743,46.830524],[12.751523,46.830847],[12.751269,46.83098],[12.751285,46.831015],[12.751455,46.830994],[12.75157,46.830918],[12.751869,46.830932],[12.752044,46.830857],[12.752022,46.830955],[12.75237,46.830925],[12.752826,46.831097],[12.753068,46.830966],[12.753282,46.831043],[12.753384,46.831007],[12.753561,46.831083]]],"type":"MultiLineString"},"id":"tirol:253","properties":{"difficulty":"leicht","down_m":40,"kind":"trail","length_m":431,"level":"easy","name":"Benjamin Karl Trail","sections":[{"closed":false,"variant":false}],"source":"tirol","status":"open","up_m":0,"updated":"2026-05-19"},"type":"Feature"},{"geometry":{"coordinates":[[[12.287795,47.41222],[12.287634,47.412054],[12.287615,47.41179],[12.287416,47.411506],[12.287254,47.411053],[12.287291,47.410852],[12.287205,47.410363],[12.287443,47.409469],[12.287853,47.40912],[12.287962,47.409162],[12.288111,47.409361],[12.288452,47.409367],[12.289429,47.408754],[12.289968,47.408767],[12.290347,47.408719],[12.290798,47.40882],[12.290856,47.408939],[12.290573,47.409084],[12.290547,47.409187],[12.290921,47.409252],[12.291225,47.409362],[12.29138,47.409611],[12.292082,47.410058],[12.292591,47.410576],[12.293456,47.411269],[12.293551,47.411299],[12.294365,47.411354],[12.294589,47.411311],[12.294734,47.411129],[12.294825,47.410591],[12.294896,47.41056],[12.295083,47.41058],[12.295522,47.410709],[12.296427,47.411202],[12.297065,47.411219],[12.297427,47.411423],[12.297656,47.411624],[12.298428,47.411672],[12.298477,47.411739],[12.298267,47.411871],[12.298135,47.412082],[12.298132,47.412211],[12.298395,47.412612],[12.298594,47.412519],[12.298543,47.412406],[12.298628,47.412153],[12.299292,47.412021],[12.299438,47.411873],[12.299772,47.411756],[12.299799,47.411677],[12.299957,47.411673],[12.300033,47.411705],[12.300061,47.411794],[12.300035,47.411948],[12.299908,47.412026],[12.299952,47.412351],[12.300109,47.412555],[12.300178,47.412481],[12.300283,47.412495],[12.300421,47.412866],[12.300666,47.413051],[12.30074,47.413005],[12.30064,47.412882],[12.300647,47.412784],[12.300837,47.412501],[12.300787,47.41226],[12.300876,47.41217],[12.301374,47.411956],[12.301297,47.41178],[12.301383,47.411513],[12.30137,47.411315],[12.301469,47.41125],[12.301884,47.411177],[12.301985,47.411056],[12.301965,47.410936],[12.301754,47.410758],[12.30187,47.41056],[12.301808,47.410292],[12.301926,47.410311],[12.302112,47.410574],[12.302484,47.410814],[12.303027,47.411271],[12.30333,47.41133],[12.303364,47.411067],[12.303463,47.411032],[12.303801,47.411199],[12.304027,47.411248],[12.304928,47.410494],[12.305584,47.410332],[12.30593,47.410197],[12.306431,47.410157],[12.306588,47.410072],[12.306635,47.409676],[12.306899,47.409408],[12.306594,47.409487],[12.306214,47.409687],[12.306134,47.409662],[12.306514,47.408984],[12.306773,47.408756],[12.306943,47.408723],[12.307315,47.408853],[12.307664,47.408913],[12.307882,47.408873]]],"type":"MultiLineString"},"id":"tirol:277","properties":{"description":"Der Startpunkt des Trails ist entweder über die MTB-Route Wiegalm (MTB 210, Brixen i.Th.) oder über MTB-Route Kobingerhütte (MTB 257, Kirchberg) zu erreichen. Eigentlich viel mehr als \\\"nur\\\" ein Trail, ist er das i-Tüpfelchen zweier traumhaft schöner Touren, die sowohl landschaftlich als auch kulinarisch alles bieten, was man zu einem perfekten Biketag braucht. Der Wiegalmtrail ist ein naturbelassener Trail, der mit Stein- und Wurzelpassagen flowig und moderat ins Tal führt. Er führt über einen schmalen Wanderweg, der teilweise als Shared Trail ausgewiesen ist - bitte um erhöhte Aufmerksamkeit.","difficulty":"mittelschwierig","down_m":460,"kind":"trail","length_m":3217,"level":"medium","name":"Wiegalmtrail","sections":[{"closed":false,"variant":false}],"source":"tirol","status":"open","up_m":0,"updated":"2026-08-08"},"type":"Feature"},{"geometry":{"coordinates":[[[12.300113,47.433524],[12.300198,47.433512],[12.30024,47.433331],[12.300392,47.433305],[12.300444,47.433124],[12.300533,47.433112],[12.300514,47.432985],[12.300584,47.432962],[12.300542,47.432876],[12.300671,47.43283],[12.300737,47.432674],[12.300706,47.432395],[12.300867,47.432224],[12.300708,47.432008],[12.300753,47.431693],[12.300892,47.431707],[12.301073,47.431477],[12.301432,47.431648],[12.301334,47.431417],[12.301505,47.431415],[12.301334,47.43128],[12.301352,47.431221],[12.301594,47.431249],[12.301646,47.431176],[12.302071,47.431136],[12.301912,47.431041],[12.302117,47.430959],[12.302023,47.430919],[12.301983,47.430472],[12.302026,47.430403],[12.302368,47.43042],[12.302475,47.430528],[12.302519,47.430397],[12.302691,47.430488],[12.302764,47.430367],[12.303431,47.430338],[12.30354,47.430478],[12.303696,47.430553],[12.303758,47.430495],[12.304093,47.430503],[12.304235,47.430684],[12.304352,47.430517],[12.304428,47.430506],[12.304607,47.430636],[12.304729,47.430513],[12.304854,47.43057],[12.305017,47.430795],[12.305276,47.430925],[12.305325,47.430803],[12.305266,47.430593],[12.305578,47.430504],[12.305805,47.430499],[12.305987,47.430547],[12.306139,47.430676],[12.306189,47.430677],[12.306173,47.430489],[12.306304,47.430571],[12.306409,47.430528],[12.306661,47.430606],[12.306849,47.430762],[12.30696,47.430717],[12.307011,47.430584],[12.307403,47.430471],[12.30767,47.430742],[12.307781,47.430629],[12.307931,47.430683],[12.308014,47.430669],[12.308195,47.430387],[12.308294,47.430321],[12.308477,47.430374],[12.308648,47.430347],[12.308792,47.430407],[12.309,47.430343],[12.309186,47.430428],[12.309422,47.430354],[12.309586,47.43036],[12.309767,47.430467],[12.309902,47.430347],[12.310155,47.430533],[12.310643,47.430256],[12.310721,47.430278],[12.310748,47.430389],[12.310833,47.430432],[12.311041,47.430229],[12.311212,47.430211],[12.311707,47.430466],[12.311858,47.430277],[12.311943,47.430246],[12.312337,47.430401],[12.312525,47.430331],[12.31279,47.430362],[12.313255,47.430187],[12.313456,47.430271],[12.31356,47.430454],[12.313648,47.430466],[12.313765,47.430456],[12.31406,47.430302],[12.314339,47.430318],[12.314656,47.430427],[12.314806,47.430373],[12.314975,47.430421],[12.315198,47.430382],[12.315305,47.430414]]],"type":"MultiLineString"},"id":"tirol:291","properties":{"description":"Auf einer Länge von ca. 2 km gilt es, einen Höhenunterschied von 403 Metern zu überwinden. Die Streckenführung folgt intuitiv den natürlichen Gegebenheiten. Im Schwierigkeitsgrad S1 bis S2 (leicht bis mittel) ist der neue Trail nicht nur ein Highlight für wahre Downhill-Cracks, sondern auch für Singletrail-Einsteiger gut machbar. Komfortabel: Gestartet wird direkt am Ausstieg des Gaisbergliftes. Mittels einer speziellen Vorrichtung werden die Bikes samt Biker auf den Berg transportiert.","difficulty":"mittelschwierig","down_m":410,"kind":"trail","length_m":1924,"level":"medium","name":"Lisi Osl Trail","sections":[{"closed":false,"variant":false}],"source":"tirol","status":"open","up_m":0,"updated":"2026-05-19"},"type":"Feature"},{"geometry":{"coordinates":[[[12.300221,47.433993],[12.300337,47.434904],[12.300091,47.435416],[12.299944,47.435573],[12.300119,47.435589],[12.300362,47.435517],[12.300494,47.435423],[12.300411,47.435672],[12.300148,47.435911],[12.300113,47.43604],[12.300264,47.436104],[12.300356,47.436104],[12.300403,47.436035],[12.300673,47.435954],[12.300949,47.435791],[12.301318,47.435702],[12.301574,47.435689],[12.301409,47.435855],[12.301765,47.435894],[12.302318,47.435834],[12.3028,47.435694],[12.303387,47.435703],[12.303734,47.43594],[12.304063,47.435957],[12.304292,47.436043],[12.303944,47.436146],[12.303925,47.436183],[12.304108,47.436253],[12.304311,47.436253],[12.304794,47.436143],[12.305264,47.43616],[12.305545,47.436246],[12.305824,47.436268],[12.305971,47.436371],[12.306164,47.436372],[12.306266,47.436486],[12.306436,47.436544],[12.306863,47.436534],[12.307135,47.436707],[12.307677,47.436759],[12.308439,47.436696],[12.309092,47.436328],[12.309285,47.436183],[12.30937,47.435755],[12.309542,47.435668],[12.309743,47.435687],[12.309796,47.435892],[12.309746,47.435967],[12.309808,47.436059],[12.309767,47.436143],[12.309824,47.436147],[12.309935,47.436027],[12.309919,47.436227],[12.309994,47.436214],[12.310268,47.435948],[12.310317,47.435966],[12.310346,47.436211],[12.310721,47.435971],[12.310798,47.436088],[12.31082,47.436422],[12.310899,47.436406],[12.311027,47.436244],[12.311271,47.43608],[12.311458,47.435759],[12.31152,47.435946],[12.31168,47.435859],[12.311739,47.435942],[12.311885,47.435989],[12.311925,47.436076],[12.312018,47.436089],[12.312127,47.436271],[12.312543,47.435983],[12.312761,47.435924],[12.31354,47.436049],[12.313576,47.436258],[12.313676,47.436246],[12.313876,47.436083],[12.314,47.436077],[12.314102,47.436209],[12.314438,47.436346],[12.31447,47.436812],[12.314818,47.436974],[12.315054,47.437254],[12.315365,47.437495],[12.315941,47.437707],[12.317508,47.437855]]],"type":"MultiLineString"},"id":"tirol:292","properties":{"description":"Der „Gaisberg Trail“ ist hingegen zum Lisi Osl Trail, der sich auch am Gaisberg befindet, anspruchsvoller. Der 2,3 km lange Trail schlängelt sich der Liftterrasse entlang. Danach quert man den Steilhang wo man dann bis zum Schluss den Pistenrand entlang fährt. Der fahrtechnisch anspruchsvolle Trail hat für Downhillfahrer einige Jumps und Drops eingebaut. Für die Rookis gibt es chickenways als Ausweichmöglichkeit.","difficulty":"schwierig","down_m":430,"kind":"trail","length_m":2260,"level":"hard","name":"Gaisberg Trail","sections":[{"closed":false,"variant":false}],"source":"tirol","status":"open","up_m":0,"updated":"2026-05-19"},"type":"Feature"},{"geometry":{"coordinates":[[[12.358173,47.417667],[12.358418,47.417521],[12.358424,47.417432],[12.357827,47.417444],[12.356851,47.416792],[12.356657,47.41679],[12.356206,47.416939],[12.355812,47.416927],[12.3554,47.41702],[12.35537,47.416959],[12.355555,47.416806],[12.35544,47.416774],[12.355085,47.416957],[12.354993,47.416964],[12.354948,47.416904],[12.354859,47.416898],[12.354506,47.417055],[12.354329,47.417084],[12.35424,47.417047],[12.354016,47.417227],[12.353872,47.417137],[12.353798,47.417146],[12.353564,47.417276],[12.353663,47.417375],[12.353484,47.417305],[12.353415,47.417464],[12.353215,47.417341],[12.352658,47.417453],[12.352566,47.417517],[12.352712,47.417657],[12.352689,47.417688],[12.352514,47.417547],[12.35245,47.417568],[12.352551,47.417702],[12.352396,47.417628],[12.352342,47.417239],[12.35223,47.417207],[12.351328,47.417827],[12.350919,47.417888],[12.350723,47.418031],[12.350504,47.417987],[12.350226,47.418142],[12.350111,47.41827],[12.349961,47.418256],[12.349719,47.418341],[12.349668,47.418403],[12.349688,47.418564],[12.349602,47.418672],[12.349226,47.419015],[12.348965,47.419137],[12.348443,47.419215],[12.347822,47.419376],[12.347713,47.419368],[12.347518,47.419302],[12.34736,47.419187],[12.347381,47.418881],[12.346856,47.418627],[12.346766,47.41865],[12.346648,47.418832],[12.346474,47.418956],[12.346195,47.418802],[12.346147,47.418949],[12.346,47.418994],[12.346015,47.419213],[12.346495,47.419682],[12.347948,47.420197],[12.348526,47.42025],[12.349207,47.420211],[12.349501,47.420147],[12.349191,47.420354],[12.348974,47.420361],[12.348819,47.420574],[12.348512,47.420704],[12.348187,47.420735],[12.347097,47.42064],[12.346511,47.420766],[12.346427,47.420804],[12.346399,47.420903],[12.346478,47.421009],[12.346657,47.421098],[12.346947,47.421189],[12.347285,47.4212],[12.348193,47.421573],[12.348174,47.421627],[12.347705,47.421641],[12.347631,47.421684],[12.348093,47.421868],[12.348259,47.421997],[12.349661,47.422214],[12.350101,47.422114],[12.350212,47.42236],[12.350428,47.422426],[12.3504,47.422527],[12.350639,47.422703],[12.350585,47.4229],[12.350651,47.423065],[12.3506,47.423195],[12.350687,47.423375],[12.350604,47.423378],[12.350489,47.423285],[12.350434,47.423305],[12.350488,47.423745],[12.351064,47.423869],[12.351436,47.424013],[12.351133,47.424207],[12.351099,47.424327],[12.350875,47.424421],[12.350754,47.424569],[12.350688,47.425217],[12.350802,47.425379],[12.350595,47.425561],[12.350591,47.425633],[12.350777,47.425901],[12.350676,47.426203],[12.350472,47.4263],[12.350178,47.426591],[12.350006,47.427035],[12.349783,47.427158],[12.349396,47.427552],[12.349275,47.427852],[12.348782,47.428432],[12.348346,47.429272],[12.348123,47.429848],[12.347896,47.430162],[12.347823,47.430445],[12.347835,47.430674],[12.34794,47.430775],[12.34796,47.431458],[12.348122,47.432167],[12.34824,47.43229],[12.348508,47.432333],[12.348534,47.432474],[12.348628,47.432552],[12.348902,47.432569],[12.348852,47.432727],[12.348748,47.432788],[12.348541,47.432863],[12.348272,47.432865],[12.348264,47.432909],[12.348518,47.433047],[12.349085,47.433228],[12.349001,47.433427],[12.348881,47.433504],[12.348776,47.433713],[12.348567,47.433918],[12.348972,47.433966],[12.349234,47.433847],[12.34932,47.433855],[12.348946,47.434418],[12.348601,47.434695],[12.348859,47.434675],[12.350201,47.434307],[12.350276,47.434347],[12.350131,47.434568],[12.349715,47.434889],[12.348734,47.435455],[12.348178,47.435651],[12.346863,47.436315],[12.346468,47.436452],[12.345298,47.436708],[12.345135,47.436962],[12.34483,47.437116],[12.344803,47.437175],[12.344871,47.437227],[12.345404,47.437272],[12.34549,47.43745],[12.344778,47.43769],[12.344615,47.437701],[12.344787,47.43779],[12.344912,47.437796],[12.344627,47.43789],[12.344634,47.437925],[12.344761,47.437943],[12.344755,47.437983],[12.344402,47.438085],[12.344152,47.43809],[12.344222,47.438204],[12.344699,47.43829],[12.344421,47.438395],[12.344618,47.438442],[12.34465,47.438499],[12.344275,47.438643],[12.3441,47.438652],[12.344082,47.438695],[12.344798,47.438991],[12.345259,47.439088],[12.34485,47.439321],[12.344919,47.439401],[12.344815,47.439438],[12.34475,47.439713],[12.34477,47.439841],[12.345287,47.440159],[12.345229,47.440316],[12.345061,47.440488],[12.345112,47.440627],[12.345011,47.440941],[12.344843,47.441093],[12.345113,47.44114],[12.345031,47.441311],[12.34535,47.441274],[12.345301,47.441464],[12.345426,47.441446],[12.345509,47.441516],[12.345447,47.44175],[12.345462,47.442235],[12.345261,47.442625],[12.345132,47.442724],[12.345186,47.442883],[12.344998,47.443046],[12.345015,47.443297],[12.345189,47.443396],[12.345175,47.443619],[12.345363,47.443637],[12.345385,47.443765],[12.3453,47.443869],[12.345062,47.443985],[12.344503,47.444162],[12.344204,47.444406],[12.343757,47.444645],[12.34364,47.445296],[12.343446,47.445494],[12.343288,47.44557],[12.342873,47.445657],[12.342531,47.445591],[12.342383,47.445619],[12.34212,47.445787],[12.341996,47.446207],[12.342079,47.446393],[12.34198,47.446446],[12.341887,47.4466],[12.341985,47.446659],[12.341955,47.446728],[12.341614,47.447028],[12.341404,47.44709],[12.341468,47.447304],[12.341417,47.447431],[12.341507,47.448131],[12.341267,47.448488],[12.341067,47.448536],[12.340855,47.448516],[12.340594,47.448774],[12.340407,47.44878],[12.340341,47.448864],[12.340201,47.448878],[12.340147,47.448958],[12.340066,47.448939],[12.339973,47.448997],[12.339755,47.448963],[12.339501,47.449072],[12.339297,47.449071],[12.339159,47.449171],[12.338754,47.449136],[12.338738,47.449272],[12.338653,47.449345],[12.338735,47.449415],[12.338442,47.449537],[12.33853,47.44971],[12.338665,47.449756],[12.338602,47.449818],[12.33802,47.449809],[12.33721,47.449442],[12.33668,47.449387],[12.336574,47.449404],[12.336524,47.449465],[12.336539,47.449685],[12.336337,47.449713],[12.336175,47.449962]]],"type":"MultiLineString"},"id":"tirol:293","properties":{"description":"Wanderwegähnlicher Singletrail von der Bergstation der Fleckalmbahn über die Forststraße und durch Waldgebiet bis zur Bergstation der Maierlbahn (im Sommer nicht in Betrieb), weiter über die Ochsalm Hochalm bis zur Einmündung in den bestehenden Wanderweg Richtung Niedere Fleckalm. Kurz davor zweigt die Strecke vom Wanderweg ab und führt unterhalb des Berggasthofes Fleckalm auf die Forststraße, am Waldrand entlang, über Almgebiet und anschließend durch den Wald bis zur Talstation der Fleckalmbahn.","difficulty":"schwierig","down_m":990,"kind":"trail","length_m":7365,"level":"hard","name":"Fleckalm Trail","sections":[{"closed":false,"variant":false}],"source":"tirol","status":"open","up_m":20,"updated":"2026-08-21"},"type":"Feature"},{"geometry":{"coordinates":[[[12.267952,47.46989],[12.268406,47.469923],[12.26843,47.46973],[12.268578,47.469601],[12.268883,47.469655],[12.269073,47.469572],[12.26929,47.469585],[12.269672,47.469367],[12.269703,47.469302],[12.269828,47.469282],[12.269732,47.469193],[12.269801,47.469131],[12.26979,47.469049],[12.269892,47.468993],[12.269836,47.468935],[12.269906,47.468825],[12.269852,47.468643],[12.270068,47.468608],[12.269901,47.46846],[12.270072,47.468222],[12.270199,47.468195],[12.270285,47.468108],[12.270239,47.468003],[12.270339,47.467981],[12.270111,47.467757],[12.270322,47.46754],[12.270214,47.467486],[12.270201,47.467371],[12.27037,47.467074],[12.270499,47.466997],[12.270338,47.466862],[12.270447,47.466734],[12.270527,47.466335],[12.270606,47.466286],[12.271094,47.46626],[12.271257,47.466383],[12.271296,47.466481],[12.271496,47.466603],[12.271667,47.466405],[12.271771,47.466566],[12.271844,47.466584],[12.272107,47.466303],[12.27219,47.466329],[12.27233,47.466539],[12.272608,47.466414],[12.272693,47.466594],[12.273033,47.466757],[12.273231,47.466988],[12.27334,47.466931],[12.273417,47.466796],[12.27342,47.466475],[12.273475,47.466461],[12.273581,47.466533],[12.273739,47.466837],[12.273867,47.466937],[12.273963,47.466938],[12.274009,47.467097],[12.27421,47.467195],[12.274277,47.46734],[12.274493,47.467413],[12.274597,47.467529],[12.274882,47.467625],[12.275207,47.467825],[12.275337,47.467801],[12.275384,47.467662],[12.275284,47.467055],[12.275384,47.466529],[12.275319,47.466296],[12.275181,47.466181],[12.275164,47.466067],[12.275268,47.46566],[12.274969,47.465365],[12.274951,47.465252],[12.275128,47.464875],[12.275068,47.464745],[12.275167,47.464477],[12.275246,47.464437],[12.275228,47.464297],[12.275333,47.464237],[12.275276,47.464196],[12.275335,47.464024],[12.275516,47.463886],[12.275495,47.46384],[12.275656,47.46372],[12.276014,47.463245],[12.276018,47.462867],[12.275931,47.462709],[12.276133,47.462481],[12.276088,47.462384],[12.276235,47.462206],[12.276094,47.462013],[12.276177,47.461888],[12.276117,47.461814],[12.276231,47.46174],[12.276154,47.461665],[12.27623,47.461622],[12.276013,47.461502],[12.276115,47.461401],[12.276122,47.461318],[12.276035,47.46126],[12.27611,47.461184],[12.276034,47.461125],[12.276162,47.461011],[12.276105,47.460976],[12.276153,47.460716],[12.276109,47.460581],[12.276211,47.460245],[12.276194,47.459897],[12.276115,47.459815],[12.276155,47.459688],[12.276068,47.459565],[12.27618,47.459461],[12.276139,47.45935],[12.276263,47.459155],[12.2762,47.459095],[12.276289,47.458995],[12.276276,47.458751]]],"type":"MultiLineString"},"id":"tirol:296","properties":{"description":"Leichter, flowiger Trail der im oberen Teil durch Waldgebiet führt, wobei er einmal einen Wanderweg und dreimal eine Forsttraße keuzt bevor er in ein Almgebiet führt. Am Ende des Almengebietes mündet der Trail auf einem Nutzweg, der entlang des Ragginggraben hinausführt. ACHTUNG! Langsam fahren, da mit Gegenverkehr durch Nutzfahrzeuge gerechnet werden muss! Nach ca. 200 Meter beginnt der Trail erneut und führt zwischen dem Bach und einem Nutz- bzw. Forstweg ins Tal, wo er auf der asphaltierten Straße endet.","difficulty":"leicht","down_m":410,"kind":"trail","length_m":2304,"level":"easy","name":"Sun Trail Brixen","sections":[{"closed":false,"variant":false}],"source":"tirol","status":"open","up_m":0,"updated":"2026-05-19"},"type":"Feature"},{"geometry":{"coordinates":[[[12.009455,47.327809],[12.00982,47.327786],[12.010287,47.327945],[12.010499,47.328086],[12.010957,47.328174],[12.011056,47.32812],[12.011323,47.328152],[12.011436,47.328121],[12.011529,47.327912],[12.011361,47.327483],[12.011452,47.327353],[12.011334,47.327182],[12.01139,47.326887],[12.011314,47.326941],[12.011076,47.326888],[12.011129,47.326752],[12.011056,47.326589],[12.010881,47.326529],[12.01063,47.325809],[12.010206,47.325411],[12.01008,47.324962],[12.009999,47.324851],[12.009824,47.324769],[12.009797,47.32462],[12.009519,47.324254],[12.009292,47.324193],[12.009341,47.323887],[12.009201,47.323515],[12.009267,47.323397],[12.009323,47.322925],[12.009241,47.322469],[12.0091,47.322129],[12.008924,47.321888],[12.008874,47.321466]]],"type":"MultiLineString"},"id":"tirol:345","properties":{"description":"Der schwere Singletrail (S3) startet bei der Steinbergalm und führt über den Bettlersteig. Dann in südlicher Richtung bis zur Otto-Leixl-Hütte.","difficulty":"schwierig","down_m":0,"kind":"trail","length_m":994,"level":"hard","name":"Singletrail Otto-Leixl-Hütte","sections":[{"closed":false,"variant":false}],"source":"tirol","status":"open","up_m":190,"updated":"2026-05-19"},"type":"Feature"},{"geometry":{"coordinates":[[[11.882558,47.486821],[11.882052,47.486498],[11.880042,47.485571],[11.879506,47.485396],[11.879279,47.485408],[11.87903,47.485332],[11.878495,47.48504],[11.878064,47.484878],[11.877837,47.484688],[11.877817,47.484374],[11.877667,47.484301],[11.876942,47.484132],[11.876512,47.483933],[11.87637,47.483659]]],"type":"MultiLineString"},"id":"tirol:358","properties":{"description":"Vom Weiler Audörfl führt der Trail zuerst in den Wald, dann geht es über steinige Passagen teils steil bergauf. Beste Eignung für E-Mountainbikes im Uphill-Modus.","difficulty":"mittelschwierig","down_m":0,"kind":"trail","length_m":611,"level":"medium","name":"Holzknecht-uphill Trail","sections":[{"closed":false,"variant":false}],"source":"tirol","status":"open","up_m":50,"updated":"2026-05-19"},"type":"Feature"},{"geometry":{"coordinates":[[[11.946479,47.422761],[11.947003,47.423015],[11.947237,47.423012],[11.947531,47.423074],[11.948768,47.423552],[11.949531,47.42352],[11.950719,47.423584],[11.951621,47.423405],[11.951908,47.423289],[11.952378,47.423294],[11.952893,47.423044],[11.953935,47.422958],[11.954114,47.42286],[11.954692,47.422947],[11.955199,47.423237],[11.95566,47.423314],[11.956586,47.4231],[11.956777,47.423209],[11.957144,47.423222],[11.957074,47.423057],[11.957137,47.423025],[11.958826,47.423025],[11.959163,47.423074],[11.960098,47.423462],[11.960052,47.423148],[11.960091,47.423028]]],"type":"MultiLineString"},"id":"tirol:359","properties":{"description":"Der Trail ist ein naturbelassener Shared Trail, der abschnittweise mit mittelschweren Wurzelpassagen aufwartet. Ein überfahrbahres Gatter verbindet die beiden Regionen Alpbachtal und Wildschönau. Danach geht's auf einem steilen Forstweg hinunter bis zur Asphaltstraße bei Hochzeil. Der Holzalm Trail ist die kurze Verbindung zwischen der Holzalm und den Anschlussstellen zu den MTB-Routen 304, 313, 336 und 340.","difficulty":"mittelschwierig","down_m":130,"kind":"trail","length_m":1178,"level":"medium","name":"Holzalm Trail","sections":[{"closed":false,"variant":false}],"source":"tirol","status":"open","up_m":0,"updated":"2026-05-19"},"type":"Feature"},{"geometry":{"coordinates":[[[12.042461,47.4355],[12.043207,47.435376],[12.04338,47.435308],[12.043864,47.435081],[12.04432,47.434729],[12.044603,47.434633],[12.045101,47.434515],[12.045198,47.434599],[12.04511,47.434708]],[[12.044109,47.434901],[12.044264,47.434849],[12.044672,47.434857],[12.04474,47.434913],[12.044775,47.435185],[12.044786,47.435084],[12.044968,47.434957],[12.04508,47.434738]]],"type":"MultiLineString"},"id":"tirol:368","properties":{"description":"Die Strecke stellt die Zufahrt zum Fahrtechnik-Parcours Wildschönau dar.","difficulty":"mittelschwierig","down_m":0,"kind":"trail","length_m":258,"level":"medium","name":"Zufahrt Fahrtechnik-Parcour Wildschönau","sections":[{"closed":false,"variant":false},{"closed":false,"variant":true}],"source":"tirol","status":"open","up_m":40,"updated":"2026-05-19"},"type":"Feature"},{"geometry":{"coordinates":[[[12.045127,47.434527],[12.044975,47.434739],[12.044933,47.434641],[12.04487,47.434713],[12.044755,47.434637],[12.044711,47.434756],[12.044627,47.434684],[12.044555,47.4347],[12.044621,47.434828]],[[12.045067,47.434732],[12.044963,47.434816],[12.04494,47.434754],[12.044908,47.43481],[12.044901,47.434729],[12.044871,47.434798],[12.044683,47.434747]]],"type":"MultiLineString"},"id":"tirol:369","properties":{"description":"Dieses am Waldrand der Wildschönau gelegene Übungsgelände wartet mit Fahrhindernissen jeglicher Schwierigkeitsstufen auf und lädt zum Üben und Vertiefen der bereits vorhandenen Fahrkünste ein:- verschiedene Steilrampen die von sehr leicht bis mittel reichen;- eine schwarze Stufenbahn, die einiges an Können erfordert;- eine Spitzkehrenbahn mit engen Kurven sowie eine Wellenbahn mit Steilkurven","difficulty":"mittelschwierig","down_m":10,"kind":"trail","length_m":104,"level":"medium","name":"Fahrtechnik Parcour Wildschönau","sections":[{"closed":false,"variant":false},{"closed":false,"variant":true}],"source":"tirol","status":"open","up_m":0,"updated":"2026-05-19"},"type":"Feature"},{"geometry":{"coordinates":[[[11.77784,47.237145],[11.777973,47.237264],[11.779432,47.237545],[11.779291,47.237385],[11.778758,47.237088],[11.778675,47.236878],[11.778162,47.236461],[11.777178,47.236196],[11.777441,47.236118],[11.776825,47.236053],[11.776727,47.235939],[11.776233,47.235716],[11.776018,47.235543],[11.775831,47.23547],[11.775503,47.235161],[11.774861,47.234741],[11.774857,47.234635],[11.775052,47.234612],[11.776066,47.234773],[11.775795,47.234505],[11.774196,47.233462],[11.773551,47.233158],[11.773009,47.233043],[11.771852,47.232953],[11.772382,47.232851],[11.772894,47.232683],[11.774068,47.232682],[11.775045,47.23303],[11.775648,47.233151],[11.776752,47.233246],[11.77718,47.233324],[11.777716,47.233313],[11.778108,47.233464],[11.778599,47.233469],[11.778937,47.233529],[11.779123,47.233481],[11.779156,47.23337],[11.7786,47.23297],[11.77859,47.232815],[11.778661,47.232786],[11.778998,47.232994],[11.779297,47.233097],[11.779528,47.233124],[11.780026,47.233348],[11.780306,47.233401],[11.780911,47.233371],[11.781225,47.233402],[11.781689,47.233229],[11.781807,47.233135],[11.782353,47.233077],[11.782189,47.232973],[11.782276,47.23292],[11.782467,47.233],[11.783023,47.233052],[11.783187,47.233147],[11.783425,47.233195],[11.78363,47.233128],[11.783896,47.233109],[11.784916,47.233367],[11.785734,47.233349],[11.786337,47.233172],[11.787,47.233099],[11.787633,47.232961],[11.788151,47.232786],[11.788188,47.232675],[11.788478,47.232547],[11.788562,47.232388],[11.788771,47.232267]]],"type":"MultiLineString"},"id":"tirol:4035","properties":{"description":"Der Startpunkt des roten Shared Trails Sidanjoch ist über die mittelschwere MTB-Route \\\"Zufahrt Shared-Trail Hochfügen\\\" (MTB 4030) zu erreichen. In langgezogenen Kehren schraubt sich der Trail auf über 2.000 m hinauf zum Sidanjoch,. Die Abfahrt zur Rastkogelhütte verläuft im steileren Gelände und ist deutlich schmäler. Der Shared Trail ist in beiden Richtungen befahrbar.ACHTUNG! Zwischen Rastkogelhütte und Sidanjoch ist mit einem erhöhtem Aufkommen von Wanderer*innen und Biker*innen zu rechnen!","difficulty":"mittelschwierig","down_m":40,"kind":"trail","length_m":2702,"level":"medium","name":"Shared Trail Sidanjoch","sections":[{"closed":false,"variant":false}],"source":"tirol","status":"open","up_m":210,"updated":"2026-07-07"},"type":"Feature"},{"geometry":{"coordinates":[[[11.618886,47.448604],[11.619601,47.448781],[11.62057,47.44914],[11.620594,47.4491],[11.620421,47.448917],[11.619991,47.44863],[11.619873,47.448345],[11.620402,47.44786],[11.620594,47.447778],[11.620459,47.448225],[11.620503,47.44832],[11.620644,47.448388],[11.621245,47.448632],[11.621956,47.448793],[11.621912,47.448701],[11.621441,47.448371],[11.621414,47.448305],[11.621469,47.448289],[11.622146,47.448446],[11.622292,47.448556],[11.622624,47.448546],[11.623022,47.448791],[11.623038,47.448877],[11.622862,47.448968],[11.622851,47.449097],[11.623118,47.449433],[11.623176,47.4497],[11.623351,47.44984],[11.623362,47.450032],[11.623571,47.450356],[11.623634,47.450301],[11.623549,47.450035],[11.623597,47.449611],[11.623715,47.449432],[11.623721,47.449205],[11.623786,47.449195],[11.624008,47.449395],[11.62433,47.449797],[11.624379,47.449814],[11.624418,47.44976],[11.624344,47.449518],[11.624432,47.449266],[11.624312,47.449079],[11.624177,47.448554],[11.624258,47.448551],[11.625061,47.449071],[11.625135,47.449076],[11.625114,47.448644],[11.62504,47.448472],[11.625108,47.448432],[11.625342,47.448556],[11.626028,47.44937],[11.626113,47.449603],[11.625951,47.449883],[11.626435,47.449921],[11.626796,47.45025],[11.626847,47.449796],[11.626903,47.449787],[11.627288,47.450246],[11.627337,47.450214],[11.62737,47.449719],[11.627417,47.449693],[11.62776,47.450059],[11.628625,47.451193],[11.628682,47.451187],[11.628726,47.451099],[11.628813,47.450532],[11.628956,47.450312],[11.629054,47.449951],[11.629158,47.449863],[11.629275,47.449842],[11.629312,47.450027],[11.62968,47.450528],[11.630176,47.45091],[11.630092,47.451148],[11.630256,47.451328],[11.630426,47.45135],[11.630912,47.451245],[11.63116,47.45125],[11.631609,47.451405],[11.632019,47.451475],[11.632982,47.451815],[11.634018,47.451925],[11.634748,47.452154]]],"type":"MultiLineString"},"id":"tirol:462","properties":{"description":"Der Ausgangspunkt des Trails befindet sich am Plumssattel im Naturpark Karwendel und ist über die rote Route Risstal-Plumsjoch (MTB 452) zu erreichen. Der Trail verläuft auf einem sehr steilen Weg mit scharfen Kurven bergab zum Alpengasthof Gernalm. ACHTUNG - der Trail ist nur für geübte Bike-Fans geeignet und führt teilweise über Schiebestrecken!","difficulty":"schwierig","down_m":480,"kind":"trail","length_m":2810,"level":"hard","name":"Singletrail Plumsjoch","sections":[{"closed":false,"variant":false}],"source":"tirol","status":"open","up_m":0,"updated":"2026-05-19"},"type":"Feature"},{"geometry":{"coordinates":[[[11.695765,47.029223],[11.695732,47.029118],[11.695317,47.028866],[11.69482,47.028475],[11.69408,47.02817],[11.693429,47.027778],[11.692774,47.027498],[11.69221,47.027168],[11.691233,47.026761],[11.690595,47.026124],[11.689838,47.025931],[11.689212,47.025691],[11.688542,47.025399],[11.68772,47.024966],[11.687237,47.024563],[11.686923,47.024412],[11.686717,47.024134],[11.68627,47.023921],[11.685993,47.023585],[11.685375,47.023147],[11.685274,47.023021],[11.684867,47.02284],[11.684677,47.022582],[11.684368,47.022431],[11.684306,47.02227],[11.684148,47.022125],[11.683784,47.021898],[11.683478,47.021844],[11.683328,47.021617],[11.682692,47.021272],[11.682619,47.021082],[11.682296,47.020731],[11.682228,47.020569],[11.682035,47.020409],[11.681931,47.020217],[11.681541,47.019822],[11.680885,47.018995],[11.680573,47.018706],[11.680491,47.018495],[11.680095,47.018091],[11.679975,47.017814],[11.679754,47.01752],[11.679672,47.017315],[11.679688,47.017034],[11.67961,47.016704],[11.679461,47.016445],[11.679138,47.016082],[11.678806,47.015277],[11.678553,47.014932],[11.678555,47.014449],[11.678373,47.014038],[11.678258,47.013473],[11.678066,47.013039],[11.678003,47.01263],[11.677937,47.012518],[11.677731,47.012467],[11.677412,47.011999],[11.677168,47.011278],[11.677189,47.010935],[11.677011,47.010497],[11.676392,47.009796],[11.67642,47.009054],[11.675798,47.009019],[11.675403,47.008854],[11.67537,47.00873],[11.675248,47.00869],[11.675088,47.008484],[11.67485,47.008019],[11.674874,47.00784],[11.67479,47.00753],[11.674114,47.007489],[11.674193,47.007166],[11.674013,47.007132],[11.673445,47.007161],[11.673387,47.006936],[11.673163,47.006588],[11.67289,47.00634],[11.672778,47.006163],[11.672681,47.006128],[11.672413,47.00564],[11.672301,47.005611],[11.67235,47.005455],[11.671674,47.005167],[11.671607,47.005072],[11.671287,47.004932],[11.67101,47.004702],[11.670508,47.004537],[11.669569,47.004038],[11.669328,47.004012],[11.669057,47.003778],[11.668928,47.003279],[11.668798,47.003111],[11.668452,47.002834],[11.668307,47.002797],[11.668176,47.002586],[11.66799,47.002458],[11.66796,47.002278],[11.667751,47.002049],[11.667669,47.001874],[11.66764,47.001692],[11.667383,47.001578],[11.667218,47.001429],[11.667039,47.001139],[11.666475,47.000698],[11.665994,47.000508],[11.665783,47.000372],[11.665216,47.000313],[11.664234,47.000044],[11.663416,46.999911],[11.662507,46.999904],[11.661454,46.999961],[11.660023,47.000241],[11.65982,47.000336],[11.659628,47.000553],[11.659544,47.000557],[11.659737,47.000101],[11.659866,46.999957],[11.660262,46.999702],[11.660272,46.999211],[11.660382,46.998924],[11.660361,46.998827],[11.660284,46.998808],[11.659943,46.998769],[11.659753,46.998794],[11.659598,46.998753],[11.659584,46.998315],[11.659681,46.998104],[11.659803,46.997997],[11.660395,46.997975],[11.660521,46.997886],[11.660437,46.997614],[11.66017,46.997329],[11.660617,46.997031],[11.660568,46.996829],[11.660832,46.99657],[11.660794,46.996478],[11.660577,46.99631],[11.660623,46.996227],[11.660811,46.996132],[11.660788,46.99596],[11.660669,46.995881],[11.660123,46.995712],[11.659711,46.995456],[11.659972,46.995063],[11.660354,46.994973],[11.660358,46.994679]]],"type":"MultiLineString"},"id":"tirol:482","properties":{"description":"Vom Schlegeisstausee, Ender der MTB-Route 439 immer dem Wanderweg zum Pfitscherjoch folgend, abwechselnd mäßig steil als Schiebe- oder Fahrstrecke bis zur Lavitzalm. Von dort steil in mehreren Kehren zum Pfitscherjoch (Schwierigkeitsgrad: Schwierig, S3).","difficulty":"schwierig","down_m":0,"kind":"trail","length_m":5623,"level":"hard","name":"Singletrail Pfitscherjoch","sections":[{"closed":false,"variant":false}],"source":"tirol","status":"open","up_m":460,"updated":"2026-05-19"},"type":"Feature"},{"geometry":{"coordinates":[[[12.053994,47.083041],[12.05421,47.082492],[12.054301,47.082426],[12.054354,47.082064],[12.05451,47.081812],[12.054699,47.08174],[12.054908,47.081426],[12.055079,47.081385],[12.055211,47.081179],[12.055574,47.081032],[12.055722,47.080845],[12.055674,47.080693],[12.05627,47.080368],[12.056433,47.080152],[12.056612,47.079596],[12.056574,47.079321],[12.056709,47.079141],[12.056945,47.078995],[12.057338,47.078923],[12.057452,47.078825],[12.057669,47.078624],[12.057684,47.07852],[12.057829,47.078347],[12.058047,47.078164],[12.058494,47.077517],[12.058868,47.077268],[12.058974,47.077089],[12.059299,47.076936],[12.059747,47.076824],[12.06025,47.076294],[12.060464,47.076271],[12.060633,47.076111],[12.061048,47.075886],[12.061296,47.075858],[12.061691,47.075674],[12.06232,47.075079],[12.062518,47.074815],[12.062568,47.074538],[12.062731,47.074406],[12.062759,47.074317],[12.062936,47.074173],[12.063368,47.074065],[12.063879,47.073717],[12.063964,47.073556],[12.063926,47.07342],[12.063988,47.073195],[12.064386,47.072809],[12.064404,47.072604],[12.064744,47.072475],[12.06478,47.072182],[12.064902,47.072082],[12.064814,47.071926],[12.064808,47.07142],[12.064871,47.071328],[12.064847,47.071031],[12.064974,47.070429],[12.065179,47.07041],[12.065566,47.070211],[12.065646,47.070103],[12.06562,47.069924],[12.065686,47.069833],[12.066078,47.069772],[12.066316,47.069586],[12.066484,47.069516],[12.066665,47.069183],[12.066854,47.068999],[12.066938,47.068795],[12.067419,47.068481],[12.067614,47.068471],[12.068024,47.068336],[12.068224,47.068069],[12.068459,47.068013],[12.069194,47.067581],[12.069443,47.067629],[12.069654,47.067469],[12.069833,47.0672],[12.07031,47.067088],[12.070612,47.067155],[12.070928,47.067133],[12.070779,47.066821],[12.071167,47.066718],[12.071133,47.066567],[12.071191,47.066418],[12.071345,47.066333],[12.071301,47.066262],[12.071344,47.066174],[12.071157,47.066085],[12.07133,47.066],[12.071277,47.065918],[12.071558,47.065814],[12.071527,47.065761],[12.071616,47.06568],[12.071542,47.065601],[12.071722,47.065531],[12.071616,47.065343],[12.071896,47.065292],[12.071814,47.065212],[12.071845,47.06508],[12.071988,47.065025],[12.072128,47.065031],[12.072057,47.064908],[12.072168,47.064858],[12.072103,47.064709],[12.072328,47.064688],[12.072712,47.064365],[12.072424,47.064176],[12.072502,47.064006],[12.072397,47.063913],[12.072278,47.063611],[12.071879,47.063293],[12.072099,47.062647],[12.071958,47.062231],[12.071984,47.06202],[12.072071,47.061911],[12.07203,47.061823],[12.072086,47.061558],[12.072306,47.061363],[12.072037,47.06132],[12.07209,47.061289],[12.072068,47.061201],[12.071873,47.06118],[12.071618,47.061034],[12.071506,47.060668],[12.071192,47.060335],[12.070878,47.060139],[12.07075,47.05998],[12.070829,47.059897]]],"type":"MultiLineString"},"id":"tirol:486","properties":{"description":"Sehr schwere Erlebnistour bis zur Grenze Südtirols. Die alte Zollwachhütte im Hundskehlgrund ist Ausgangspunkt dieses Singletrails. Auf einem gut ausgebauten Wandersteig, teilweise über Blockwerk und Steinplatten führt der Trail hinauf auf´s Hundskehljoch. Auf dem sehr steilen und anspruchsvollen Weg kommt es abschnittsweise vor, dass das Bike getragen werden muss. Tipp: Vom Hundskehljoch aus hat man eine perfekte Verbindung ins Ahrntal nach Südtirol.","difficulty":"schwierig","down_m":0,"kind":"trail","length_m":3451,"level":"hard","name":"Singletrail Hundskehljoch","sections":[{"closed":false,"variant":false}],"source":"tirol","status":"open","up_m":620,"updated":"2026-05-19"},"type":"Feature"},{"geometry":{"coordinates":[[[12.034987,47.244215],[12.035081,47.244235],[12.035229,47.244164],[12.035498,47.244177],[12.035587,47.243949],[12.035695,47.243845],[12.035849,47.243758],[12.0362,47.243711],[12.036404,47.243773],[12.036159,47.24384],[12.035926,47.24401],[12.036335,47.243925],[12.036378,47.243961],[12.036528,47.24391],[12.036679,47.243948],[12.037202,47.243879],[12.037447,47.243924],[12.037821,47.243847],[12.037922,47.243946],[12.038354,47.243886],[12.038404,47.244065],[12.038485,47.244133],[12.038733,47.243641],[12.039004,47.243425],[12.039093,47.243563],[12.03931,47.243434],[12.03927,47.243232],[12.039101,47.243098],[12.039179,47.242906],[12.039003,47.242816],[12.038974,47.242662],[12.038842,47.242538],[12.038969,47.242252],[12.038917,47.242094],[12.039227,47.242166],[12.039439,47.242407],[12.039745,47.24239],[12.039934,47.242462],[12.040491,47.242543],[12.040937,47.242772],[12.040893,47.242382],[12.040951,47.24224],[12.041039,47.242242],[12.041074,47.242103],[12.040918,47.241747],[12.040765,47.241571],[12.040846,47.241534],[12.040744,47.241403],[12.040726,47.24126],[12.040492,47.241025],[12.040594,47.241],[12.041144,47.241297],[12.041125,47.241151],[12.041011,47.241004],[12.04155,47.241158],[12.041441,47.24099],[12.041486,47.240904],[12.041171,47.240657],[12.041702,47.240727],[12.041802,47.240826],[12.041941,47.240808],[12.042136,47.241012],[12.042369,47.241026],[12.042629,47.241143],[12.042599,47.24098],[12.042679,47.240981],[12.042901,47.241154],[12.04354,47.241445],[12.043563,47.24134],[12.043488,47.241283],[12.043325,47.240832],[12.042544,47.240106],[12.042184,47.239502],[12.04166,47.239033],[12.040895,47.238532],[12.040176,47.238192],[12.040127,47.238133],[12.040482,47.238147],[12.040842,47.238217],[12.040515,47.238002],[12.040947,47.238041],[12.040732,47.237898],[12.040783,47.23786],[12.041331,47.237933],[12.04156,47.237906],[12.042089,47.238054],[12.042081,47.237987],[12.041363,47.237457],[12.040107,47.236957],[12.03979,47.23673],[12.039559,47.235984],[12.038958,47.235742],[12.037962,47.235122],[12.038582,47.235284],[12.039016,47.235319]]],"type":"MultiLineString"},"id":"tirol:491","properties":{"description":"Startpunkt: Isskogel Bergstation. Der Iss-Flow schlängelt sich zuerst entlang der Pistenflächen und Almwiesen von der Isskogelbahn über das \\\"\\\"Ebenfeld\\\"\\\". An der Talstation des gleichnamigen Liftes beginnt der Waldabschnitt, schöne Anlieger Kurven und moderates Gefälle zeichnen den Iss-Flow aus. Erst an der etwas längeren Traverse hin zur Trasse der Isskogelbahn hat man Zeit einen Blick in den Wald zu werfen. Es gilt noch etwas an Höhe abzubauen bevor der Trail nahe der Rösslalm an einem Fahrweg endet.","difficulty":"leicht","down_m":350,"kind":"trail","length_m":2828,"level":"easy","name":"Iss-Flow","sections":[{"closed":false,"variant":false}],"source":"tirol","status":"open","up_m":0,"updated":"2026-05-19"},"type":"Feature"},{"geometry":{"coordinates":[[[12.039017,47.235308],[12.038602,47.235106],[12.038526,47.234931],[12.038626,47.234874],[12.038846,47.234891],[12.039358,47.234837],[12.039133,47.234585],[12.039225,47.234544],[12.039417,47.234551],[12.039431,47.234344],[12.039644,47.234283],[12.039427,47.233943],[12.039593,47.233832],[12.039868,47.233938],[12.040282,47.233889],[12.040338,47.233818],[12.040288,47.233632],[12.040477,47.233613],[12.040671,47.23372],[12.041225,47.233631],[12.041162,47.233568],[12.0414,47.233562],[12.041527,47.23363],[12.041694,47.233636],[12.041743,47.233597],[12.041642,47.233429],[12.041368,47.233174],[12.04162,47.233246],[12.04149,47.232977],[12.041791,47.233033],[12.041711,47.232887],[12.042496,47.233045],[12.042981,47.233293],[12.044068,47.233598],[12.044913,47.234027],[12.045545,47.23429],[12.046525,47.234557],[12.047472,47.234972],[12.048109,47.235176],[12.049234,47.235773],[12.049408,47.234823],[12.049652,47.234468],[12.05155,47.234905],[12.051742,47.234857],[12.052469,47.233909],[12.052462,47.233838],[12.052233,47.233676],[12.052235,47.233222],[12.052324,47.233124],[12.052512,47.233084],[12.052758,47.233106],[12.053777,47.233546],[12.053946,47.233533],[12.054152,47.233374]]],"type":"MultiLineString"},"id":"tirol:492","properties":{"description":"Startpunkt: Wald ab Rösslalm, Der Iss-Shore ist der letzte Streckenabschnitt auf dem Weg ins Tal. Durch einen Erlenwald führen lockere Anliegerkurven und einige Brücken. Das Besondere ist hier das Miteinander. Der Trail verläuft nämlich paralell zum Wanderweg. Kurz vor dem Ende gibt es noch ein Highlight. Eine lange North-Shore Brücke im Fichtenwald mit Wellen und einer Steilkurve bieten so nochmal volles Programm.","difficulty":"leicht","down_m":290,"kind":"trail","length_m":1997,"level":"easy","name":"Iss-Shore","sections":[{"closed":true,"variant":false}],"source":"tirol","status":"closed","up_m":0,"updated":"2026-08-10"},"type":"Feature"},{"geometry":{"coordinates":[[[12.041014,47.242695],[12.041276,47.24268],[12.041393,47.242424],[12.041199,47.242212],[12.041361,47.242138],[12.041301,47.241977],[12.041396,47.241918],[12.041382,47.241702],[12.04124,47.241512],[12.041386,47.241498],[12.041414,47.24144],[12.041165,47.241127]]],"type":"MultiLineString"},"id":"tirol:493","properties":{"description":"Startpunkt: Iss-Flow unterhalb Ebenfeld Talstation. Der Iss-Natural bietet eine Variante für versierte Fahrer. Ganz Natürlich folgt der Trail dem Gelände und führt über Steilstufen, Wellen und Steine. Am Ende des Iss-Natural hat man die Möglichkeit auf den einfacheren Iss-Flow zu wechseln oder die Schwierigkeit noch mal zu erhöhen.","difficulty":"schwierig","down_m":30,"kind":"trail","length_m":226,"level":"hard","name":"Iss-Natural","sections":[{"closed":false,"variant":false}],"source":"tirol","status":"open","up_m":0,"updated":"2026-05-19"},"type":"Feature"},{"geometry":{"coordinates":[[[12.041402,47.241492],[12.041432,47.24146],[12.041628,47.241498],[12.041713,47.241592],[12.041875,47.241592],[12.041972,47.241687],[12.041901,47.241488],[12.041938,47.241461],[12.042018,47.241531],[12.042249,47.241608],[12.042279,47.241579],[12.042117,47.241415],[12.042484,47.241587],[12.042811,47.241678],[12.042759,47.241476],[12.042923,47.241476],[12.043079,47.241372],[12.043022,47.241279],[12.043259,47.241322]]],"type":"MultiLineString"},"id":"tirol:494","properties":{"description":"Startpunkt: Ende Iss-Natural / Wildplatzl . Die schwierigste Strecke in der Isskogel Trail Arena, erwartet euch mit engen Kurven, Steilpassagen sowie Absätzen bei denen es keine Umfahrungen mehr gibt. Sie ist weiters über kurze Zeit naturbelassen und bietet Raum für Interpretation. Nur für die Profis unter den Bikern gedacht.","difficulty":"schwierig","down_m":60,"kind":"trail","length_m":281,"level":"hard","name":"Iss-Vertical","sections":[{"closed":false,"variant":false}],"source":"tirol","status":"open","up_m":0,"updated":"2026-05-19"},"type":"Feature"},{"geometry":{"coordinates":[[[12.037374,47.241458],[12.037364,47.241396],[12.037626,47.2412],[12.037358,47.24076],[12.037208,47.240637],[12.037075,47.240622],[12.036863,47.240376],[12.036903,47.24034],[12.037006,47.24037],[12.037139,47.240328],[12.037221,47.240402],[12.037396,47.240415],[12.037182,47.24015],[12.037306,47.240149],[12.037463,47.240258],[12.037447,47.240178],[12.037075,47.239913],[12.037316,47.239887],[12.037286,47.239846],[12.036761,47.239604],[12.03715,47.239647],[12.037207,47.239605],[12.037559,47.239613],[12.037744,47.239651],[12.03782,47.239597],[12.0378,47.23955],[12.037553,47.239513],[12.037544,47.239461],[12.037638,47.239376],[12.037787,47.23936],[12.038124,47.239514],[12.038216,47.239414],[12.03834,47.239406],[12.038498,47.239462],[12.03894,47.239441],[12.03888,47.239371],[12.03847,47.239246],[12.038183,47.238992],[12.038782,47.23891],[12.038832,47.238951],[12.039119,47.238969],[12.039125,47.238931],[12.038871,47.238788],[12.039103,47.23879],[12.039236,47.238852],[12.039517,47.238797],[12.039644,47.238839],[12.039719,47.238787],[12.039647,47.238671],[12.040131,47.238659],[12.040514,47.238752],[12.040418,47.238609],[12.040943,47.238693],[12.040984,47.23868],[12.040673,47.238435],[12.041003,47.238475],[12.040873,47.238267],[12.041259,47.23839],[12.041138,47.238237],[12.040992,47.238198],[12.041002,47.238164],[12.041406,47.238199],[12.041338,47.238093],[12.041378,47.238005],[12.04156,47.237906],[12.042089,47.238054],[12.042081,47.237987],[12.041363,47.237457],[12.040807,47.237244]]],"type":"MultiLineString"},"id":"tirol:495","properties":{"description":"Startpunkt: Seppi´s, Die Strecke führt uns zu aller erst über eine Almwiese, aber nur kurz bevor der Iss-Tough in einem lichten Wald sein wahres Gesicht zeigt. Lange Anlieger Kurven führen um alte Bäume und große Felsen. Für ein geschultes Auge sind Features in der Strecke schon beim ersten Befahren zu erkennen. Mächtige Kurven und gut platzierte Sprünge machen so richtig Laune. Nach einer Kreuzung mit dem Fahrweg gilt es eine gute Figur zu machen. Die Strecke schlängelt sich in der Lifttrasse der Isskogel bahn Talwärts und mündet oberhalb der Rösslalm in den Iss-Flow Trail ein.","difficulty":"mittelschwierig","down_m":240,"kind":"trail","length_m":1416,"level":"medium","name":"Iss-Tough","sections":[{"closed":false,"variant":false}],"source":"tirol","status":"open","up_m":0,"updated":"2026-05-19"},"type":"Feature"},{"geometry":{"coordinates":[[[11.405955,47.2975],[11.405608,47.297517],[11.405252,47.297478],[11.405585,47.297251],[11.406084,47.297045],[11.406286,47.297008],[11.406351,47.296951],[11.405878,47.296936],[11.406092,47.296868],[11.406462,47.296633],[11.4069,47.296216],[11.40683,47.296193],[11.406506,47.29634],[11.406465,47.296318],[11.407071,47.29584],[11.406868,47.295943],[11.406841,47.295903],[11.407159,47.295606],[11.407381,47.29511],[11.407566,47.294907],[11.407269,47.295029],[11.407077,47.295235],[11.406921,47.295262],[11.40688,47.295228],[11.407038,47.295154],[11.40714,47.294878],[11.408048,47.293938],[11.407041,47.293539],[11.405978,47.293234],[11.405948,47.293141],[11.40624,47.29307],[11.406465,47.293148],[11.406567,47.292986],[11.406658,47.293093],[11.406854,47.292889],[11.406922,47.292726],[11.406981,47.292719],[11.407222,47.292941],[11.407303,47.292891],[11.407303,47.292767],[11.407373,47.292741],[11.407616,47.293034],[11.407822,47.293031],[11.408107,47.29293],[11.408614,47.292324],[11.408733,47.291987],[11.408876,47.291906],[11.408732,47.291843],[11.409047,47.291821],[11.408751,47.291573],[11.408734,47.291424],[11.408885,47.291123],[11.409096,47.290946],[11.409004,47.290921],[11.409209,47.290711],[11.409435,47.290675],[11.409407,47.290722],[11.409634,47.291009],[11.409697,47.290998],[11.40972,47.290863],[11.409815,47.290931],[11.409976,47.290946],[11.409823,47.290728],[11.409977,47.290665],[11.409827,47.290645],[11.409907,47.290547],[11.409832,47.290526],[11.409642,47.290309],[11.409865,47.290303],[11.409483,47.290113],[11.409234,47.289869],[11.408765,47.289894],[11.408496,47.290097],[11.408425,47.289953],[11.408102,47.289848],[11.407981,47.289609],[11.407778,47.289499],[11.407811,47.289397],[11.407755,47.289225],[11.407817,47.289055],[11.407743,47.289001],[11.407797,47.288802],[11.407636,47.288674],[11.407601,47.288562],[11.407794,47.288437],[11.407895,47.288259],[11.40775,47.288101],[11.407593,47.288051],[11.407546,47.287978],[11.407384,47.287903],[11.407375,47.287736],[11.407205,47.287661],[11.407095,47.287541],[11.406743,47.287494],[11.406543,47.287265],[11.406664,47.28701],[11.406528,47.286935],[11.406524,47.286877],[11.406335,47.286812],[11.406712,47.286781],[11.406822,47.286816],[11.406859,47.286726],[11.406789,47.286647],[11.406549,47.286515],[11.40608,47.286564],[11.405737,47.286396],[11.40557,47.286452],[11.405549,47.286305],[11.405366,47.286057],[11.405384,47.285974],[11.405296,47.285839],[11.405148,47.285818],[11.405111,47.28566],[11.404171,47.285382],[11.403933,47.285169],[11.404069,47.285098],[11.404186,47.284894],[11.404161,47.284594],[11.404307,47.284331],[11.40423,47.284094],[11.403323,47.283178],[11.40316,47.283116],[11.402842,47.28314],[11.402881,47.283076],[11.403299,47.283007],[11.403551,47.283173],[11.403669,47.283151],[11.403375,47.282937],[11.403027,47.282866],[11.403043,47.282837],[11.403252,47.282857],[11.403228,47.282814],[11.403088,47.282775],[11.402842,47.282455],[11.402345,47.282078],[11.40265,47.282126],[11.403094,47.282363],[11.403188,47.282381],[11.403441,47.282302],[11.403871,47.282579],[11.403911,47.282553],[11.403818,47.282377],[11.403546,47.282169],[11.403638,47.28213],[11.404093,47.282394],[11.404176,47.282391],[11.404157,47.282276],[11.403874,47.281964],[11.403917,47.28191],[11.403994,47.281931],[11.404202,47.282198],[11.404496,47.282307],[11.404728,47.282475],[11.404838,47.282657],[11.404865,47.282367]]],"type":"MultiLineString"},"id":"tirol:5007","properties":{"description":"Der Arzler Almtrail ist die eierlegende Wollmilchsau unter den Trails – auf der „chicken line“ einfach, flowig und stressfrei für alle die dem Schwierigkeitsgrad mittel (s2) gewachsen sind. Für die Experten gibt’s jede Menge Sprünge und kleine Varianten, die teilweise extrem anspruchsvoll sind und an die sie auch die locals herantasten müssen. Ein Trail also, der immer wieder Spaß macht, weil hier alle jedesmal ihre eigene persönlich line finden können. Der Start befindet sich ca. 300 m östlich der Arzler Alm, wo der Forstweg Richtung Mühlauer Quelle abzweigt. Der erste Abschnitt bis zum Lawinendamm bietet ständige Neigungswechsel; Steilkurven und einige Sprünge wo man Absprung und Richtung genau treffen muss, will man nicht neben dem Trail oder am nächsten Baum landen. Hier kann’s auch nach Regenfällen auf Grund des lehmigen Untergrundes ziemlich rutschig werden. Der zweite Abschnitt führt vom Lawinendamm direkt hinunter in die Stadt. Hier ist das Gelände noch abwechslungsreicher: langgezogene Steilkurven wechseln mit engen Kehren, unübersichtliche Kuppen, ja kleine Schluchten und Felspartien machen den Trail hier extrem abwechslungsreich. Nach knapp 400 Tiefenmetern aber immerhin 3 km Traillänge endet der Trail im Innsbrucker Ortsteil Mühlau.","difficulty":"mittelschwierig","down_m":470,"kind":"trail","length_m":3786,"level":"medium","name":"Arzler Alm Trail","sections":[{"closed":false,"variant":false}],"source":"tirol","status":"open","up_m":10,"updated":"2026-05-19"},"type":"Feature"},{"geometry":{"coordinates":[[[11.323347,47.098942],[11.323578,47.098973],[11.323488,47.099145],[11.323278,47.099226],[11.323268,47.099267],[11.323643,47.099518],[11.322872,47.099667],[11.322844,47.099728],[11.323339,47.100342],[11.323592,47.100491],[11.323932,47.100561],[11.324146,47.100801],[11.323943,47.100919],[11.323804,47.100937],[11.324012,47.101093],[11.323903,47.101171],[11.323305,47.101242],[11.323335,47.101379],[11.323537,47.101519],[11.323441,47.101662],[11.323595,47.101817],[11.323551,47.101958],[11.32329,47.101943],[11.322902,47.101761],[11.322099,47.101637],[11.322022,47.101792],[11.322221,47.101943],[11.322206,47.102081],[11.321569,47.10221],[11.321724,47.102325],[11.321259,47.102293],[11.321377,47.102414],[11.320888,47.102381],[11.320807,47.102447],[11.320851,47.102572],[11.320601,47.102594],[11.32056,47.102686],[11.320315,47.102665],[11.320238,47.10274],[11.320101,47.102707],[11.32008,47.102805],[11.320019,47.102823],[11.319572,47.102744],[11.318893,47.102724],[11.318003,47.102516],[11.317834,47.102545],[11.317124,47.102253],[11.316878,47.102283],[11.31677,47.102421],[11.316892,47.102565],[11.316746,47.102553],[11.316692,47.102595],[11.316842,47.102725],[11.316711,47.102767],[11.316717,47.1028],[11.316931,47.103032],[11.317343,47.103734],[11.317238,47.103845],[11.316967,47.103816],[11.316806,47.103844],[11.316769,47.10429],[11.316837,47.104713],[11.316712,47.10496],[11.316763,47.10516],[11.316709,47.105215],[11.316473,47.105279],[11.315781,47.105217],[11.315489,47.105082],[11.315357,47.104949],[11.315259,47.104965],[11.315259,47.105039],[11.315186,47.105036],[11.315029,47.104792],[11.314802,47.104835],[11.314758,47.104888],[11.314717,47.105106],[11.314814,47.105539],[11.314737,47.105589],[11.314531,47.105324],[11.314452,47.105357],[11.314426,47.105476],[11.314187,47.105255],[11.314054,47.105308],[11.313956,47.105452],[11.313489,47.105366],[11.31344,47.105471],[11.313329,47.1055],[11.31244,47.10522],[11.312295,47.105239],[11.312174,47.105324],[11.311914,47.105351],[11.311549,47.105556],[11.311475,47.1057],[11.311636,47.105818],[11.311293,47.105863],[11.311339,47.105928],[11.311124,47.106165],[11.310981,47.106495],[11.310866,47.106505],[11.310731,47.106369],[11.310714,47.106226],[11.310638,47.106182],[11.310128,47.106285],[11.310258,47.106453],[11.309715,47.106487],[11.309889,47.106647],[11.309327,47.106732],[11.309334,47.106807],[11.309542,47.106864],[11.30952,47.106909],[11.308907,47.107103],[11.309137,47.107167],[11.309129,47.107209],[11.308995,47.107329],[11.30866,47.107405],[11.308583,47.107463],[11.308387,47.107881],[11.308263,47.108005],[11.308083,47.10812],[11.307787,47.108152],[11.30783,47.108232],[11.307725,47.108303],[11.307588,47.108617]]],"type":"MultiLineString"},"id":"tirol:5008","properties":{"description":"Dieser überwiegend naturbelassene schwierige Downhill-Trail ist technisch anspruchsvoll, ein Magnet für Downhill- und Enduro-Fans und nur für sehr versierte Biker*innen geeignet. Der Trail startet direkt an der Bergstation und windet sich über eine Länge von knapp drei Kilometern ins Tal hinab. Der abwechslungsreiche Untergrund mit steilen Passagen, Wurzelteppichen, teilweise verblocktem Gelände, steilen Passagen und engen Kurven verlangt den Sportbegeisterten viel an Können ab. Im unteren Teil vervollständigen drei unterschiedliche Drops und ein Wallride den Trail.Ein besonderes Highlight ist der Bikeservice: Bikes müssen nicht mit in die Kabine genommen werden, sondern können an eigens dafür installierte Transporthaken angebracht werden.","difficulty":"schwierig","down_m":800,"kind":"trail","length_m":2909,"level":"hard","name":"Eins Einser Trail","sections":[{"closed":false,"variant":false}],"source":"tirol","status":"open","up_m":0,"updated":"2026-05-19"},"type":"Feature"},{"geometry":{"coordinates":[[[11.333457,47.211422],[11.333672,47.211449],[11.334162,47.211613],[11.334862,47.211949],[11.335116,47.212145],[11.335271,47.212078],[11.335418,47.212108],[11.335542,47.212019],[11.335716,47.212091],[11.336028,47.212076],[11.336168,47.212165],[11.336215,47.212098],[11.336291,47.212103],[11.336755,47.212395],[11.336872,47.21236],[11.337299,47.212793],[11.337542,47.212792],[11.337753,47.212934],[11.337988,47.212964],[11.338147,47.213063],[11.338288,47.213277],[11.338337,47.213216],[11.338178,47.213003],[11.33814,47.212844],[11.338217,47.212803],[11.338866,47.213207],[11.338936,47.213201],[11.339,47.213125],[11.33908,47.21314],[11.339601,47.21353],[11.339792,47.213834],[11.339673,47.214059],[11.339736,47.214065],[11.339917,47.213847],[11.339941,47.213964],[11.340121,47.214035],[11.340235,47.213992],[11.340237,47.21383],[11.340286,47.213801],[11.340616,47.213887],[11.340829,47.214169],[11.341078,47.21437],[11.340993,47.214527],[11.341041,47.214574],[11.341338,47.21431],[11.341399,47.214183],[11.341505,47.214187],[11.341605,47.214386],[11.341757,47.21453],[11.341873,47.214896],[11.341999,47.214884],[11.342067,47.214685],[11.342143,47.214798],[11.34231,47.214868],[11.342328,47.21495],[11.342416,47.214926],[11.342511,47.21479],[11.342795,47.214868],[11.343214,47.215147],[11.343659,47.215198],[11.34405,47.215385],[11.344293,47.215717],[11.344355,47.215717],[11.344533,47.21558],[11.344671,47.215585],[11.345164,47.215814],[11.345294,47.21608],[11.345358,47.216082],[11.345514,47.215951],[11.345606,47.215964],[11.345896,47.21615],[11.345985,47.21635],[11.346467,47.216581],[11.346612,47.216575],[11.346734,47.216289],[11.346787,47.216282],[11.346935,47.216439],[11.347005,47.216616],[11.347029,47.21644],[11.34717,47.216452],[11.34724,47.216561],[11.347342,47.216453],[11.347607,47.216578],[11.347733,47.216695],[11.347978,47.216758],[11.348365,47.216967],[11.34849,47.217103]],[[11.336168,47.212165],[11.336799,47.212397]],[[11.342691,47.214012],[11.342757,47.214284],[11.342663,47.214603],[11.342575,47.214643],[11.34249,47.214797]]],"type":"MultiLineString"},"id":"tirol:5011","properties":{"description":"Der Singletrail für alle Familien und Nachwuchsfahrer! Flowig und wenig steil führt der naturbelassene Trail durch den Wald und über die Skipiste von der Bergstation bis zur Mittelstation der Mutterer Almbahn. Alle abenteuerlustigen Nachwuchsrider von jung bis alt und erfahrene Tourenbiker haben hier die Möglichkeit, sich auf anspruchsvollere Trails vorzubereiten. Erfahrene Downhiller nutzen die vielen Steilwandkurven um an ihrer Technik zu feilen und den Flow zu feiern.","difficulty":"mittelschwierig","down_m":270,"kind":"trail","length_m":1875,"level":"medium","name":"The FIRST one","sections":[{"closed":false,"variant":false},{"closed":false,"variant":true},{"closed":false,"variant":true}],"source":"tirol","status":"open","up_m":0,"updated":"2026-05-19"},"type":"Feature"},{"geometry":{"coordinates":[[[11.328659,47.207446],[11.328508,47.20744],[11.328181,47.207325],[11.327914,47.207365],[11.327762,47.207216],[11.327551,47.20728],[11.327562,47.207108],[11.327468,47.207087],[11.327381,47.207168],[11.327317,47.207163],[11.327351,47.207038],[11.327248,47.207043],[11.32718,47.207102],[11.327167,47.20725],[11.327405,47.207593],[11.328747,47.208682],[11.328943,47.208825],[11.329103,47.208874],[11.328737,47.208901],[11.328874,47.209018],[11.328679,47.209033],[11.328784,47.209105],[11.328749,47.20915],[11.328576,47.209131],[11.328561,47.209196],[11.328715,47.209239],[11.32851,47.209285],[11.32852,47.209442],[11.328357,47.209518],[11.328347,47.209767],[11.328443,47.209869],[11.328402,47.209966],[11.328495,47.210025],[11.328378,47.210101],[11.32851,47.210182],[11.328512,47.210233],[11.328008,47.210555],[11.327285,47.210904],[11.327185,47.211135],[11.326936,47.211223],[11.32692,47.211325],[11.326797,47.211319],[11.326754,47.211393],[11.326548,47.211417],[11.326275,47.211644],[11.326104,47.211617],[11.326129,47.21174],[11.325973,47.2117],[11.325924,47.211793],[11.325778,47.211805],[11.325766,47.211911],[11.325491,47.211956],[11.325484,47.212058],[11.325253,47.212102],[11.324992,47.212362],[11.324954,47.212498],[11.324613,47.212718],[11.324134,47.214093],[11.324093,47.214589],[11.32402,47.214736],[11.3241,47.214829],[11.324042,47.214907],[11.324091,47.215065],[11.323948,47.215146],[11.324113,47.215245],[11.324118,47.215329],[11.324013,47.215552],[11.323763,47.215646],[11.323849,47.215789],[11.323656,47.215871],[11.323532,47.21615],[11.32375,47.216383],[11.323466,47.216396],[11.323355,47.21665],[11.323223,47.216734],[11.323157,47.216856],[11.323172,47.21706],[11.322849,47.217231],[11.322917,47.217391],[11.322709,47.2176],[11.322761,47.217708],[11.32253,47.21777],[11.322613,47.217921],[11.322462,47.217983],[11.322817,47.218266],[11.32234,47.218244],[11.322358,47.218395],[11.322194,47.218445],[11.322291,47.218543],[11.322083,47.218631],[11.3222,47.218743],[11.321938,47.218829],[11.322128,47.218876],[11.322144,47.218915],[11.321806,47.218943],[11.321583,47.219016]]],"type":"MultiLineString"},"id":"tirol:5019","properties":{"description":"Der Trail startet bei der Bergstation der Götzner Bahn und führt vom Beginn an mit einem Set an Steilkurven in den Skiweg Richtung Osten. Wo der Skiweg den Wald verläßt, biegt der Trail nach links und führt über eine nicht enden wollende Folge an Steilkurven zum ersten großen Sprunghügel. Danach folgen Steilkurven und Sprünge bis zur Lifttrasse. Achtung bei den Wegquerungen!","difficulty":"mittelschwierig","down_m":410,"kind":"trail","length_m":2066,"level":"medium","name":"The WILD one","sections":[{"closed":true,"variant":false}],"source":"tirol","status":"closed","up_m":0,"updated":"2026-05-19"},"type":"Feature"},{"geometry":{"coordinates":[[[11.334271,47.211658],[11.334399,47.211647],[11.334504,47.211536],[11.334657,47.211771],[11.334818,47.211631],[11.334949,47.211708],[11.335001,47.211374],[11.334862,47.211206],[11.334769,47.210914],[11.335131,47.211149],[11.335267,47.2113],[11.335327,47.211271],[11.335311,47.211199],[11.335134,47.211035],[11.335529,47.211234],[11.335288,47.210889],[11.335299,47.210851],[11.335346,47.210863],[11.335778,47.211157],[11.336026,47.211506],[11.336415,47.211567],[11.336615,47.211666],[11.336884,47.212025],[11.33692,47.212004],[11.336798,47.211682],[11.336724,47.211619],[11.33675,47.211578],[11.33686,47.21161],[11.337621,47.212167],[11.33795,47.212593],[11.338053,47.212574],[11.338005,47.212421],[11.338156,47.212481],[11.33825,47.212718],[11.33861,47.212936],[11.338805,47.213122],[11.33885,47.21307],[11.338581,47.212754],[11.338583,47.212694],[11.338632,47.212695],[11.339726,47.213675],[11.339791,47.213879],[11.33968,47.214004],[11.339704,47.214071],[11.339951,47.213836],[11.340093,47.214022],[11.340208,47.214015],[11.340185,47.213847],[11.340264,47.213574],[11.340346,47.213576],[11.340403,47.213678],[11.340472,47.21369],[11.340416,47.213433],[11.340477,47.213403],[11.340712,47.213526],[11.340936,47.213805],[11.340985,47.21378],[11.340983,47.213575],[11.341156,47.213774],[11.341218,47.213752],[11.341239,47.213612],[11.341142,47.213393],[11.341499,47.213572],[11.341795,47.213858],[11.34183,47.213829],[11.341746,47.213618],[11.341814,47.213594],[11.341952,47.213761],[11.341943,47.213524],[11.341995,47.213506],[11.342274,47.213873],[11.342371,47.213832],[11.34235,47.213685],[11.342397,47.213683],[11.342642,47.213963],[11.342739,47.213997],[11.342828,47.213813],[11.342785,47.213397],[11.342851,47.213353],[11.343178,47.213453],[11.343254,47.213658],[11.343653,47.213914],[11.343992,47.21421],[11.34406,47.214142],[11.344014,47.213772],[11.343803,47.213602],[11.343859,47.213576],[11.343972,47.21361],[11.344577,47.214045],[11.344747,47.214274],[11.345073,47.214431],[11.345233,47.214458],[11.345268,47.214603],[11.3455,47.21478],[11.345686,47.215064],[11.3461,47.215343],[11.346189,47.215532],[11.346346,47.215684],[11.346414,47.215683],[11.34643,47.215632],[11.346327,47.215317],[11.346543,47.215453],[11.346583,47.215662],[11.346634,47.21565],[11.346622,47.2155],[11.346869,47.215593],[11.347206,47.215894],[11.347609,47.216434],[11.348473,47.216967],[11.348889,47.217891],[11.349113,47.21825],[11.349291,47.21842],[11.349355,47.218574],[11.349305,47.218782],[11.349378,47.218779],[11.349447,47.218709],[11.349497,47.218778],[11.34964,47.218733],[11.349504,47.218987],[11.3496,47.219086],[11.349341,47.21908],[11.349298,47.219137],[11.349488,47.219214],[11.350044,47.219193],[11.350286,47.21911],[11.350637,47.218874],[11.350715,47.21897],[11.350689,47.21908],[11.350621,47.219193],[11.350444,47.219316],[11.350624,47.219306],[11.350635,47.219348],[11.350146,47.219414],[11.350126,47.219451],[11.350828,47.219457],[11.351216,47.219395],[11.351369,47.219267],[11.351445,47.219287],[11.351458,47.219357],[11.351379,47.219428],[11.350957,47.21952],[11.35082,47.219655],[11.350559,47.21975],[11.350294,47.219711],[11.350218,47.219754],[11.35049,47.21981],[11.351283,47.219718],[11.351597,47.219727],[11.351211,47.219811],[11.351581,47.219883],[11.351721,47.219999],[11.351503,47.220116],[11.350776,47.220199],[11.35074,47.220242],[11.350844,47.2203],[11.351185,47.220345],[11.351584,47.220268],[11.351654,47.220334],[11.35161,47.220397],[11.351272,47.220505],[11.350963,47.220505],[11.350944,47.220571],[11.351143,47.220641],[11.351642,47.220628],[11.351692,47.22066],[11.351641,47.220719],[11.351386,47.220711],[11.351346,47.220753],[11.352005,47.220845],[11.352737,47.220743],[11.353725,47.220807],[11.354237,47.220696],[11.354178,47.220775],[11.353923,47.220872],[11.353426,47.220913],[11.353469,47.220973],[11.353881,47.221029],[11.354229,47.22094],[11.354258,47.220998],[11.354148,47.221059],[11.353259,47.221261],[11.352952,47.221287],[11.352949,47.221334],[11.35306,47.221374],[11.353509,47.22131],[11.353526,47.221394],[11.353312,47.221472],[11.353407,47.221543],[11.353577,47.221566],[11.353959,47.221505],[11.354367,47.22151],[11.354745,47.22139],[11.354736,47.221453],[11.35416,47.221725],[11.353845,47.221818],[11.353645,47.221826],[11.353673,47.221895],[11.353971,47.221912],[11.354144,47.221849],[11.354944,47.221768],[11.355649,47.221642],[11.356142,47.221478],[11.356768,47.221379],[11.357048,47.221236],[11.356933,47.221374],[11.35662,47.221507],[11.356363,47.221557],[11.356736,47.221579],[11.356927,47.221542],[11.357117,47.221445],[11.357209,47.221449],[11.357179,47.221528],[11.357012,47.221609],[11.356746,47.221633],[11.356774,47.221685],[11.356936,47.221702],[11.357163,47.221643],[11.356953,47.221763],[11.356854,47.221951],[11.356728,47.221986],[11.356816,47.222058],[11.357215,47.222138],[11.357771,47.222071],[11.357785,47.222134],[11.357609,47.222155],[11.357618,47.222208],[11.357697,47.222228],[11.35799,47.222171],[11.35824,47.222222],[11.358793,47.222223],[11.359449,47.22213],[11.359694,47.222149],[11.360148,47.221905],[11.360621,47.221576],[11.360705,47.221598],[11.36066,47.221697],[11.36077,47.221703],[11.361092,47.221579],[11.361277,47.221383],[11.361349,47.221431],[11.361345,47.221518],[11.361129,47.221634],[11.361244,47.221657],[11.361321,47.221627],[11.362136,47.221181],[11.362713,47.220931],[11.362901,47.220642],[11.363716,47.220368],[11.36414,47.220375],[11.364007,47.220686],[11.363903,47.220757],[11.364053,47.220814],[11.364557,47.220486],[11.364786,47.220253],[11.364889,47.220229],[11.364908,47.220508],[11.364659,47.220801],[11.364721,47.220859],[11.36489,47.220838],[11.365264,47.220602],[11.365685,47.220179],[11.366046,47.219932],[11.366139,47.21979],[11.366197,47.21984],[11.366124,47.22019],[11.366167,47.220377],[11.365999,47.220613],[11.366145,47.220639],[11.366318,47.220492],[11.366402,47.220611],[11.366251,47.221055],[11.366091,47.2212],[11.366057,47.221329],[11.366378,47.221249],[11.366611,47.221462],[11.366856,47.221445],[11.366831,47.22155],[11.366919,47.221655],[11.366792,47.221833],[11.366696,47.22188],[11.366716,47.221931]],[[11.335576,47.211014],[11.335863,47.211104],[11.335895,47.211061],[11.335763,47.210918],[11.335853,47.210891],[11.335973,47.210924],[11.336104,47.21128],[11.336742,47.211459],[11.337026,47.211639],[11.337172,47.211645],[11.337254,47.211784],[11.337706,47.212089],[11.337765,47.212252],[11.338049,47.212419]]],"type":"MultiLineString"},"id":"tirol:5023","properties":{"description":"Dieser Trail ist das meisterliche Flow-Feuerwerk von Trailbauer Tom Pro (Gravity Logic) und bietet Abfahrtsspass für die ganze Familie. Der Trail führt von der Mittelstation bis zur Talstation der Muttereralmbahn in Mutters und ist über die Mutterer Alm - Kreither Alm (MTB-Route 510) erreichbar. Anschließend auf dem Trail \\\"The First One\\\" (MTB 5011) bis zum Trailstart fahren. Weite Kurven und viele kleine, einfache Sprünge machen den Flowtrail zu einem der Highlights im Bikepark Innsbruck. Bike-Anfänger und auch Fortgeschrittene haben hier garantiert ihren Spaß","difficulty":"leicht","down_m":640,"kind":"trail","length_m":6772,"level":"easy","name":"The CHAINLESS one","sections":[{"closed":false,"variant":false},{"closed":false,"variant":true}],"source":"tirol","status":"open","up_m":0,"updated":"2026-05-19"},"type":"Feature"},{"geometry":{"coordinates":[[[11.323422,47.098967],[11.323137,47.099111],[11.322508,47.098997],[11.322585,47.099073],[11.323039,47.099258],[11.322825,47.099262],[11.322399,47.099178],[11.32238,47.09923],[11.322668,47.099453],[11.322619,47.099481],[11.322373,47.099446],[11.322495,47.099541],[11.322315,47.099552],[11.322355,47.099667],[11.322007,47.099663],[11.321871,47.099699],[11.321964,47.099839],[11.322428,47.100125],[11.322478,47.100211],[11.322709,47.100273],[11.32272,47.100363],[11.321963,47.100227],[11.321012,47.099832],[11.320416,47.09967],[11.320406,47.099763],[11.320514,47.099857],[11.320979,47.100168],[11.321273,47.100433],[11.321682,47.100653],[11.321533,47.100741],[11.321663,47.100881],[11.321404,47.100895],[11.321462,47.101024],[11.321255,47.101145],[11.321402,47.101335],[11.321861,47.101529],[11.321221,47.101601],[11.32127,47.101673],[11.321608,47.101823],[11.321396,47.101884],[11.320975,47.101908],[11.321134,47.102056],[11.320701,47.102106],[11.320673,47.102154],[11.320748,47.102206],[11.320496,47.102252],[11.320464,47.102301],[11.320667,47.10251],[11.320251,47.102484],[11.320389,47.102664],[11.320315,47.102665],[11.320238,47.10274],[11.320101,47.102707],[11.32008,47.102805],[11.320019,47.102823],[11.319572,47.102744],[11.318835,47.102714],[11.318838,47.102803],[11.318586,47.102808],[11.318672,47.102888],[11.318623,47.102905],[11.31822,47.102793],[11.317828,47.102741],[11.317887,47.102858],[11.318253,47.103042],[11.318399,47.103348],[11.31876,47.103529],[11.318817,47.103789],[11.31918,47.104122],[11.319141,47.104167],[11.318924,47.10421],[11.318944,47.104323],[11.318292,47.104079],[11.317404,47.103847],[11.317484,47.103944],[11.317734,47.104047],[11.317805,47.104214],[11.317621,47.104226],[11.317152,47.104056],[11.31705,47.10416],[11.317048,47.104314],[11.317338,47.104439],[11.317361,47.104729],[11.317606,47.10495],[11.317521,47.104982],[11.317369,47.104898],[11.317207,47.104899],[11.317184,47.105009],[11.317307,47.105213],[11.317276,47.105249],[11.316847,47.105252],[11.317475,47.10557],[11.318117,47.106055],[11.317963,47.106106],[11.318223,47.106206],[11.318333,47.106305],[11.317898,47.106287],[11.317313,47.106064],[11.317283,47.106152],[11.317174,47.106197],[11.315829,47.106109],[11.31564,47.106067],[11.31485,47.105701],[11.314731,47.105597]]],"type":"MultiLineString"},"id":"tirol:5026","properties":{"description":"Dieser Trail ist ein perfekter Downhill-Trail, der mit seinen Anliegern, kleineren Sprüngen, kurzen Rock Gardens und Wurzelteppichen seinesgleichen sucht. Er startet direkt an der Bergstation der Elferbahn, verläuft teilweise durch den Wald und mündet in das letzte Drittel des EinsEinser Trails. Der&nbsp;ZweiZweier Trail ergänzt den technisch noch anspruchsvolleren EinsEinser Trail auf perfekte Weise. Die Streckenführung ist etwas leichter zu fahren, deutlich weniger wurzelig und dadurch auch schneller und \\\"bäriger\\\"! Auch der ZweiZweier Trail ist - ebenso wie der EinsEinser Trail - nur von versierten Biker*innen zu befahren.Ein besonderes Highlight ist der Bikeservice: Bikes müssen nicht mit in die Kabine genommen werden, sondern können an eigens dafür installierte Transporthaken angebracht werden.","difficulty":"schwierig","down_m":540,"kind":"trail","length_m":2653,"level":"hard","name":"Zwei Zweier Trail","sections":[{"closed":false,"variant":false}],"source":"tirol","status":"open","up_m":0,"updated":"2026-05-19"},"type":"Feature"},{"geometry":{"coordinates":[[[11.643725,47.095085],[11.64367,47.09487],[11.643843,47.094663],[11.643817,47.094535],[11.643883,47.094314],[11.643727,47.094101],[11.643438,47.094452],[11.643198,47.094647],[11.643292,47.09441],[11.643283,47.09402],[11.642956,47.094418],[11.642476,47.094608],[11.642392,47.094688],[11.642282,47.0945],[11.642097,47.094337],[11.641884,47.094274],[11.641789,47.094181],[11.641772,47.094304],[11.641881,47.094362],[11.64193,47.094481],[11.641887,47.094655],[11.64147,47.095022],[11.640713,47.095233],[11.640656,47.095219],[11.640962,47.09493],[11.639919,47.095215],[11.639615,47.095225],[11.639102,47.095317],[11.639392,47.095147],[11.63969,47.094839],[11.639669,47.094808],[11.639484,47.094949],[11.638963,47.095108],[11.638595,47.095078],[11.638125,47.09519],[11.638258,47.095076],[11.638732,47.094856],[11.63874,47.094533],[11.638257,47.094439],[11.63806,47.0943],[11.638021,47.094197],[11.637695,47.094058],[11.637149,47.093135],[11.636781,47.092878],[11.636648,47.092603],[11.63649,47.092482],[11.636568,47.092641],[11.636487,47.09301],[11.636676,47.093395],[11.636655,47.093654],[11.636579,47.093514],[11.635962,47.093036],[11.63571,47.092776],[11.635743,47.093417],[11.635794,47.09349],[11.635742,47.0935],[11.635456,47.093261],[11.635207,47.0929],[11.635235,47.093091],[11.634936,47.093532],[11.635033,47.093851],[11.634966,47.093889],[11.634646,47.093662],[11.634518,47.093045],[11.634523,47.092696],[11.634281,47.092382],[11.634063,47.092212],[11.634232,47.092637],[11.633857,47.092316],[11.633922,47.092473],[11.633609,47.092278],[11.633257,47.092148],[11.633492,47.092382],[11.632692,47.092066],[11.633103,47.092381],[11.633074,47.092409],[11.632977,47.092332],[11.632325,47.092125],[11.632488,47.092215],[11.632921,47.092627],[11.632763,47.092611],[11.632526,47.092462],[11.632722,47.092754],[11.632157,47.092443],[11.631871,47.09218],[11.632024,47.092519],[11.632158,47.092689],[11.632287,47.092753],[11.632137,47.092712],[11.631879,47.092499],[11.632018,47.092728],[11.632149,47.092817],[11.631991,47.092761],[11.631718,47.092567],[11.631555,47.09231],[11.631591,47.092541],[11.631732,47.092777],[11.631497,47.092626],[11.63164,47.092868],[11.631602,47.092896],[11.631374,47.092737],[11.631285,47.092605],[11.631282,47.092859],[11.631202,47.092728],[11.631139,47.092822],[11.631066,47.092786],[11.631093,47.092689],[11.631017,47.092485],[11.630966,47.092388],[11.630722,47.092206],[11.630668,47.091976],[11.630519,47.092253],[11.630641,47.092516],[11.630306,47.092336],[11.63041,47.09252],[11.630278,47.092505],[11.630421,47.092618],[11.630155,47.09257],[11.630375,47.092741],[11.630355,47.092801],[11.630019,47.092878],[11.629571,47.093081],[11.629211,47.093139],[11.629335,47.093012],[11.629542,47.092957],[11.629202,47.092974],[11.629015,47.093141],[11.629156,47.092928],[11.629478,47.09281],[11.629559,47.092641],[11.629401,47.092749],[11.628938,47.092811],[11.6287,47.092986],[11.628665,47.092972],[11.628835,47.092714],[11.629024,47.092564],[11.628703,47.092677],[11.628507,47.092907],[11.628618,47.092461],[11.628268,47.092862],[11.628294,47.092727],[11.628177,47.092816],[11.628198,47.092683],[11.62807,47.09277],[11.628126,47.092478],[11.627815,47.0928],[11.627777,47.092783],[11.62788,47.09257],[11.627853,47.092497],[11.627828,47.09256],[11.627576,47.092703],[11.62758,47.092791],[11.627464,47.092735],[11.627425,47.092492],[11.627157,47.092766],[11.627073,47.092519],[11.627158,47.092205]]],"type":"MultiLineString"},"id":"tirol:5029","properties":{"description":"Dieser Shared-Trail (ACHTUNG! Wanderer!) liegt an der Grenze der Tuxer und Zillertaler Alpen, verbindet das Schmirntal mit dem Tuxer Joch und bietet herrliche Ausblicke auf die beiden Gebirgsgruppen. Der Trail ist ideal für klassische Alpenüberquerungen - der Trail ist in beide Richtungen befahrbar! Technisch herausfordernd sind die zahlreichen, teilweise sehr engen Kehren und einige steile Stiche im Gelände, die es zu überwinden gilt. Gute Kurventechnik ist also obligatorisch. Der Trail ist sehr gut ausgebaut, mit einer durchgängigen Breite von über 1m und ohne größere Hindernisse und gut befahrbar!","difficulty":"mittelschwierig","down_m":570,"kind":"trail","length_m":4417,"level":"medium","name":"Tuxerjoch Trail","sections":[{"closed":false,"variant":false}],"source":"tirol","status":"open","up_m":3,"updated":"2026-05-19"},"type":"Feature"},{"geometry":{"coordinates":[[[11.451556,47.263046],[11.451575,47.263151],[11.451761,47.263198],[11.452038,47.263621],[11.45228,47.263826],[11.452443,47.26385],[11.452579,47.264134]],[[11.451885,47.263379],[11.451886,47.263678],[11.452085,47.263712],[11.452209,47.263809],[11.452358,47.263848],[11.452586,47.264146]],[[11.452586,47.264146],[11.452661,47.264171],[11.452686,47.264131],[11.452327,47.263589],[11.45189,47.263228],[11.451721,47.263129],[11.451638,47.263139],[11.451658,47.263075],[11.451578,47.263032]],[[11.451878,47.263362],[11.452181,47.263524],[11.452322,47.263684],[11.45231,47.2638],[11.452384,47.263831]]],"type":"MultiLineString"},"id":"tirol:5036","properties":{"description":"Der Ahorn-Birken XC Loop ist eine Cross Country Runde und besteht aus 3 mittelschweren (rot) und einer schweren (schwarz) Variante. Start und Ziel befinden sich jeweils am höchsten Punkt des \\\"Arme Leute Bichl\\\", wobei die Länge der einzelnen Lines unterschiedlich ist . Der Rundkurs ist kurvenreich, besteht aus mehreren Wurzelpassagen und die Rückfahrt führt über einen Shared Trail.","difficulty":"mittelschwierig","down_m":10,"kind":"trail","length_m":153,"level":"medium","name":"Ahorn-Birken XC Loop","sections":[{"closed":false,"variant":false},{"closed":false,"variant":true},{"closed":false,"variant":true},{"closed":false,"variant":true}],"source":"tirol","status":"open","up_m":0,"updated":"2026-05-19"},"type":"Feature"},{"geometry":{"coordinates":[[[11.44869,47.264528],[11.449219,47.264328],[11.450427,47.263663],[11.450671,47.263651],[11.450556,47.263392],[11.450295,47.263192],[11.450339,47.263138],[11.450395,47.263178],[11.450496,47.263151],[11.450583,47.263181],[11.450571,47.2631],[11.450822,47.263325],[11.450658,47.263087],[11.450822,47.263167],[11.450717,47.263036],[11.450766,47.262995],[11.450766,47.263061],[11.450822,47.263074],[11.450869,47.262874],[11.45088,47.262949],[11.451004,47.262879],[11.451571,47.262993],[11.451687,47.263079],[11.451638,47.263139],[11.451658,47.263075],[11.451578,47.263032]]],"type":"MultiLineString"},"id":"tirol:5037","properties":{"description":"Der Bichl Uphill besteht aus mehreren blauen und einer roten Variante. Teilwiese geht es über einen breiten Forstweg,meistens aber flowig auf wellenartigen Trails mit vereinzelten kleinen Hindernissen. Der Bichl Uphill führt zu den einzelnen Startpunkten der anderen Lines und wird oft als Verbinungstrail genutzt, um zwischen den Spots zu biken.&nbsp;Perfekt, um sich aufzuwärmen oder entspannt zum nächsten Feature zu cruisen.","difficulty":"mittelschwierig","down_m":0,"kind":"trail","length_m":512,"level":"medium","name":"Bichl Uphill","sections":[{"closed":false,"variant":false}],"source":"tirol","status":"open","up_m":50,"updated":"2026-07-27"},"type":"Feature"},{"geometry":{"coordinates":[[[11.451554,47.263041],[11.451473,47.263072],[11.451307,47.263013],[11.451219,47.263076],[11.4511,47.26297],[11.451019,47.263088],[11.45086,47.26302],[11.450899,47.263328],[11.45111,47.263431],[11.451099,47.263514],[11.450789,47.263363],[11.450514,47.263127],[11.450348,47.263119],[11.450281,47.263166]]],"type":"MultiLineString"},"id":"tirol:5038","properties":{"description":"Die Kastanien Line ist ein mittelschwerer Singletrail, der zwischen gebauten Anliegerkurven und naturbelassenen Abschnitten wechselt. Der Trail startet am höchsten Punkt des \\\"Arme Leute Bichl\\\" und führt kurvenreich bis zum Dirt Park.","difficulty":"mittelschwierig","down_m":20,"kind":"trail","length_m":220,"level":"medium","name":"Kastanien Line","sections":[{"closed":false,"variant":false}],"source":"tirol","status":"open","up_m":50,"updated":"2026-05-19"},"type":"Feature"},{"geometry":{"coordinates":[[[11.451555,47.263043],[11.451427,47.263107],[11.451722,47.263221],[11.451807,47.263434],[11.450956,47.263266],[11.451346,47.263579],[11.451121,47.263545],[11.450718,47.263375],[11.450458,47.263164]]],"type":"MultiLineString"},"id":"tirol:5039","properties":{"description":"Die Eichen Jumpline gehört zur schwarzen Kategorie der Singletrails. Der Name ist Programm: mit Sprungvariationen aller Art und zwei Holzbrücken startet sie - wie alle Lines der Bichl Trails - am höchsten Punkt des \\\"Arme Leute Bichl\\\" und endet am Dirt Park.","difficulty":"schwierig","down_m":20,"kind":"trail","length_m":258,"level":"hard","name":"Eichen Jumpline","sections":[{"closed":false,"variant":false}],"source":"tirol","status":"open","up_m":50,"updated":"2026-05-19"},"type":"Feature"},{"geometry":{"coordinates":[[[11.451547,47.263085],[11.451505,47.263138],[11.451309,47.263157],[11.451266,47.263197],[11.451493,47.263248],[11.451648,47.263356],[11.451684,47.263552],[11.451854,47.26373],[11.45182,47.263768],[11.451594,47.263675],[11.451451,47.263479],[11.451392,47.263492],[11.451528,47.263727],[11.451487,47.263773],[11.450848,47.263503],[11.450815,47.263533],[11.450991,47.263653],[11.45083,47.263626],[11.450514,47.263327]]],"type":"MultiLineString"},"id":"tirol:5040","properties":{"description":"Die Kirschen Flowline ist die einzige blaue Line der Bichl Trails. Mit ihrer welligen Linienführung, den Tablesprüngen und Anliegerkurven verspricht sie Fahrspaß für alle Könnerstufen. Gestartet wird wieder am höchsten Punkt des \\\"Arme Leute Bichl\\\", der Endpunkt befindet sich am Dirt Park.","difficulty":"leicht","down_m":20,"kind":"trail","length_m":329,"level":"easy","name":"Kirschen Flowline","sections":[{"closed":false,"variant":false}],"source":"tirol","status":"open","up_m":50,"updated":"2026-05-19"},"type":"Feature"},{"geometry":{"coordinates":[[[11.45029,47.263192],[11.450319,47.263236],[11.450183,47.263296],[11.450431,47.263391],[11.45056,47.263571],[11.450513,47.263598],[11.450451,47.263526],[11.450045,47.263415],[11.449825,47.263291],[11.449356,47.263125],[11.449898,47.263466],[11.449909,47.263596]]],"type":"MultiLineString"},"id":"tirol:5041","properties":{"description":"Die Buchen Line ist ein schwerer Singletrail der am Dirt Park beginnt und am Radweg endet. Mit verschiedenen Stufen, Steilkurven und kleineren Sprüngen ist Fahrspaß für die Fortgeschrittenen unter den Biker*innen garantiert.","difficulty":"schwierig","down_m":30,"kind":"trail","length_m":240,"level":"hard","name":"Buchen Line","sections":[{"closed":false,"variant":false}],"source":"tirol","status":"open","up_m":0,"updated":"2026-05-19"},"type":"Feature"},{"geometry":{"coordinates":[[[11.339925,47.213849],[11.339909,47.214039],[11.340137,47.214165],[11.340216,47.214404],[11.340343,47.214421],[11.340678,47.214346],[11.340854,47.214652],[11.340944,47.214696],[11.3412,47.214615],[11.341534,47.214608],[11.341733,47.214782],[11.341751,47.214878],[11.341883,47.214926],[11.341897,47.215079],[11.342194,47.215032],[11.342594,47.215355],[11.342808,47.215365],[11.343095,47.215515],[11.343277,47.215686],[11.343288,47.215786],[11.343445,47.215983],[11.343846,47.216127],[11.343896,47.216271],[11.344176,47.216397],[11.344288,47.216664],[11.344469,47.216781],[11.344507,47.216898],[11.344818,47.217077],[11.345341,47.216849],[11.345421,47.216724],[11.345964,47.21689],[11.34619,47.216862],[11.346239,47.216951],[11.346397,47.216964],[11.346536,47.216932],[11.346559,47.21674],[11.346815,47.216682],[11.34723,47.216704],[11.347271,47.216729],[11.347169,47.216843],[11.347412,47.216791],[11.347686,47.216906],[11.347845,47.216895],[11.348065,47.216983],[11.348701,47.217489],[11.349113,47.21825],[11.349291,47.21842],[11.349345,47.218637],[11.349175,47.218807],[11.348458,47.219015],[11.348453,47.219068],[11.348559,47.219139],[11.348992,47.219227],[11.349204,47.219228],[11.349073,47.219422],[11.349145,47.219493],[11.349505,47.219515],[11.349703,47.219673],[11.349919,47.219706],[11.349857,47.2198],[11.350013,47.219838],[11.350351,47.21988],[11.350595,47.219878],[11.350768,47.219823],[11.351051,47.219833],[11.351801,47.219914],[11.352134,47.220044],[11.352273,47.220194],[11.352641,47.220224],[11.352923,47.220325],[11.353093,47.220331],[11.353708,47.22055],[11.353863,47.220564],[11.354178,47.220482],[11.354461,47.220561],[11.355235,47.220488],[11.355236,47.220576],[11.354449,47.221091],[11.354105,47.221194],[11.354134,47.221274],[11.354476,47.221242],[11.354712,47.221316],[11.35496,47.221324],[11.355113,47.221285],[11.355344,47.221323],[11.355924,47.221227],[11.35623,47.221267],[11.357042,47.221145],[11.357117,47.2212],[11.357006,47.221355],[11.357072,47.221424],[11.357462,47.22142],[11.357645,47.221292],[11.357711,47.221364],[11.357592,47.221514],[11.358121,47.221545],[11.358427,47.221729],[11.358938,47.22179],[11.359324,47.221677],[11.360062,47.221551],[11.360395,47.221361],[11.360781,47.221254],[11.361153,47.221041],[11.361532,47.220951],[11.361673,47.220829],[11.36212,47.22073],[11.362243,47.220669],[11.362316,47.220529],[11.362511,47.220636],[11.362864,47.22065],[11.363716,47.220368],[11.363838,47.220472],[11.363824,47.220751],[11.364066,47.220901],[11.364423,47.221005],[11.364629,47.221012],[11.364941,47.220883],[11.365232,47.220851],[11.365384,47.220768],[11.365446,47.220959],[11.365768,47.220884],[11.365871,47.22094],[11.365849,47.221194],[11.366035,47.221201],[11.365975,47.221354],[11.366453,47.221222]],[[11.343325,47.215577],[11.343395,47.215782],[11.343615,47.21607]],[[11.342203,47.215039],[11.342328,47.21495]]],"type":"MultiLineString"},"id":"tirol:5056","properties":{"description":"Der Trail führt von der Mittelstation der Muttereralmbahn naturbelassen über steile Wurzelpassagen durch den Wald. Etwa 100 Hm oberhalb der Talstation endet der Trail und geht in den Flowtrail \\\"The Chainless One\\\" (MTB 5023) über.","difficulty":"schwierig","down_m":530,"kind":"trail","length_m":3174,"level":"hard","name":"The STRAIGHT One","sections":[{"closed":false,"variant":false},{"closed":false,"variant":true},{"closed":false,"variant":true}],"source":"tirol","status":"open","up_m":0,"updated":"2026-05-19"},"type":"Feature"},{"geometry":{"coordinates":[[[11.366487,47.221229],[11.366624,47.221311],[11.36664,47.221432],[11.366751,47.221406],[11.366917,47.221279],[11.367017,47.221281],[11.366928,47.221556],[11.367049,47.221639],[11.36662,47.222047],[11.366497,47.22235],[11.366389,47.222371]]],"type":"MultiLineString"},"id":"tirol:5057","properties":{"description":"Der Dual Slalom bei der Talstation der Muttereralmbahn bietet wie der Name schon erraten lässt, zwei parallele Strecken. Hier fahren auch die Pros beim Crankworx um die Wette.","difficulty":"mittelschwierig","down_m":20,"kind":"trail","length_m":206,"level":"medium","name":"Dual Slalom","sections":[{"closed":false,"variant":false}],"source":"tirol","status":"open","up_m":0,"updated":"2026-05-19"},"type":"Feature"},{"geometry":{"coordinates":[[[11.438543,46.98063],[11.438609,46.980784],[11.438884,46.980917],[11.438995,46.981067],[11.439183,46.981182],[11.439161,46.981532],[11.439317,46.981738],[11.439508,46.982449],[11.439742,46.982833],[11.439727,46.9831],[11.43983,46.983352],[11.440397,46.984221],[11.440686,46.984483],[11.440764,46.984902],[11.441107,46.985603],[11.441551,46.986222],[11.441873,46.987153],[11.442381,46.987851],[11.442531,46.987657],[11.442502,46.987323],[11.442671,46.986452],[11.44267,46.986103],[11.442971,46.985256],[11.442999,46.98496],[11.442951,46.984779],[11.443024,46.984569],[11.442889,46.984393],[11.442953,46.984013],[11.442817,46.98343],[11.442753,46.98264],[11.442868,46.981855],[11.443006,46.981498],[11.442953,46.980527],[11.443074,46.980367],[11.443219,46.980296]]],"type":"MultiLineString"},"id":"tirol:5060","properties":{"description":"Ausgangspunkt dieses kurzen Shared Trails ist der Hochleger der Frader Alm. Mit nur einer Kehre führt der Trail im alpinen Gelände zum Flachjoch.&nbsp;Retourwege führen entweder über die gleiche Strecke und von dort über die schwarze MTB-Route \\\"Frader Alm\\\" (MTB 5065) zurück nach Obernberg oder alternativ über die große Grenzkammrunde (Italien) zum Sattelberg.","difficulty":"leicht","down_m":0,"kind":"trail","length_m":1733,"level":"easy","name":"Flachjochtrail","sections":[{"closed":false,"variant":false}],"source":"tirol","status":"open","up_m":180,"updated":"2026-05-19"},"type":"Feature"},{"geometry":{"coordinates":[[[11.343845,47.213657],[11.343724,47.213621],[11.343662,47.21353],[11.343703,47.213316],[11.343661,47.2132],[11.343748,47.21318],[11.344018,47.213473],[11.344411,47.213704],[11.344755,47.214041],[11.345042,47.214235],[11.345486,47.214428],[11.34548,47.214581],[11.345715,47.214791],[11.346013,47.214938],[11.346488,47.215276],[11.346723,47.215376],[11.346868,47.215577],[11.347203,47.215691],[11.347333,47.215858],[11.347392,47.216155]]],"type":"MultiLineString"},"id":"tirol:5062","properties":{"description":"Die Jumpline des Chainless One hat eine Gesamtlänge von knapp 450 m, in die 16 verschiedene Elemente wie Hips, Tables, Stepdowns und Cornerjumps integriert sind. Diese Line richtet sich speziell an fortgeschrittene Fahrer und Experten. Über den Haupt- Trail Chainless One (MTB 5023 ) kann die Jumpline umfahren werden.","difficulty":"schwierig","down_m":50,"kind":"trail","length_m":514,"level":"hard","name":"The CHAINLESS One - Jumpline","sections":[{"closed":false,"variant":false}],"source":"tirol","status":"open","up_m":0,"updated":"2026-05-19"},"type":"Feature"},{"geometry":{"coordinates":[[[11.161978,47.358327],[11.161447,47.358138],[11.160996,47.357791],[11.161066,47.357716],[11.160537,47.357584],[11.160583,47.357526],[11.160513,47.357428],[11.160562,47.357181],[11.160412,47.356947],[11.160406,47.356757],[11.160479,47.356616],[11.160767,47.356433],[11.160768,47.356288],[11.160867,47.356223],[11.160884,47.356101],[11.160973,47.35606],[11.160971,47.355961],[11.161275,47.355851],[11.161404,47.355877],[11.1615,47.355817],[11.161699,47.355864],[11.161857,47.355821],[11.162053,47.356048],[11.161983,47.356174],[11.16224,47.356134],[11.16213,47.356266],[11.16231,47.356198],[11.162445,47.356276],[11.162708,47.356276],[11.163027,47.356172],[11.163284,47.356606]]],"type":"MultiLineString"},"id":"tirol:5073","properties":{"description":"Der Green Pangea ist ein sehr einfach gehaltener, flacher Trail für MTB-­-Neulinge und Kids und daher wie geschaffen, um ins Trailbiken reinzuschnuppern!Der grüne Trail verläuft von der Katzenkopfhütte bis zur Abzweigung Wildmoosalm. Hier können die Biker*innen dann entweder auf der Forststraße gemütlich bis zur Talstation rollen oder - für Geübtere&nbsp;- auf den zweiten Abschnitt des blauen Trails \\\"Kitty Twister\\\" (5075) einbiegen.","difficulty":"leicht","down_m":40,"kind":"trail","length_m":634,"level":"easy","name":"Green Pangea","sections":[{"closed":false,"variant":false}],"source":"tirol","status":"open","up_m":0,"updated":"2026-05-19"},"type":"Feature"},{"geometry":{"coordinates":[[[11.161978,47.358327],[11.161442,47.358149],[11.160924,47.358205],[11.160639,47.358347],[11.160099,47.35844],[11.159957,47.358531],[11.160049,47.358689],[11.160125,47.359069],[11.16032,47.359106],[11.16036,47.359026],[11.16044,47.35908],[11.160525,47.358983],[11.160687,47.35893],[11.160921,47.358992],[11.161101,47.359107],[11.161189,47.359257],[11.16143,47.359355],[11.161642,47.359644],[11.161823,47.359631],[11.161932,47.359697],[11.162508,47.359501],[11.163069,47.359105],[11.163371,47.358796],[11.163516,47.358754],[11.163767,47.358546],[11.163924,47.358656],[11.164032,47.358481],[11.164061,47.358662],[11.164129,47.358704],[11.164276,47.358515],[11.16437,47.358653],[11.16453,47.358603],[11.164848,47.358708],[11.164903,47.358822],[11.164896,47.359117],[11.164811,47.359243],[11.164884,47.35927],[11.165042,47.359221],[11.165092,47.359253],[11.164887,47.359435],[11.165039,47.359531],[11.164865,47.359856],[11.165021,47.359854],[11.165039,47.359903],[11.164682,47.360162],[11.163739,47.360441],[11.163161,47.36073],[11.162555,47.360907],[11.162644,47.360952],[11.163333,47.360946],[11.163167,47.361038],[11.163051,47.36119],[11.163098,47.361313],[11.162848,47.36138],[11.162457,47.361626],[11.162538,47.36179],[11.162823,47.361828],[11.162901,47.361877],[11.162676,47.362219],[11.162994,47.36225],[11.163175,47.362362],[11.163375,47.362716],[11.16331,47.362912],[11.163427,47.363034],[11.163316,47.36327],[11.162842,47.363731],[11.162925,47.363873],[11.162833,47.364109],[11.162856,47.364451],[11.162995,47.364487],[11.163011,47.364427],[11.163235,47.36438],[11.163602,47.364168],[11.163963,47.36418],[11.164372,47.364082],[11.164894,47.363757],[11.165145,47.363491],[11.165331,47.363426],[11.165382,47.363435],[11.1653,47.363622],[11.165327,47.363732],[11.165446,47.363895]]],"type":"MultiLineString"},"id":"tirol:5074","properties":{"description":"Dieser rote Trail ist für die \\\"Wildkatzen\\\" , die Sprünge und Speed, gepaart mit anspruchsvolleren, natürlichen Passagen mögen: Eine Mischung aus Jumpline, naturbelassenem Singletrail sowie Holz-­ und Steinelementen für fortgeschrittene Trailbegeisterte.","difficulty":"mittelschwierig","down_m":230,"kind":"trail","length_m":2019,"level":"medium","name":"Dirty Dancer","sections":[{"closed":false,"variant":false}],"source":"tirol","status":"open","up_m":0,"updated":"2026-05-19"},"type":"Feature"},{"geometry":{"coordinates":[[[11.162036,47.358341],[11.16244,47.358407],[11.162657,47.358372],[11.162762,47.358452],[11.162815,47.358344],[11.162723,47.358252],[11.162897,47.358242],[11.162979,47.358293],[11.163015,47.358548],[11.163104,47.358442],[11.163073,47.358168],[11.163115,47.358134],[11.163207,47.358347],[11.163179,47.358432],[11.163275,47.358454],[11.163385,47.358242],[11.163375,47.358071],[11.163151,47.357567],[11.163045,47.357526],[11.162935,47.357328],[11.16276,47.357177],[11.162812,47.357138],[11.163079,47.357246],[11.163042,47.357157],[11.163103,47.356874],[11.162977,47.356761],[11.16317,47.356788],[11.163327,47.356595],[11.163444,47.356901],[11.163718,47.357138],[11.163973,47.357183],[11.16401,47.357305],[11.16416,47.357418],[11.164163,47.357501],[11.164267,47.357594],[11.164293,47.357731],[11.164815,47.358043],[11.164927,47.358303],[11.165091,47.358367],[11.165565,47.35837],[11.165632,47.358733],[11.166392,47.359132],[11.16642,47.359208],[11.16628,47.359225],[11.166432,47.359338],[11.166527,47.359395],[11.166764,47.359426],[11.166667,47.359469],[11.166471,47.359455],[11.166453,47.359526],[11.16653,47.359594],[11.166824,47.35969],[11.167083,47.35964],[11.167065,47.359697],[11.166907,47.359778],[11.166649,47.359829],[11.166851,47.359901],[11.166675,47.360015],[11.166827,47.360012],[11.166926,47.359946],[11.166899,47.360052],[11.166551,47.360182],[11.166215,47.360149],[11.166081,47.36033],[11.165783,47.360457],[11.165792,47.360502],[11.165908,47.360534],[11.165867,47.360592],[11.165961,47.360608],[11.165956,47.360675],[11.166053,47.360715],[11.165951,47.360865],[11.165309,47.361053],[11.165488,47.36115],[11.165841,47.361153],[11.166162,47.361088],[11.166212,47.361118],[11.166123,47.361179],[11.166128,47.361262],[11.165934,47.361412],[11.165617,47.361492],[11.165308,47.361632],[11.16546,47.361661],[11.1655,47.361767],[11.165889,47.361802],[11.165876,47.361845],[11.165664,47.361898],[11.165983,47.361958],[11.165784,47.36207],[11.165798,47.362143],[11.16572,47.362201],[11.166115,47.362222],[11.166096,47.362269],[11.165819,47.362371],[11.166164,47.362457],[11.16574,47.362629],[11.166189,47.362693],[11.166076,47.362773],[11.166213,47.362836],[11.166054,47.362981],[11.165426,47.363363],[11.1653,47.363622],[11.165446,47.363895]]],"type":"MultiLineString"},"id":"tirol:5075","properties":{"description":"Ein Flowtrail mit Kurven, kleinen Tables, Rollern und einfachen naturbelassenen Abschnitten. Für Neulinge ist dieser blaue Trail gut befahrbar, bietet aber auch den fortgeschrittenen Bikern von der Berg-­- bis zur Talstation jede Menge Flowtrail-­-Fun.","difficulty":"leicht","down_m":230,"kind":"trail","length_m":2028,"level":"easy","name":"Kitty Twister","sections":[{"closed":false,"variant":false}],"source":"tirol","status":"open","up_m":0,"updated":"2026-05-19"},"type":"Feature"},{"geometry":{"coordinates":[[[11.401234,47.285273],[11.401427,47.285333],[11.401576,47.285489],[11.402006,47.285761],[11.402373,47.28618],[11.403123,47.286398],[11.403253,47.28646],[11.403288,47.286537],[11.40392,47.286498],[11.404152,47.286723],[11.404158,47.286612],[11.404288,47.286635],[11.404194,47.286374],[11.403835,47.286263],[11.403574,47.28631],[11.403549,47.28628],[11.403883,47.286183],[11.404171,47.286257],[11.404305,47.286206],[11.40437,47.286221],[11.40444,47.286427],[11.404684,47.286429],[11.404796,47.286547],[11.404849,47.286882],[11.4049,47.286913],[11.405152,47.28685],[11.405285,47.286925],[11.405509,47.286883],[11.406184,47.286902],[11.406375,47.286801],[11.406844,47.286801],[11.406827,47.286748],[11.406717,47.286722],[11.406565,47.286755],[11.406318,47.28673],[11.406103,47.286823],[11.405534,47.286698],[11.405198,47.286726],[11.405139,47.286672],[11.405203,47.286586],[11.405127,47.286126],[11.405017,47.286025],[11.40481,47.286042],[11.404745,47.285804],[11.404401,47.285749],[11.404162,47.285796],[11.403807,47.285772],[11.403745,47.285652],[11.403521,47.285519],[11.403292,47.285112],[11.40338,47.284962],[11.403526,47.284984],[11.403544,47.285048],[11.403441,47.285146],[11.403492,47.285261],[11.403587,47.285281],[11.403547,47.285124],[11.403599,47.285101],[11.403717,47.285313],[11.403787,47.285293],[11.403745,47.285134],[11.40391,47.284894],[11.4039,47.284687],[11.404006,47.284445],[11.404006,47.284258],[11.403587,47.28385],[11.403281,47.28344],[11.403082,47.283307],[11.402933,47.283291],[11.402942,47.283253],[11.403197,47.283247],[11.402671,47.28314],[11.402592,47.283026],[11.402626,47.282879],[11.402535,47.282765],[11.402222,47.282556],[11.401911,47.282497],[11.401941,47.282423],[11.401873,47.282292],[11.401698,47.282238],[11.401914,47.282243],[11.402177,47.282398],[11.402564,47.282459],[11.402781,47.282558],[11.402826,47.282535],[11.402398,47.282198],[11.40192,47.281956],[11.401677,47.281924],[11.401686,47.28189],[11.401783,47.281894],[11.402523,47.281988],[11.402892,47.282266],[11.403188,47.282381]]],"type":"MultiLineString"},"id":"tirol:5078","properties":{"description":"Der Stadtwaldtrail startet vom Wilhelm-Greil-Weg / Bergstation Hungerburgbahn in östlicher Richtung. Etwa auf der Hälfte des Trails kann zum roten \\\"Arzler Alm Trail\\\" (5007)&nbsp;gewechselt werden. Nach ein paar gemeinsamen Metern verläuft der Trail Richtung Westen bis zur MTB-Strecke \\\"Waldweg Hungerburg\\\" (MTB 5005). Nach einem kurzen, gemeinsamen Bergauf-Stück und einigen Kehren endet der Trail kurz oberhalb des Schillerweges.Der als \\\"blau\\\" eingestufte Trail ist leicht zu bewältigen, der Untergrund besteht hauptsächlich aus einer feinen Schotterschicht aber er bietet auch versierten Fans zahlreiche Möglichkeiten, sich an diversen Sprüngen und Hindernissen (Double, Table) - welche alle umfahrbar oder überrollbar sind - zu versuchen.&nbsp;Am Ziel angelangt besteht die Möglichkeit über den \\\"Arzler Alm Trail\\\" (5007) bis Innsbruck-Mühlau zu fahren.","difficulty":"leicht","down_m":150,"kind":"trail","length_m":2078,"level":"easy","name":"Stadtwaldtrail","sections":[{"closed":false,"variant":false}],"source":"tirol","status":"open","up_m":10,"updated":"2026-05-19"},"type":"Feature"},{"geometry":{"coordinates":[[[11.368026,47.282571],[11.367957,47.282465],[11.36747,47.282263],[11.36771,47.282251],[11.36806,47.282355],[11.368073,47.282314],[11.367664,47.282149],[11.368079,47.282229],[11.3689,47.282034],[11.369256,47.281894],[11.369968,47.281333],[11.369926,47.281218],[11.37011,47.28092],[11.370304,47.280836],[11.370543,47.280619],[11.370489,47.280487],[11.370685,47.280386],[11.37094,47.280343],[11.371282,47.280408],[11.371503,47.28029],[11.371756,47.280225],[11.371899,47.280234],[11.37211,47.280135],[11.371818,47.279659],[11.372046,47.279164],[11.372011,47.278904],[11.3721,47.27874],[11.372445,47.278463],[11.372981,47.278234],[11.373346,47.278017],[11.373314,47.277822],[11.373373,47.277613],[11.373321,47.277482],[11.373241,47.27744],[11.372858,47.277472],[11.372833,47.277429],[11.373323,47.277135],[11.373604,47.277066],[11.374054,47.277054],[11.374218,47.276901],[11.374403,47.276871],[11.374204,47.276733],[11.374313,47.276611],[11.374123,47.276302],[11.373834,47.276079],[11.373332,47.275946],[11.373358,47.275877],[11.373661,47.275866],[11.373806,47.275917],[11.373842,47.275879],[11.373461,47.275746],[11.373342,47.275622],[11.373332,47.275498],[11.372984,47.275408],[11.373429,47.275386],[11.373554,47.275324],[11.373699,47.275349],[11.373791,47.275313],[11.373772,47.275269],[11.373247,47.275104],[11.373251,47.27504],[11.373661,47.274974],[11.374225,47.274983],[11.374307,47.274933],[11.373991,47.274846],[11.373493,47.274895],[11.373175,47.274845],[11.372992,47.274737],[11.372669,47.274708],[11.372422,47.274607],[11.372168,47.274656],[11.371912,47.274555],[11.371833,47.274298],[11.371508,47.274176],[11.371619,47.274116],[11.371425,47.273918],[11.371185,47.273874],[11.371001,47.274005],[11.370881,47.274325],[11.370459,47.274546],[11.370243,47.274734],[11.369902,47.274822],[11.369807,47.274986],[11.369529,47.275176],[11.369451,47.275172],[11.369573,47.274345],[11.369471,47.274396],[11.369417,47.274327],[11.368565,47.274425],[11.368206,47.274163],[11.368166,47.273959],[11.368346,47.273624],[11.368242,47.273553],[11.368127,47.27354],[11.368114,47.273432],[11.367896,47.273373],[11.36787,47.273255],[11.367974,47.273177],[11.367957,47.273092],[11.367682,47.272885],[11.367493,47.272843],[11.367577,47.272717],[11.367547,47.272518],[11.367439,47.272359],[11.367193,47.272206],[11.366877,47.272152],[11.366741,47.27193],[11.366527,47.271754],[11.366429,47.271755],[11.366266,47.271875],[11.366098,47.272003],[11.36609,47.272079],[11.366011,47.272057],[11.365944,47.271898],[11.366041,47.271609],[11.365997,47.271386],[11.365773,47.271291],[11.36592,47.27107]],[[11.374304,47.274948],[11.37484,47.275105]]],"type":"MultiLineString"},"id":"tirol:5081","properties":{"description":"Der mittelschwere Hofwaldtrail ist kurvenreich angelegt und verläuft überwiegend im Wald. Ausgehend vom Bärfallweg führt der Trail zunächst in südlicher Richtung bis zum Planötzenhof. Von dort verläuft der Singletrail dann Richtung Westen und mündet in Sadrach am Beginn der MTB-Route Unterer Hofwald (MTB 5001) in die Forststraße ein.","difficulty":"mittelschwierig","down_m":270,"kind":"trail","length_m":2891,"level":"medium","name":"Hofwaldtrail","sections":[{"closed":false,"variant":false},{"closed":false,"variant":true}],"source":"tirol","status":"open","up_m":20,"updated":"2026-05-19"},"type":"Feature"},{"geometry":{"coordinates":[[[11.538221,47.313133],[11.538112,47.313199],[11.538034,47.313098],[11.537959,47.313118],[11.53782,47.313017],[11.537738,47.313056],[11.537676,47.31292]]],"type":"MultiLineString"},"id":"tirol:5097","properties":{"description":"Die Zunter Line im Bikepark Bettelwurf ist ein knackig kurzer, sehr leichter (grüner) Trail mit einfachen Anliegerkurven und sanften Wellen.","difficulty":"leicht","down_m":10,"kind":"trail","length_m":69,"level":"easy","name":"Zunter Line","sections":[{"closed":false,"variant":false}],"source":"tirol","status":"open","up_m":0,"updated":"2026-05-19"},"type":"Feature"},{"geometry":{"coordinates":[[[11.537658,47.31291],[11.537532,47.312886],[11.537528,47.312727],[11.537735,47.312425],[11.537836,47.31236],[11.538056,47.311872],[11.537963,47.311472],[11.53799,47.311377]]],"type":"MultiLineString"},"id":"tirol:5098","properties":{"description":"Der als schwarz eingestufte Fallbach Trail ist ein naturbelassener Trail mit vielen Wurzeln, Steinen, Sprüngen und Absätzen. Wurzelteppiche wechseln sich mit losem Untergrund ab.","difficulty":"schwierig","down_m":30,"kind":"trail","length_m":188,"level":"hard","name":"Fallbach Trail","sections":[{"closed":false,"variant":false}],"source":"tirol","status":"open","up_m":0,"updated":"2026-05-19"},"type":"Feature"},{"geometry":{"coordinates":[[[11.538451,47.313119],[11.538265,47.313038],[11.538255,47.312931],[11.538104,47.312998],[11.538034,47.312943],[11.538041,47.312819],[11.538298,47.312638],[11.538157,47.312635],[11.537721,47.312754],[11.53789,47.312578],[11.538247,47.312354],[11.538207,47.312314],[11.538085,47.312342],[11.538036,47.312402],[11.537971,47.312365],[11.538518,47.311881],[11.53847,47.311833],[11.538275,47.311895],[11.538368,47.311678],[11.538487,47.311596],[11.538291,47.311595],[11.538425,47.311422],[11.53822,47.311458],[11.53816,47.311432],[11.538365,47.31128],[11.538076,47.311267],[11.5382,47.311125],[11.538025,47.31107]]],"type":"MultiLineString"},"id":"tirol:5099","properties":{"description":"Die blaue Bettelwurf Line im Bikepark Bettelwurdf ist eine durchgehend geshapte Flow-Line mit griffigem Untergrund. Steilkurven und Tables Jumps laden zum Flow-Vergnügen ein.","difficulty":"leicht","down_m":50,"kind":"trail","length_m":491,"level":"easy","name":"Bettelwurf Line","sections":[{"closed":false,"variant":false}],"source":"tirol","status":"open","up_m":0,"updated":"2026-05-19"},"type":"Feature"},{"geometry":{"coordinates":[[[11.538454,47.313117],[11.538504,47.312762],[11.538379,47.312718],[11.538433,47.312581],[11.538111,47.312503],[11.538407,47.312341],[11.538393,47.312301],[11.538317,47.3123],[11.538322,47.312143],[11.538547,47.311903],[11.538424,47.311747],[11.538654,47.311575],[11.538449,47.31153],[11.538587,47.311394],[11.538463,47.311369],[11.53842,47.311286],[11.538471,47.311213],[11.538235,47.311097],[11.538024,47.311063]]],"type":"MultiLineString"},"id":"tirol:5100","properties":{"description":"Die beiden als rot gekennzeichneten Trails (Hunds Trail und Walder Trail) im Bikepark Bettelwurf&nbsp;sind naturbelassene Trails mit Wurzeln, Steinen und leichten Absätzen sowie losem und abwechslungsreichem Untergrund.","difficulty":"mittelschwierig","down_m":50,"kind":"trail","length_m":327,"level":"medium","name":"Hunds Trail","sections":[{"closed":false,"variant":false}],"source":"tirol","status":"open","up_m":0,"updated":"2026-05-19"},"type":"Feature"},{"geometry":{"coordinates":[[[11.538616,47.313043],[11.538639,47.312934],[11.538575,47.312862],[11.538535,47.312561],[11.538361,47.312485],[11.538486,47.312339],[11.538482,47.312237],[11.538404,47.3122],[11.538382,47.312115],[11.538536,47.312026],[11.538612,47.311916],[11.538634,47.311811],[11.53852,47.311756],[11.538672,47.311665],[11.538654,47.311575],[11.538449,47.31153],[11.538587,47.311394],[11.538463,47.311369],[11.53842,47.311286],[11.538471,47.311213],[11.538235,47.311097],[11.538024,47.311063]]],"type":"MultiLineString"},"id":"tirol:5101","properties":{"description":"Die beiden als rot gekennzeichneten Trails (Hunds Trail und Walder Trail) im Bikepark Bettelwurf sind naturbelassene Trails mit Wurzeln, Steinen und leichten Absätzen sowie losem und abwechslungsreichem Untergrund.","difficulty":"mittelschwierig","down_m":50,"kind":"trail","length_m":296,"level":"medium","name":"Walder Trail","sections":[{"closed":false,"variant":false}],"source":"tirol","status":"open","up_m":0,"updated":"2026-05-19"},"type":"Feature"},{"geometry":{"coordinates":[[[11.537905,47.310878],[11.537841,47.310977],[11.537963,47.310989],[11.538008,47.311057],[11.537978,47.311292],[11.538115,47.311645],[11.538112,47.311849],[11.537959,47.312269],[11.53763,47.312651],[11.537577,47.3128],[11.537626,47.31289],[11.538268,47.313155],[11.53804,47.313411],[11.538066,47.313594],[11.537973,47.313732],[11.538088,47.313969]]],"type":"MultiLineString"},"id":"tirol:5102","properties":{"description":"Der blaue \\\"Milky Way\\\" ist der einzige Uphill-Trail und bringt die Biker:innen wieder zum Start der übrigen Lines. Damit vervollständigt er das Angebot im Bikeparks Bettelwurf .","difficulty":"mittelschwierig","down_m":10,"kind":"trail","length_m":399,"level":"medium","name":"Milky Way Uphil Trail","sections":[{"closed":false,"variant":false}],"source":"tirol","status":"open","up_m":50,"updated":"2026-05-19"},"type":"Feature"},{"geometry":{"coordinates":[[[11.538292,47.313166],[11.538412,47.313186],[11.538608,47.313055],[11.538854,47.313072],[11.539234,47.313235],[11.539289,47.313507],[11.539183,47.313539],[11.538408,47.313304],[11.538394,47.313191]],[[11.538408,47.313297],[11.53857,47.313301],[11.538678,47.313354]],[[11.53841,47.31325],[11.538599,47.313289],[11.538893,47.313457]],[[11.538412,47.313186],[11.538608,47.313055],[11.538833,47.313068],[11.539244,47.313252],[11.539234,47.313295],[11.538805,47.313106],[11.538575,47.3132],[11.538419,47.313197]],[[11.5386,47.313191],[11.538419,47.313197],[11.538525,47.313083],[11.538833,47.313068],[11.539188,47.313199],[11.539248,47.313292],[11.538968,47.313163],[11.538732,47.31328],[11.538575,47.3132]],[[11.539216,47.313356],[11.538979,47.31345],[11.538778,47.313344],[11.538816,47.313292],[11.53898,47.313306],[11.539004,47.313351],[11.538881,47.313317],[11.53886,47.313358],[11.539059,47.313412]],[[11.539134,47.313352],[11.539032,47.313324]]],"type":"MultiLineString"},"id":"tirol:5103","properties":{"description":"Die Skills Area im Bikepark Bettelwurf umfasst neben einem Pumptrack-Übungsgelände, einen Übungstrail mit Kurven sowie Übungs-Jumps in verschiedenen Höhen. Auf dem Geschicklichkeitsparcours können Biker:innen ihr Können unter Beweis stellen.ACHTUNG: Die Skills Area ist bei Regen und Nässe&nbsp;NICHT BEFAHR!!!!","difficulty":"leicht","down_m":10,"kind":"trail","length_m":198,"level":"easy","name":"Skills Area","sections":[{"closed":false,"variant":false},{"closed":false,"variant":true},{"closed":false,"variant":true},{"closed":false,"variant":true},{"closed":false,"variant":true},{"closed":false,"variant":true},{"closed":false,"variant":true}],"source":"tirol","status":"open","up_m":10,"updated":"2026-05-19"},"type":"Feature"},{"geometry":{"coordinates":[[[11.50411,47.154848],[11.503803,47.154257],[11.503576,47.153947],[11.503392,47.153846],[11.503394,47.153645],[11.503302,47.153426],[11.502654,47.152805],[11.502406,47.152635],[11.502193,47.152362],[11.502092,47.152166],[11.502071,47.151958],[11.501917,47.15172],[11.501993,47.151393],[11.502213,47.151205],[11.501986,47.1509],[11.501584,47.150671],[11.500907,47.150422],[11.500698,47.150303],[11.500496,47.15026],[11.499985,47.149834],[11.499838,47.149519],[11.499754,47.149117],[11.499794,47.148803],[11.499516,47.148137],[11.499328,47.147858],[11.49892,47.147639],[11.498484,47.147268],[11.498139,47.147239],[11.497806,47.146865],[11.497423,47.146619],[11.496808,47.146307],[11.496035,47.146043],[11.49554,47.145396],[11.495683,47.144892],[11.495761,47.144852],[11.495867,47.14464],[11.495891,47.14429],[11.496182,47.143895],[11.496505,47.143616],[11.496538,47.143405],[11.496783,47.143284],[11.496853,47.14319],[11.497077,47.142587],[11.497486,47.142107],[11.49766,47.141999],[11.497711,47.141799],[11.498255,47.141531],[11.498644,47.141479],[11.499465,47.140969],[11.499831,47.14087],[11.50013,47.140711],[11.501258,47.140682],[11.501437,47.140705],[11.502175,47.140979],[11.502432,47.140954],[11.502696,47.141002],[11.503147,47.140945],[11.50337,47.141002],[11.503598,47.141202],[11.503891,47.141208],[11.504062,47.141259],[11.504234,47.141251],[11.504682,47.141071],[11.504961,47.141041],[11.505645,47.141225],[11.506351,47.141272],[11.506748,47.141426],[11.506858,47.141537],[11.507025,47.141488],[11.50764,47.141493],[11.507921,47.141569],[11.508206,47.141713],[11.508724,47.14171],[11.509229,47.142003],[11.509632,47.142105],[11.509698,47.142178],[11.510521,47.142512],[11.511184,47.142888],[11.512285,47.143721],[11.512709,47.143836],[11.51295,47.143968],[11.513312,47.144025],[11.514211,47.144272],[11.514372,47.144466],[11.514218,47.144556],[11.514156,47.144674],[11.514405,47.144799],[11.514143,47.14517],[11.51445,47.145552],[11.51465,47.145604],[11.51479,47.14558],[11.515367,47.145383],[11.515783,47.145565],[11.515983,47.145729],[11.515868,47.145845],[11.51528,47.146184],[11.515251,47.146298],[11.515388,47.146424],[11.515676,47.146544],[11.516043,47.146626],[11.516468,47.146558],[11.516818,47.14671],[11.517797,47.14684],[11.51807,47.14672],[11.518353,47.146712],[11.518709,47.146852],[11.519031,47.14709],[11.519197,47.147384],[11.51942,47.147449],[11.519716,47.147617],[11.519798,47.147834],[11.519682,47.148154],[11.520123,47.148502],[11.52036,47.148555],[11.520603,47.148848],[11.520684,47.149089],[11.520414,47.149339],[11.520525,47.149529],[11.521101,47.149773],[11.52127,47.149889],[11.521584,47.149956],[11.521971,47.150109],[11.52222,47.150145],[11.522482,47.150333],[11.523235,47.15044],[11.524565,47.151002],[11.525327,47.151102],[11.525982,47.151109],[11.526252,47.151391],[11.526349,47.151425],[11.526799,47.151459],[11.527893,47.151644],[11.52831,47.151584],[11.528499,47.151632],[11.528694,47.15177],[11.53097,47.151769],[11.531603,47.152228],[11.531782,47.152635],[11.531883,47.152718],[11.53246,47.152712],[11.533167,47.153015],[11.534022,47.153011],[11.53434,47.153144],[11.534594,47.153126],[11.534803,47.153187],[11.535107,47.153372],[11.535448,47.153484],[11.536837,47.153638],[11.537875,47.153616],[11.538136,47.153593],[11.538312,47.153528],[11.538604,47.153178],[11.538899,47.152949],[11.53909,47.152895],[11.539437,47.152897],[11.53946,47.152566],[11.539689,47.152159],[11.539834,47.152089],[11.540195,47.152075],[11.540465,47.152114],[11.540892,47.152262],[11.54225,47.15241],[11.542382,47.152477],[11.542612,47.152763],[11.543051,47.153116],[11.542989,47.153473],[11.543152,47.153839],[11.543372,47.154047],[11.543464,47.154377],[11.543475,47.155222],[11.542998,47.155898],[11.542976,47.15625],[11.542722,47.156357],[11.542508,47.156335],[11.541903,47.156682],[11.541352,47.157208],[11.541137,47.157482],[11.541018,47.15806],[11.541083,47.158284],[11.541118,47.158357],[11.541495,47.158423],[11.541618,47.158574],[11.541536,47.158722],[11.540993,47.159015],[11.541053,47.159452],[11.541424,47.1595],[11.541784,47.159634],[11.54188,47.159745],[11.541924,47.159827],[11.541798,47.15994],[11.541732,47.16015],[11.541563,47.160258],[11.541647,47.160491],[11.541763,47.160582],[11.542204,47.160778],[11.542717,47.160788],[11.543026,47.160711],[11.543499,47.160841],[11.543718,47.161091],[11.544351,47.161606],[11.544443,47.161828],[11.544588,47.161899],[11.544854,47.16195],[11.545537,47.161791],[11.546036,47.16176],[11.546372,47.161851],[11.5466,47.162122],[11.546962,47.162254],[11.547287,47.162497],[11.547677,47.162433],[11.548074,47.162462],[11.548351,47.162411],[11.549097,47.162474],[11.549317,47.162457],[11.549538,47.16238],[11.549903,47.162123],[11.55019,47.16204],[11.550466,47.161839],[11.551045,47.161549],[11.551689,47.161281],[11.551869,47.161238],[11.552189,47.161306],[11.552514,47.161315],[11.552917,47.161181],[11.553275,47.160996],[11.553476,47.160967],[11.553577,47.160805],[11.553867,47.160629],[11.553918,47.160512],[11.55431,47.160296],[11.554542,47.160056],[11.555009,47.160017],[11.55541,47.159835],[11.556222,47.159707],[11.557002,47.159995],[11.557179,47.160113],[11.557584,47.16013],[11.557765,47.160299],[11.557931,47.160277],[11.559019,47.16092],[11.559169,47.161155],[11.559889,47.161514],[11.560014,47.161536],[11.560427,47.161455],[11.561025,47.161493],[11.561345,47.161396],[11.561548,47.161445],[11.562392,47.161425],[11.562892,47.161499],[11.563187,47.16164],[11.563495,47.161675],[11.563648,47.161808],[11.564231,47.162056],[11.564679,47.16239],[11.564932,47.162454],[11.565366,47.162679],[11.565701,47.162769]]],"type":"MultiLineString"},"id":"tirol:522","properties":{"description":"Ein echtes Highlight für konditionsstarke Biker*innen! Schon die Auffahrt von Pfons mit über 1.000 Hm bis zum Start bei der Frontalalm ist eine Herausforderung. Der Trail führt über die Miesl- und Seapenalm bis zur Grafmartalm im hinteren Navistal und begeistert mit atemberaubenden Ausblicken auf die Zillertaler und Stubaier Alpen.&nbsp;Es startet ein Trailvergnügen auf knapp 10 km Länge, immer oberhalb der Waldgrenze im freien Almgelände, das in Tirol wohl einmalig ist. Der Trail bietet viel Abwechslung mit einem steten Wechsel zwischen Steigungen, Abfahrten und flachen Wegabschnittten. Kurz nach der Mieslalm ist ein steiler Wegabschnitt&nbsp;(200 Hm) zu überwinden, der nochmals eine echte Herausforderung für Kraft und Kondition darstellt. Danach geht's recht gemütlich über die Seapen- und Zehenteralm bis zur Grafmartalm.","difficulty":"mittelschwierig","down_m":370,"kind":"trail","length_m":9488,"level":"medium","name":"Naviser Sunnseitn Trail","sections":[{"closed":false,"variant":false}],"source":"tirol","status":"open","up_m":440,"updated":"2026-05-19"},"type":"Feature"},{"geometry":{"coordinates":[[[11.136288,47.312712],[11.135534,47.312786],[11.134966,47.312756],[11.134968,47.312707],[11.136051,47.312413],[11.136621,47.312056],[11.137003,47.31191],[11.137256,47.311633],[11.137355,47.311192],[11.137505,47.310963],[11.136732,47.311041],[11.136573,47.311034],[11.136467,47.310943],[11.136486,47.310743],[11.136678,47.31054],[11.13679,47.310246],[11.136946,47.310055],[11.137215,47.309895],[11.13726,47.3098],[11.137221,47.309763],[11.136812,47.309666],[11.136002,47.309701],[11.1357,47.3098],[11.134815,47.310237],[11.1345,47.310442],[11.13379,47.311092],[11.132763,47.311154],[11.132343,47.311286],[11.131393,47.311778],[11.130496,47.312048],[11.130299,47.312081],[11.129469,47.312075],[11.127886,47.312461],[11.126997,47.312584],[11.126803,47.312646],[11.126511,47.312796],[11.126042,47.313156],[11.125273,47.313886],[11.124599,47.314318],[11.123786,47.314646],[11.123706,47.314657],[11.123858,47.31442],[11.123759,47.313785],[11.123997,47.313118],[11.123983,47.312955],[11.123839,47.312772],[11.12361,47.312718],[11.123445,47.312732],[11.122587,47.313085],[11.12184,47.313589],[11.121307,47.313882],[11.120591,47.314079],[11.119733,47.314437],[11.119299,47.314326],[11.118031,47.314612],[11.116315,47.314813],[11.115164,47.315053],[11.113838,47.315182],[11.113222,47.315432],[11.112782,47.315478],[11.11184,47.315765],[11.111106,47.316058],[11.11053,47.316137],[11.110092,47.316324],[11.109429,47.316529],[11.108536,47.316991],[11.108064,47.317139],[11.107256,47.317264],[11.106587,47.317645],[11.106089,47.317745],[11.105708,47.317974],[11.105425,47.317981],[11.10434,47.318152],[11.102764,47.318018],[11.101866,47.318131],[11.101696,47.318071],[11.101628,47.317927],[11.101422,47.317859],[11.100203,47.317958],[11.099841,47.317931],[11.098837,47.31775],[11.098225,47.317789],[11.098122,47.317754],[11.097674,47.31739],[11.097172,47.317267]]],"type":"MultiLineString"},"id":"tirol:592","properties":{"description":"Singletrail von Mösern über Bairbach bis nach Telfs/Sagl (Schwierigkeitsgrad: S0)","difficulty":"leicht","down_m":480,"kind":"trail","length_m":4286,"level":"easy","name":"Singletrail Alter Möserer Weg","sections":[{"closed":true,"variant":false}],"source":"tirol","status":"closed","up_m":0,"updated":"2026-05-19"},"type":"Feature"},{"geometry":{"coordinates":[[[11.403474,47.287987],[11.404058,47.287925],[11.404233,47.288],[11.404387,47.287982],[11.40455,47.288076],[11.404837,47.28802],[11.404886,47.28809],[11.405082,47.288075],[11.405144,47.288013],[11.405284,47.287998],[11.405459,47.288129],[11.405607,47.288166],[11.405633,47.288123],[11.405504,47.287954],[11.405645,47.287979],[11.405736,47.288083],[11.405794,47.288046],[11.405374,47.287689],[11.405387,47.287606],[11.405473,47.28758],[11.405607,47.287609],[11.405715,47.287727],[11.405769,47.287678],[11.40573,47.287592],[11.405915,47.287648],[11.405999,47.287705],[11.406031,47.287825],[11.406178,47.287896],[11.406463,47.287851],[11.406622,47.28791],[11.40668,47.287809],[11.406821,47.287804],[11.406909,47.287889],[11.407383,47.287972],[11.407494,47.288031],[11.40751,47.287984],[11.407373,47.287904]]],"type":"MultiLineString"},"id":"tirol:596","properties":{"description":"Der Trail startet am Hungerburg-Forstweg, östlich der Hungerburg. Die mittelschwere Strecke ermöglicht jedem geübten Mounainbiker eine spaßige Abfahrt durch den schönen Wald auf einem bestens präpariertem Trail! Wer sich traut kann einige gebaute Hindernisse (\\\"\\\"Doubles\\\"\\\") überwinden oder diese auch sicher umfahren! Nach gut einem halben Kilometer Fahrt mündet der Trail in den Arzler Alm Trail ein, der den gleichen Schwierigkeitsgrad und ähnlichen Trailcharakter aufweist!","difficulty":"mittelschwierig","down_m":90,"kind":"trail","length_m":539,"level":"medium","name":"Hungerburg Trail","sections":[{"closed":false,"variant":false}],"source":"tirol","status":"open","up_m":0,"updated":"2026-05-19"},"type":"Feature"},{"geometry":{"coordinates":[[[11.035497,46.960772],[11.035063,46.96068],[11.034581,46.960666],[11.034178,46.960695],[11.033878,46.960783],[11.033116,46.960756],[11.032447,46.960794],[11.031973,46.960688],[11.03139,46.960651],[11.030645,46.960645],[11.030053,46.960702],[11.029445,46.960603],[11.02907,46.960686],[11.029046,46.960581],[11.028796,46.960766],[11.028586,46.960732],[11.028174,46.960848],[11.027344,46.960971],[11.027028,46.961117],[11.025479,46.961468],[11.024703,46.961394],[11.023015,46.961546],[11.023297,46.961452],[11.023301,46.961405],[11.02268,46.961365],[11.022036,46.961456],[11.020848,46.961342],[11.020258,46.961489],[11.019494,46.961829],[11.019285,46.961872],[11.019071,46.961857],[11.018594,46.96209],[11.01828,46.962154],[11.01745,46.962219]]],"type":"MultiLineString"},"id":"tirol:6000","properties":{"description":"Der ca. 1 km lange Trail ist nur aus eigener Muskelkraft und nicht über Aufstieghilfen erreichbar. Der relativ einfache, super flowige Trail verläuft oberhalb und fast parallel zum alten Windacher Forstweg. Er ist recht breit, der Untergrund reicht von griffigem Stein bis hin zu eher sandigem Waldboden, dem auch Regen nicht viel anhaben kann. ACHTUNG beim schmalen Tor im ersten Viertel des Trails: Es ist zwar schon früh ersichtlich, allerdings muss man beim Öffnen vorsichtig sein, da der Hang links stark abfällt. Der Trail kreuzt den alten Windacher Forstweg zweimal! Bitte auf Wanderer Rücksicht nehmen!","difficulty":"mittelschwierig","down_m":240,"kind":"trail","length_m":1493,"level":"medium","name":"Windach Trail","sections":[{"closed":false,"variant":false}],"source":"tirol","status":"open","up_m":0,"updated":"2026-05-19"},"type":"Feature"},{"geometry":{"coordinates":[[[10.905539,47.200531],[10.905905,47.200166],[10.906033,47.200166],[10.906123,47.20049],[10.906725,47.201251],[10.906781,47.2013],[10.906851,47.201294],[10.90719,47.200746],[10.907347,47.200656],[10.907386,47.200293],[10.907534,47.200138],[10.907484,47.199514],[10.907379,47.199502],[10.90725,47.19964],[10.9072,47.199884],[10.907122,47.199956],[10.906956,47.199956],[10.90686,47.199909],[10.906865,47.19963],[10.906925,47.199475],[10.907176,47.199295],[10.907175,47.199241],[10.906861,47.199249],[10.906559,47.199584],[10.90635,47.199585],[10.906218,47.199514],[10.906103,47.199318],[10.906171,47.199181],[10.90637,47.199025],[10.906369,47.198906],[10.906254,47.198801],[10.906261,47.198733],[10.905943,47.198726],[10.905939,47.19849],[10.905874,47.198446],[10.905641,47.198477],[10.905732,47.198331],[10.905704,47.198283],[10.905446,47.198329],[10.905398,47.198264],[10.905457,47.198129],[10.90516,47.198098],[10.905139,47.198055],[10.90531,47.197894],[10.905329,47.197795],[10.90499,47.197706],[10.904748,47.197706],[10.904639,47.19773],[10.90342,47.198443],[10.903296,47.198615],[10.902894,47.198731],[10.901716,47.199388],[10.901713,47.199436],[10.903274,47.200053],[10.904359,47.200415],[10.904431,47.200459],[10.904465,47.200643],[10.904582,47.200721],[10.905069,47.2008],[10.905539,47.200531]]],"type":"MultiLineString"},"id":"tirol:6002","properties":{"description":"Direkt angrenzend an den Ötztal Radweg (PP unmittelbar neben der Talstation Acherkogelbahn Oetz) beginnt der Übungsparcour mit unterschiedlichen Schwierigkeitsstufen und sorgt für einen einzigartigen eBike „uphill flow“ in Tirol. Der eBiker kann hier Balance, das Überwinden von kleinen Hindernissen, richtiges Schalten, Bergauf-, Bergabfahren sowie Brems- und Kurventechnik üben. Zu Beginn können eBike- Anfänger ihre Geschicklichkeit bei Wellenbahnen und unterschiedlichen Bodenbeschaffenheiten unter Beweis stellen. Ähnlich wie auf Pisten im Winter kann der eBike-Anfänger mit der leichten, blauen Strecke starten und sich bis zur schwierigeren Strecke (Übungstrail Sattelfest) heran tasten. Dabei erreichen die eBiker eine neue Herausforderung mit einem uphill Flow durch den Wald. Die Runde wird vorbei am Erlebnisschwimmbad und Kids Park Oetz bis runter zum Ausgangspunkt komplettiert.","difficulty":"mittelschwierig","down_m":60,"kind":"trail","length_m":1683,"level":"medium","name":"eBike Park Oetz","sections":[{"closed":false,"variant":false}],"source":"tirol","status":"open","up_m":60,"updated":"2026-05-19"},"type":"Feature"},{"geometry":{"coordinates":[[[10.986851,46.956282],[10.987001,46.956128],[10.987593,46.955187],[10.987662,46.954962],[10.988158,46.95431],[10.98843,46.953716],[10.988558,46.953594],[10.988829,46.953087],[10.988933,46.952992],[10.989111,46.953014],[10.989129,46.95306],[10.98906,46.953026],[10.989189,46.952825],[10.989605,46.952452],[10.989813,46.952344],[10.990293,46.952224],[10.990283,46.952288],[10.990128,46.952359],[10.990163,46.952389],[10.990428,46.952353],[10.990272,46.952488],[10.990623,46.952464],[10.990784,46.952296],[10.991088,46.952191],[10.991399,46.951773],[10.991425,46.951926],[10.991261,46.952264],[10.991363,46.952272],[10.991451,46.952176],[10.991535,46.952177],[10.991424,46.952509],[10.991351,46.952572],[10.991381,46.952608],[10.991533,46.952547],[10.991517,46.952688],[10.991607,46.952671],[10.991841,46.95245],[10.992091,46.952396],[10.992239,46.952323],[10.992351,46.952174],[10.992511,46.952122],[10.992252,46.952599],[10.992335,46.952608],[10.992597,46.95237],[10.992613,46.952439],[10.992431,46.952639],[10.992497,46.952652],[10.992559,46.952609],[10.992597,46.952635],[10.992378,46.952863],[10.992344,46.95304],[10.99242,46.953027],[10.992467,46.952927],[10.992704,46.952762],[10.992838,46.952842],[10.992915,46.953041],[10.993117,46.952861],[10.993206,46.952844],[10.993062,46.953122],[10.993089,46.953157],[10.993372,46.953046],[10.993382,46.953113],[10.993266,46.953248],[10.993353,46.953251],[10.993437,46.953174],[10.993537,46.953183],[10.993487,46.953413],[10.993935,46.953248],[10.993895,46.953362],[10.994135,46.95332],[10.994036,46.953457],[10.994133,46.953488],[10.994287,46.953303],[10.994439,46.953223],[10.994454,46.952923],[10.994473,46.952856],[10.994527,46.952861],[10.99462,46.953265],[10.994488,46.953534],[10.994183,46.953797],[10.994186,46.95385],[10.994576,46.953644],[10.994766,46.953499],[10.994835,46.95337],[10.99491,46.953396],[10.994914,46.953462],[10.994682,46.953736],[10.994798,46.953723],[10.995158,46.953484],[10.995175,46.953551],[10.995021,46.953718],[10.995044,46.953753],[10.995843,46.953391],[10.995843,46.953273],[10.995899,46.953262],[10.996056,46.953649],[10.996129,46.953645],[10.996122,46.953529],[10.996167,46.953517],[10.996386,46.953657],[10.996365,46.953457],[10.996521,46.953593],[10.996626,46.953788],[10.996734,46.953707],[10.997081,46.953888],[10.99723,46.953852],[10.997444,46.953926],[10.997629,46.953777],[10.997673,46.953571],[10.997793,46.953755],[10.997863,46.953711],[10.997885,46.953578],[10.99794,46.953589],[10.99798,46.953674],[10.997876,46.954128],[10.998137,46.953976],[10.998453,46.953596],[10.998508,46.953596],[10.998469,46.954067],[10.998369,46.954286],[10.998137,46.954671],[10.997906,46.95489],[10.997991,46.9549],[10.998131,46.954803],[10.998336,46.954574],[10.998391,46.954619],[10.998274,46.954769],[10.998358,46.954781],[10.99849,46.954621],[10.998759,46.954454],[10.99898,46.954166],[10.999053,46.954195],[10.998919,46.954473],[10.998998,46.954487],[10.999126,46.95435],[10.999194,46.954398],[10.998978,46.954845],[10.999023,46.954861],[10.999121,46.954793],[10.999127,46.954969],[10.999227,46.955105],[10.998732,46.955504],[10.998824,46.955504],[10.999014,46.955354],[10.999053,46.955382],[10.998719,46.95577],[10.998678,46.955884],[10.998813,46.955789],[10.998946,46.955825],[10.999042,46.955708],[10.999213,46.955747],[10.999308,46.955635],[10.999595,46.955666],[10.999665,46.955378],[10.999729,46.955384],[10.999743,46.955574],[10.999793,46.955578],[10.999839,46.955333],[10.999924,46.955399],[10.999951,46.95551],[11.000018,46.95534],[11.000143,46.95545],[11.000328,46.955493],[11.000351,46.955444],[11.000208,46.955296],[11.000433,46.955055],[11.000484,46.955078],[11.00051,46.955341],[11.000581,46.955334],[11.000564,46.955127],[11.000626,46.955107],[11.000713,46.955276],[11.000773,46.95528],[11.000816,46.955212],[11.000929,46.955334],[11.000974,46.955314],[11.000955,46.955187],[11.00115,46.955297],[11.001221,46.955043],[11.001365,46.954874],[11.00144,46.955038],[11.001414,46.955186],[11.001466,46.955215],[11.001614,46.954882],[11.001671,46.954899],[11.001782,46.955178],[11.001871,46.955149],[11.001925,46.954914],[11.002128,46.955176],[11.002195,46.955187],[11.002293,46.954908],[11.002375,46.954892],[11.00249,46.95501],[11.002567,46.954841],[11.002643,46.95483],[11.002613,46.955146],[11.002702,46.955148],[11.002757,46.954989],[11.002829,46.954979],[11.002869,46.955272],[11.002774,46.955421],[11.002944,46.955432],[11.002975,46.955478],[11.002751,46.955587],[11.002764,46.95562],[11.002853,46.955601],[11.002871,46.955661],[11.002766,46.955803],[11.002775,46.95603],[11.002672,46.956113],[11.002785,46.956133],[11.002969,46.956037],[11.003057,46.956039],[11.003159,46.955735],[11.003337,46.955563],[11.003406,46.955575],[11.003445,46.955765],[11.003687,46.95591],[11.00375,46.956067],[11.003535,46.956395],[11.003091,46.956611],[11.002988,46.95672],[11.003465,46.956696],[11.003479,46.956746],[11.003246,46.956808],[11.003417,46.956863],[11.003262,46.956957],[11.003061,46.957231],[11.002951,46.957284],[11.003006,46.957342],[11.002861,46.957453],[11.002675,46.957487],[11.002759,46.957551],[11.002639,46.957598],[11.003471,46.957524],[11.003553,46.957555],[11.003547,46.957632],[11.003282,46.957695],[11.003502,46.957789],[11.003727,46.95769],[11.00398,46.957653],[11.004188,46.957704],[11.004232,46.957629],[11.004863,46.957474],[11.004447,46.9582]]],"type":"MultiLineString"},"id":"tirol:6003","properties":{"description":"\\\"Teäre\\\" bedeutet im Ötztaler Dialekt eigenwillig, eigensinnig und stur – seinen eigenen Weg gehen. Genau das trifft auf die Teäre Line zu - sie macht alles anders als die anderen, war einst der Auftakt in der Bike Republic und hat heute schon einen kleinen Legendenstatus.&nbsp;Obwohl der Trail nur bergab führt, verlangt er einiges an Kondition. Von „Fast“-Anfängern bis zu Profis ist für alle etwas dabei. Der Trail startet bei der Mittelstation Gaislachkogl, führt direkt bis nach Sölden und folgt dem Flow Country Prinzip: Über 130 coole Anlieger sind auf den gut 5 km mit wenig Gefälle zu surfen, dazu kommen Wellen, Wallrides und die spektakuläre&nbsp;Holzschnecke - Achterbahnfeeling vom Feinsten. Die Sprünge und etwas technischeren Passagen können alle umfahren werden.ACHTUNG! Auf den letzten 800 m ab der Rauthalm ist die Line ein Shared Trail (Wandern UND Biken), daher ist hier besondere Vorsicht geboten!","difficulty":"mittelschwierig","down_m":570,"kind":"trail","length_m":4959,"level":"medium","name":"Teäre Line","sections":[{"closed":false,"variant":false}],"source":"tirol","status":"open","up_m":0,"updated":"2026-05-19"},"type":"Feature"},{"geometry":{"coordinates":[[[10.997845,46.95416],[10.997326,46.955386],[10.997428,46.955388],[10.997492,46.955336],[10.997772,46.954744],[10.997876,46.95471],[10.997844,46.954894],[10.997916,46.955165],[10.997613,46.955557],[10.997826,46.955576],[10.99811,46.955257],[10.998172,46.955287],[10.998135,46.955383],[10.997939,46.955585],[10.998018,46.955603],[10.998124,46.955507],[10.998193,46.955534],[10.998122,46.955671],[10.997894,46.955812],[10.998042,46.955794],[10.998274,46.955683],[10.998394,46.955541],[10.998557,46.955452],[10.998645,46.955272],[10.998889,46.955105],[10.999197,46.955133]]],"type":"MultiLineString"},"id":"tirol:6004","properties":{"description":"Zäh, mühsam, ausdauernd, hart im Nehmen, nicht leicht unterzukriegen – auf gut Ötztalerisch: zaah.&nbsp;Die Zaahe Line ist ein forderndes, hartnäckiges, nicht leicht unterzukriegendes Ding und serviert die geballte Airtime in der Bike Republic - eine zähe Sache eben. Je nach Geschwindigkeit Tempo präsentiert sich diese Strecke von spielerisch bis mega- anspruchsvoll. Aber wer es fahr- und kopftechnisch drauf hat, für den ist die Jumpline, die von der Teäre Line (MTB 6003) abzweigt, die perfekte Spielweise. Die satten Drops, Roller und Steilkurven suchen ihre Meister – und werden sie mit Sicherheit finden. ACHTUNG! Diese Line ist nur für technisch sichere Biker*innen mit viel Erfahrung geeignet!","difficulty":"schwierig","down_m":70,"kind":"trail","length_m":640,"level":"hard","name":"Zaahe Line","sections":[{"closed":false,"variant":false}],"source":"tirol","status":"open","up_m":0,"updated":"2026-05-19"},"type":"Feature"},{"geometry":{"coordinates":[[[10.986855,46.951642],[10.98673,46.951877],[10.987056,46.95198],[10.986897,46.952345],[10.986961,46.952349],[10.987076,46.952196],[10.987167,46.952242],[10.987034,46.952634],[10.987081,46.952827],[10.987044,46.953872],[10.98686,46.954432],[10.986936,46.954425],[10.987021,46.954246],[10.987093,46.954269],[10.987098,46.954386],[10.986931,46.955172],[10.986873,46.956061],[10.986841,46.956279],[10.986661,46.956376],[10.986668,46.95665],[10.986442,46.957541],[10.986506,46.957552],[10.986564,46.957447],[10.986608,46.957462],[10.9866,46.957751],[10.986186,46.958454],[10.985942,46.958705],[10.985994,46.958731],[10.986423,46.958438],[10.986498,46.958498],[10.986155,46.958932],[10.986221,46.959266],[10.986167,46.959822],[10.985786,46.960878],[10.985888,46.961019],[10.985855,46.96126],[10.985733,46.961496],[10.985842,46.96178],[10.985791,46.962087],[10.985613,46.962369],[10.985679,46.962488],[10.985549,46.96269],[10.985558,46.962904],[10.98529,46.963227],[10.985411,46.96323],[10.985878,46.962944],[10.985977,46.962683],[10.986053,46.962641],[10.986168,46.962658],[10.986169,46.962891],[10.986252,46.963062],[10.986351,46.963064],[10.986507,46.962811],[10.986575,46.963057],[10.986632,46.963032],[10.986634,46.962854],[10.986714,46.962851],[10.986741,46.963072],[10.98621,46.963867],[10.985946,46.964089],[10.985926,46.964183],[10.985981,46.96421],[10.986043,46.964076],[10.986138,46.964013],[10.986206,46.96404],[10.986067,46.964157],[10.986133,46.964298],[10.98607,46.964373],[10.985835,46.964453],[10.985366,46.96452],[10.985367,46.96456],[10.98562,46.964569],[10.985601,46.964607],[10.985125,46.964685],[10.98458,46.964698],[10.984564,46.964737],[10.984758,46.964747],[10.984584,46.964836],[10.983612,46.964906],[10.983491,46.964979],[10.983639,46.965034],[10.984135,46.965076],[10.984834,46.965278],[10.985612,46.965424]]],"type":"MultiLineString"},"id":"tirol:6005","properties":{"description":"Ein \\\"eebmer\\\" Weg ist im Ötztaler Dialekt ein Weg ohne Steigung oder Gefälle.Ein wenig bergab geht es auf der verspielten Eebme Line aber durchaus und so ist sie nicht nur ideal für Einsteiger*innen, sondern auch ideal zum Spaß haben. Die Line ist eine super entspannte und spaßige Strecke und startet direkt bei der Mittelstation Gaislachkogl. Sie endet etwas oberhalb der Talstation Langeggbahn und geht nach einem kurzen Transferabschnitt in die Ohn Line über. Die Line führt direkt ins Herz des Trailnetzes der Bike Republic und verläuft so lässig, fast eben (eebm!) dahin, sodass sie der ideale Warm-Up Ride ist.","difficulty":"leicht","down_m":260,"kind":"trail","length_m":2510,"level":"easy","name":"Eebme Line","sections":[{"closed":false,"variant":false}],"source":"tirol","status":"open","up_m":0,"updated":"2026-05-19"},"type":"Feature"},{"geometry":{"coordinates":[[[10.985664,46.965429],[10.987045,46.96538],[10.987868,46.965266],[10.988283,46.965123],[10.988366,46.964962],[10.988298,46.964639],[10.988352,46.964644],[10.988492,46.964913],[10.98854,46.964905],[10.988505,46.964582],[10.988439,46.964497],[10.988473,46.964434],[10.989337,46.964142],[10.98945,46.96393],[10.989612,46.963839],[10.98983,46.963616],[10.990091,46.963188],[10.99005,46.962819],[10.9901,46.962765],[10.990158,46.962789],[10.990193,46.963058],[10.990245,46.963037],[10.990249,46.962918],[10.990326,46.962949],[10.990425,46.963375],[10.990308,46.963807],[10.990107,46.964021],[10.990288,46.964277],[10.990107,46.964661],[10.989994,46.964726],[10.990084,46.964766],[10.990173,46.964641],[10.990256,46.964664],[10.990097,46.96492],[10.990126,46.964965],[10.9904,46.964878],[10.99065,46.964678],[10.990895,46.964325],[10.990914,46.963867],[10.991014,46.963718],[10.991292,46.963534],[10.991396,46.963357],[10.991725,46.963178],[10.991958,46.962905],[10.992023,46.962929],[10.991934,46.963121],[10.991695,46.96343],[10.991768,46.963439],[10.992013,46.963254],[10.991902,46.963522],[10.991977,46.963546],[10.992224,46.963295],[10.992296,46.963309],[10.992306,46.963596],[10.992189,46.963941],[10.992073,46.964067],[10.992067,46.964282],[10.992168,46.964371],[10.992228,46.964659],[10.992224,46.964982],[10.992303,46.965097],[10.992236,46.965216],[10.99237,46.965368],[10.992295,46.965492],[10.991994,46.965616],[10.992031,46.965659],[10.992323,46.965561],[10.992368,46.96558],[10.991898,46.965846],[10.991792,46.965985],[10.991854,46.966014],[10.992034,46.965887],[10.992186,46.96588],[10.992422,46.965768],[10.99247,46.965783],[10.991791,46.966372],[10.9911,46.966683],[10.991028,46.966784],[10.991097,46.966888],[10.991293,46.966912],[10.991446,46.966866],[10.991624,46.966729],[10.992825,46.966556],[10.993614,46.966194],[10.99523,46.96575],[10.995375,46.965678],[10.995448,46.965569],[10.995501,46.965593],[10.995452,46.965679],[10.99522,46.965866],[10.995283,46.965878],[10.995411,46.965794],[10.995612,46.965572],[10.995669,46.9656],[10.995613,46.96581],[10.995668,46.965817],[10.99592,46.965428],[10.995874,46.964976],[10.995804,46.964885],[10.996048,46.964056],[10.996226,46.963901],[10.996566,46.963369],[10.996589,46.963092],[10.996833,46.962914],[10.996908,46.962747],[10.996827,46.962657],[10.996973,46.962698],[10.997024,46.962876],[10.997099,46.962741],[10.997209,46.9627],[10.997051,46.962575],[10.996906,46.962542],[10.996876,46.962466],[10.997114,46.962264],[10.997214,46.961832],[10.997182,46.961614],[10.99758,46.961374],[10.997907,46.960892],[10.998091,46.96086],[10.998249,46.960649],[10.998622,46.960512],[10.998778,46.960327],[10.998909,46.960255],[10.999008,46.960063],[10.999544,46.959682],[10.999628,46.959512],[11.000078,46.95943],[11.000143,46.959379],[11.000186,46.959464],[11.00027,46.959463],[11.000422,46.95936],[11.000548,46.959142],[11.000692,46.959041],[11.002134,46.958566],[11.002509,46.958366],[11.003358,46.958377],[11.003756,46.958289],[11.004074,46.958297],[11.004222,46.958228],[11.004413,46.95822]]],"type":"MultiLineString"},"id":"tirol:6007","properties":{"description":"\\\"Ohn“ - das h wird hörbar ausgesprochen – bedeutet im Ötztaler Dialekt „hinunter“ – und die abwechslungsreiche Ohn Line führt fast bis ins Tal. Die Line ist ein Ride vom Feinsten, für ambitionierte Fahrer*innen genauso wie für Trail-Neulinge.Start ist bei der Talstation der Langeggbahn, die Line endet im Bereich Stiegele und schließt dort an das letzte Teilstück der Teäre Line (MTB 6003) an. Die Ohn Line holt das Maximum aus dem abwechslungsreichen Gelände heraus: sie verläuft über weite Strecken extrem flowig mit Wellen, flachen Anliegern und mit vielen kleinen Richtungswechseln. Ab der Kreuzung Hochsölden verläuft die Line unterhalb der Gletscherstraße und wartet im unteren Teil mit coolen Holzkonstruktionen auf. Da die Line in einem breiten Sektor angelegt wurde, kann die Höhe mit viel Flow in langen, kurvenfreien Abschnitten vernichtet werden. Bei gemütlichem Tempo ist die Line einfach zu fahren, bei höherem Tempo steigt die Schwierigkeitsstufe.","difficulty":"leicht","down_m":380,"kind":"trail","length_m":3816,"level":"easy","name":"Ohn Line","sections":[{"closed":false,"variant":false}],"source":"tirol","status":"open","up_m":10,"updated":"2026-05-19"},"type":"Feature"},{"geometry":{"coordinates":[[[10.975516,46.97473],[10.975502,46.974683],[10.975163,46.974511],[10.974823,46.974204],[10.974909,46.974225],[10.975282,46.974539],[10.975946,46.974786],[10.975933,46.974741],[10.975485,46.974536],[10.975317,46.974388],[10.975076,46.97413],[10.975128,46.974111],[10.975475,46.974436],[10.975527,46.974421],[10.975203,46.974021],[10.97573,46.974419],[10.976993,46.97484],[10.977145,46.97497],[10.977179,46.974941],[10.977081,46.974776],[10.976409,46.97452],[10.9762,46.974381],[10.976221,46.974346],[10.976628,46.974491],[10.977369,46.974624],[10.977567,46.974883],[10.977626,46.974813],[10.977546,46.974575],[10.977159,46.974484],[10.977158,46.974451],[10.977619,46.974502],[10.977913,46.974813],[10.977957,46.97478],[10.977861,46.974448],[10.977159,46.97424],[10.977045,46.974147],[10.977624,46.974215],[10.978008,46.974315],[10.978129,46.974395],[10.978252,46.97464],[10.978366,46.974682],[10.978407,46.974608],[10.978368,46.974346],[10.978468,46.974361],[10.97849,46.974471],[10.978659,46.974568],[10.978681,46.974252],[10.978775,46.974277],[10.97881,46.974426],[10.978914,46.974291],[10.9793,46.97419],[10.979331,46.974231],[10.979048,46.974505],[10.979108,46.974534],[10.979279,46.974401],[10.979593,46.974269],[10.979759,46.974103],[10.979707,46.974049],[10.979451,46.973979],[10.97842,46.973848],[10.978414,46.973813],[10.978817,46.973773],[10.979792,46.973823],[10.98059,46.974005],[10.980167,46.974426],[10.979964,46.974549],[10.979592,46.97495],[10.979547,46.975269],[10.980559,46.975547],[10.98144,46.975698],[10.981468,46.975641],[10.981235,46.975597],[10.981279,46.975547],[10.981845,46.975688]]],"type":"MultiLineString"},"id":"tirol:6008","properties":{"description":"Im Ötztaler Dialekt bedeutet Harbe „immer und immer wieder“. Und genau das passiert nach der ersten (und zweiten...)&nbsp;Fahrt: immer wieder! Die Line ist verspielt, spaßig und spannend – hat aber auch steile Kurven und ist an einigen Stellen exponiert. Schwindelfrei sollte man also durchaus sein!&nbsp;Die Harbe Line&nbsp;bietet durch ihre Lage&nbsp;oberhalb der Waldgrenze einen sensationellen Ausblick (und -zig Fotospots) auf die umliegende Bergwelt.Die blaue Harbe Line ist ca. 2,2 km lang, startet direkt bei der Bergstation der Giggijochbahn und endet in Hochsölden. Auf der kurzen Strecke werden ca. 180 hm überwunden.","difficulty":"leicht","down_m":180,"kind":"trail","length_m":2178,"level":"easy","name":"Harbe Line","sections":[{"closed":false,"variant":false}],"source":"tirol","status":"open","up_m":0,"updated":"2026-05-19"},"type":"Feature"},{"geometry":{"coordinates":[[[11.003798,46.976044],[11.003845,46.976098],[11.003994,46.976092],[11.004849,46.975619],[11.004878,46.975654],[11.0047,46.975843],[11.005164,46.975705],[11.005723,46.975709],[11.005729,46.975529],[11.005983,46.975146],[11.006044,46.97467],[11.006104,46.974682],[11.006165,46.975003],[11.00609,46.975616],[11.006118,46.97586],[11.006221,46.975847],[11.006243,46.975645],[11.006407,46.975474],[11.006566,46.975112],[11.006636,46.975193],[11.006481,46.975684],[11.006535,46.975705],[11.006605,46.975654],[11.007092,46.974849],[11.007184,46.97458],[11.007353,46.973328],[11.007259,46.972847],[11.007326,46.972863],[11.007433,46.973128],[11.0075,46.972853],[11.00756,46.972853],[11.00769,46.973482],[11.007746,46.973493],[11.007707,46.973351],[11.007763,46.973003],[11.007975,46.972501],[11.007823,46.973382],[11.007936,46.973407],[11.008064,46.973678],[11.008156,46.973606],[11.00835,46.97362]]],"type":"MultiLineString"},"id":"tirol:6009","properties":{"description":"Das Wort \\\"Lettn\\\" bedeutet im Tiroler Dialekt Morast, Schlamm, nass und feucht. Tatsächlich führt auch die&nbsp;Lettn Line durch&nbsp;Wald und über mooriges Terrain.Die Lettn Line ist ein 1,4 km blauer Highway, der sich durch Wald und Wiesen zurück zur Talstation der Giggijochbahn schlängelt und mit spielerischen Elementen nicht geizt. Die Feuchtpassagen wurden nachhaltig mit Northsohre-Elementen überbaut. Der Name ist Programm: durch das feuchte Umfeld verspricht die Strecke durchaus Dreck und Schmutz und jede Menge Flowtrail-Spaß. Aufpassen: slippery when wet!","difficulty":"leicht","down_m":130,"kind":"trail","length_m":1388,"level":"easy","name":"Lettn Line","sections":[{"closed":false,"variant":false}],"source":"tirol","status":"open","up_m":0,"updated":"2026-05-19"},"type":"Feature"},{"geometry":{"coordinates":[[[10.95831,46.965637],[10.95818,46.965386],[10.958023,46.965357],[10.956887,46.965688],[10.956611,46.965652],[10.956314,46.965494],[10.956064,46.965446],[10.955031,46.965435],[10.954804,46.965367],[10.95464,46.965149],[10.953873,46.964889],[10.953611,46.964717],[10.953542,46.964544],[10.95358,46.964346],[10.954077,46.963844],[10.954415,46.963734],[10.954727,46.963729],[10.955005,46.96379],[10.955074,46.963765],[10.954877,46.963654],[10.954911,46.963443],[10.954132,46.962891],[10.954402,46.96276],[10.954675,46.96276],[10.95488,46.962869],[10.955323,46.96288],[10.955391,46.962732],[10.955274,46.962674],[10.955369,46.962617],[10.955647,46.962689],[10.956057,46.963281],[10.95668,46.963359],[10.956981,46.963537],[10.957131,46.963507],[10.95733,46.963569],[10.957419,46.963551],[10.957409,46.963514],[10.957128,46.963389],[10.956925,46.963225],[10.957402,46.963302],[10.957892,46.963262],[10.957885,46.96322],[10.957707,46.96322],[10.957399,46.963079],[10.957462,46.963046],[10.957612,46.963101],[10.958157,46.963112],[10.958135,46.963056],[10.957534,46.962958],[10.957554,46.962922],[10.957697,46.962929],[10.957944,46.962861],[10.958471,46.962936],[10.958896,46.963252],[10.958943,46.963203],[10.958816,46.963008],[10.958858,46.962983],[10.959005,46.963147],[10.959267,46.963223],[10.959368,46.963302],[10.959539,46.963326],[10.959593,46.963298],[10.959378,46.963238],[10.959352,46.96317],[10.959583,46.963182],[10.959862,46.96326],[10.960113,46.963407],[10.960184,46.963349],[10.960075,46.963253],[10.959518,46.962984],[10.959393,46.962905],[10.959421,46.962869],[10.960022,46.963048],[10.960776,46.963206],[10.960837,46.963128],[10.960246,46.962983],[10.960103,46.962918],[10.960143,46.962867],[10.960773,46.962953],[10.961231,46.96296],[10.961331,46.963031],[10.961738,46.963095],[10.961862,46.963206],[10.961924,46.963174],[10.961845,46.963066],[10.961921,46.963047],[10.962151,46.963143],[10.962308,46.963368],[10.962826,46.963473],[10.963389,46.963703],[10.963766,46.964125],[10.964387,46.964457],[10.9645,46.964578],[10.96454,46.964476],[10.964135,46.964087],[10.964064,46.963817],[10.96394,46.963596],[10.963827,46.96352],[10.963915,46.963491],[10.9643,46.963645],[10.964614,46.963702],[10.96485,46.963885],[10.964997,46.964085],[10.965227,46.964139],[10.965597,46.96432],[10.965669,46.964413],[10.965632,46.964596],[10.96584,46.96469],[10.965942,46.964887],[10.966725,46.965012],[10.967277,46.965219],[10.967539,46.965383],[10.967589,46.965523],[10.968053,46.96583],[10.968138,46.965786],[10.967976,46.96557],[10.968078,46.965531],[10.9683,46.965712],[10.968767,46.9659],[10.968784,46.965833],[10.968546,46.965643],[10.96866,46.965617],[10.968975,46.965826],[10.969413,46.965887],[10.96979,46.966056],[10.969902,46.966206],[10.970106,46.966274],[10.970261,46.966417],[10.970339,46.96635],[10.970191,46.966166],[10.970229,46.966095],[10.970751,46.966237],[10.970946,46.966355],[10.971025,46.966331],[10.971017,46.966256],[10.970695,46.96611],[10.970804,46.966079],[10.971021,46.966123],[10.971359,46.966241],[10.971952,46.966561],[10.972247,46.966931],[10.972465,46.967046],[10.972546,46.96704],[10.972404,46.966738],[10.972464,46.966679],[10.972617,46.966829],[10.973006,46.967071],[10.97306,46.96706],[10.973055,46.966996],[10.972838,46.966809],[10.972879,46.966789],[10.973846,46.96714],[10.974154,46.967315],[10.974182,46.967247],[10.974044,46.967175],[10.973726,46.966826],[10.973581,46.966754],[10.973538,46.966639],[10.973421,46.966545],[10.973506,46.966517],[10.973736,46.966668],[10.974292,46.966866],[10.973952,46.966442],[10.973715,46.966331],[10.973799,46.966297],[10.974145,46.966404],[10.974276,46.96651],[10.974349,46.966506],[10.973655,46.965866],[10.973711,46.965831],[10.973841,46.965902],[10.974089,46.965929],[10.974409,46.966101],[10.974428,46.966024],[10.974116,46.965837],[10.974123,46.965789],[10.974696,46.966012],[10.974872,46.966187],[10.975109,46.966299],[10.975465,46.966332],[10.975769,46.966438],[10.976155,46.966716],[10.976198,46.96664],[10.975955,46.966357],[10.97583,46.966303],[10.975839,46.966236],[10.976014,46.966265],[10.976462,46.96657],[10.976531,46.966569],[10.976542,46.966519],[10.976398,46.96643],[10.975904,46.965908],[10.975666,46.965779],[10.975747,46.965766],[10.976166,46.965934],[10.976663,46.966221],[10.976666,46.966171],[10.976259,46.965852],[10.976027,46.965736],[10.976302,46.965771],[10.976666,46.965973],[10.976693,46.965876],[10.976453,46.965706],[10.976531,46.965681],[10.977167,46.966049],[10.977188,46.965998],[10.977037,46.965852],[10.977179,46.965855],[10.97755,46.966112],[10.977828,46.966429],[10.977878,46.966427],[10.977872,46.966338],[10.977939,46.966343],[10.978332,46.966664],[10.978738,46.966744],[10.978884,46.966837],[10.978935,46.966765],[10.97883,46.966661],[10.978929,46.966665],[10.979095,46.966888],[10.979139,46.967049],[10.979201,46.967027],[10.979204,46.966903],[10.979101,46.966588],[10.978965,46.966469],[10.978666,46.966372],[10.978684,46.966322],[10.978942,46.966361],[10.979325,46.966498],[10.979648,46.966705],[10.979784,46.966873],[10.979815,46.966805],[10.979724,46.966604],[10.979809,46.9666],[10.979994,46.966721],[10.979928,46.966535],[10.97964,46.966282],[10.978901,46.965848],[10.979043,46.965844],[10.979335,46.965963],[10.979591,46.965994],[10.979835,46.96609],[10.979932,46.966079],[10.980266,46.966236],[10.9803,46.966199],[10.980157,46.966058],[10.97957,46.965769],[10.978952,46.965232],[10.978753,46.964984],[10.978784,46.96496],[10.978871,46.965003],[10.978892,46.964957],[10.978615,46.964643],[10.978294,46.964431],[10.978453,46.964425],[10.979118,46.964605],[10.97958,46.964841],[10.979565,46.964772],[10.979239,46.964518],[10.97884,46.964315],[10.978891,46.964291],[10.979281,46.964388],[10.979222,46.964297],[10.979028,46.964229]]],"type":"MultiLineString"},"id":"tirol:6010","properties":{"description":"\\\"Ollweite\\\" bedeutet im Ötztaler Dialekt draußen, im freien Gelände. Die Ollweite Line ist sowohl konditionell&nbsp;als auch fahrtechnisch eine Herausforderung.Der Einstieg in die abwechslungsreiche Ollweite Line befindet sich etwas unterhalb der Rotkogelhütte in einer Linkskurve und mit sensationellem Blick auf den Gletscher und die Welt der 3000er.Zunächst leicht coupiert, führt die Line um den Speicherteich herum. Über zahlreiche coole Anlieger, Sprünge, verblockte Steinfelder (der legendäre Rock Garden!) und Holzkonstruktionen schraubt sich die Line dann Kurve um Kurve in die Tiefe. Nach der Querung des Rettenbach Trails (MTB 675) geht es zunächst wieder flach und breit weiter, dann aber mit anspruchsvollen Passagen hinunter bis zur Hühnersteign.ACHTUNG! Ein Steig, der knapp oberhalb der Hühnersteign von der Ollweite Line abzweigt, ist von Biker*innen unbedingt zu meiden, da er ausschließlich zum Wandern genutzt wird.","difficulty":"mittelschwierig","down_m":650,"kind":"trail","length_m":6541,"level":"medium","name":"Ollweite Line","sections":[{"closed":false,"variant":false}],"source":"tirol","status":"open","up_m":0,"updated":"2026-05-19"},"type":"Feature"},{"geometry":{"coordinates":[[[11.034457,46.963081],[11.034823,46.96302],[11.034955,46.962899],[11.035324,46.962805],[11.035421,46.962735],[11.036123,46.962588],[11.036362,46.962584],[11.036692,46.962675],[11.037725,46.962582],[11.038547,46.962281],[11.039207,46.962204],[11.039999,46.962275],[11.040124,46.962209],[11.040425,46.962193],[11.041083,46.962003],[11.04154,46.962034],[11.042228,46.962271],[11.043261,46.962441],[11.043285,46.962371],[11.043477,46.962418],[11.043386,46.962266],[11.043819,46.962367],[11.044354,46.962415],[11.045402,46.962396],[11.045955,46.962335]]],"type":"MultiLineString"},"id":"tirol:6014","properties":{"description":"Der Trail ist ca. 1 km lang und verbindet die Lochle Alm mit der Kleble Alm. Er kann beidseitig befahren werden und ist nur durch eigene Kraft und nicht über Aufstiegshilfen erreichbar. Von der Kleble Alm in Richtung Windachtal ist der Trail zwar recht flowig, aber mit kurzen und knackigen Anstiegen und einem steilen Abfahrtsstück gegen Ende versehen. In der Mitte zweigt ein Wanderweg Richtung Stallwiesalm ab: hier links halten! Sehr angenehm ist auch, dass Regen dem Waldboden wenig anhaben kann - und somit fast immer schön fahrbar ist.","difficulty":"mittelschwierig","down_m":100,"kind":"trail","length_m":951,"level":"medium","name":"Lochle Alm Trail","sections":[{"closed":false,"variant":false}],"source":"tirol","status":"open","up_m":20,"updated":"2026-05-19"},"type":"Feature"},{"geometry":{"coordinates":[[[10.780837,47.153848],[10.78084,47.153494],[10.780942,47.153357],[10.7814,47.153076],[10.781173,47.152793],[10.781371,47.152261],[10.781309,47.151689],[10.781419,47.151216],[10.78112,47.150847],[10.780399,47.150347],[10.780164,47.149833],[10.780033,47.149764],[10.780108,47.150178],[10.780341,47.150778],[10.780242,47.150994],[10.7803,47.151274],[10.78026,47.151474],[10.779919,47.151727],[10.779772,47.151739],[10.779594,47.151933],[10.779136,47.152459],[10.779021,47.152722],[10.778868,47.152906],[10.778849,47.153034],[10.778792,47.153033],[10.778778,47.152914],[10.778721,47.152909],[10.778621,47.153076],[10.778285,47.153397],[10.77823,47.153417],[10.778213,47.153355],[10.778151,47.15335],[10.77763,47.153832],[10.777511,47.154024],[10.777584,47.154292],[10.777486,47.154292],[10.777441,47.154082],[10.777355,47.154088],[10.777166,47.155007],[10.777063,47.155212],[10.77691,47.155322],[10.776956,47.155195],[10.776895,47.155182],[10.776596,47.155443],[10.776758,47.155192],[10.776685,47.155155],[10.776567,47.155301],[10.7762,47.155427],[10.776028,47.15571],[10.775989,47.155678],[10.776092,47.155448],[10.776038,47.155433],[10.775974,47.155607],[10.775722,47.15587],[10.775674,47.155832],[10.775789,47.155606],[10.775586,47.155796],[10.775531,47.15578],[10.775629,47.155662],[10.775668,47.155455],[10.775601,47.15547],[10.775513,47.155665],[10.775423,47.155747],[10.775353,47.155746],[10.775452,47.155638],[10.77553,47.15536],[10.775455,47.15535],[10.775282,47.155572],[10.775316,47.155176],[10.775242,47.15518],[10.775127,47.155314],[10.7749,47.155455],[10.774804,47.155648],[10.774741,47.155611],[10.77498,47.155251],[10.774914,47.155218],[10.774407,47.155635],[10.774341,47.155617],[10.774377,47.155439],[10.774298,47.155439],[10.774007,47.155782],[10.773962,47.155732],[10.77411,47.155381],[10.774039,47.155374],[10.773904,47.155538],[10.773846,47.155543],[10.773972,47.155297],[10.773904,47.155273],[10.7736,47.155526],[10.773752,47.155218],[10.773706,47.155176],[10.773258,47.155612],[10.773201,47.155543],[10.773319,47.155365],[10.773287,47.155328],[10.773014,47.155539],[10.772116,47.155944],[10.772045,47.155916],[10.772281,47.155808],[10.772257,47.155756],[10.771578,47.155821],[10.771248,47.156049],[10.771178,47.1565],[10.771087,47.156611],[10.770705,47.156569],[10.770223,47.156905],[10.770184,47.156875],[10.770293,47.156731],[10.770262,47.1567],[10.769846,47.156969],[10.769559,47.157092],[10.769414,47.157109],[10.769538,47.156996],[10.769274,47.157023],[10.769376,47.156928],[10.769185,47.156944],[10.769304,47.156754],[10.769573,47.156679],[10.769328,47.156652],[10.769417,47.156502],[10.768935,47.156643],[10.768104,47.156976],[10.768035,47.156921],[10.768277,47.156714],[10.767778,47.156917],[10.767905,47.156549],[10.767794,47.156538],[10.767643,47.156652],[10.767419,47.15672],[10.767515,47.156491],[10.767065,47.15657],[10.767048,47.156534],[10.767201,47.156431],[10.767167,47.156398],[10.766539,47.156551],[10.765919,47.156918],[10.765899,47.156793],[10.765335,47.157079],[10.765322,47.157031],[10.765522,47.156904],[10.765484,47.156871],[10.764429,47.157308],[10.764404,47.157276],[10.765362,47.156684],[10.765718,47.156329],[10.765709,47.156283],[10.765636,47.156279],[10.765409,47.156487],[10.763965,47.157019],[10.763628,47.157097],[10.763487,47.157188],[10.76341,47.157159],[10.763461,47.156954],[10.76365,47.1567],[10.763824,47.156669],[10.764408,47.156276],[10.764774,47.15593],[10.765027,47.155767],[10.765053,47.155652],[10.764605,47.155871],[10.764676,47.155672],[10.764627,47.155653],[10.76346,47.156133],[10.763437,47.156077],[10.764073,47.155761],[10.764124,47.155717],[10.764091,47.155677],[10.763622,47.1559],[10.763191,47.155974],[10.762928,47.156129],[10.762871,47.15611],[10.762892,47.156076],[10.763259,47.155824],[10.763507,47.155766],[10.763527,47.155688],[10.763403,47.155623],[10.763333,47.155633],[10.762931,47.15579],[10.762897,47.155722],[10.763076,47.155645],[10.763131,47.15554],[10.762692,47.155638],[10.76264,47.155603],[10.763145,47.155282],[10.763322,47.154815],[10.763668,47.154619],[10.764144,47.15418],[10.764143,47.154141],[10.764075,47.15415],[10.763762,47.154367],[10.763641,47.154397],[10.763975,47.154038],[10.763397,47.154302],[10.76335,47.154265],[10.763531,47.154114],[10.763525,47.154066],[10.762062,47.154558],[10.761359,47.15506],[10.760834,47.155221],[10.760217,47.155309]]],"type":"MultiLineString"},"id":"tirol:6024","properties":{"description":"Auf einer Länge von rund 6 km gibt’s auf diesem leichten Trail Fahrspaß für alle Altersgruppen. Der Hochzeiger Family Trail zeichnet sich durch moderates Gefälle (3% bis 8%) mit wenig Hindernissen aus. Dafür gibt’s aber einige Kurven, Anlieger, Wellen und natürlich Spaß ohne Ende sowie mehrere chillige Time-out Plätze...&nbsp;Der Trail startet bei der Mittelstation Hochzeiger in Jerzens. Auf dem „Hexenweg“ führt die Strecke Richtung Hochzeigerhaus/Stalderhütte, bevor er in den malerischen Zirbenwald in der Nähe des Bärensteigs mündet und schließlich an der Bergstation des Lissliftes endet. Es besteht die Möglichkeit auf der roten MTB-Route \\\"Tanzalm\\\" (MTB 609) bis zur Talstation Hochzeiger abzufahren.","difficulty":"leicht","down_m":480,"kind":"trail","length_m":5524,"level":"easy","name":"Hochzeiger Family Trail","sections":[{"closed":false,"variant":false}],"source":"tirol","status":"open","up_m":0,"updated":"2026-05-19"},"type":"Feature"},{"geometry":{"coordinates":[[[11.007861,46.957391],[11.007702,46.958103],[11.007742,46.95816],[11.007829,46.958141],[11.008119,46.957563],[11.008281,46.957388],[11.008495,46.957302],[11.008969,46.956862],[11.009318,46.956022],[11.009538,46.955815],[11.009629,46.955878],[11.009655,46.955849],[11.009953,46.955243],[11.010011,46.955169],[11.010078,46.955165],[11.010036,46.955361],[11.010106,46.955963],[11.010037,46.956375],[11.009748,46.95696],[11.00971,46.957232],[11.009516,46.957626],[11.009111,46.95797],[11.008873,46.958406],[11.008922,46.958444],[11.009048,46.95833],[11.009115,46.95845],[11.00938,46.958638]]],"type":"MultiLineString"},"id":"tirol:6026","properties":{"description":"Der wurzelige Schteckler Trail&nbsp;ist die anspruchsvollere Alternative zur Broaten Line (MTB 6027) und ist der finale Naturtrail-Abschluss dreier Strecken in der Bike Republic.Der Trail startet nach kurzer Fahrt auf der Broaten Line gleich nach der Unterführung auf der linken Seite und zweigt immer wieder ins Gelände ab, wobei die letzte Abzweigung nach links direkt hinter den Tables gerne übersehen wird – diese bietet aber mit einer Steinplatte, einem Rockgarden und einem Drop einen abwechslungsreichen Abschluss und endet direkt an der Talstation der Gaislachkogelbahn.","difficulty":"mittelschwierig","down_m":120,"kind":"trail","length_m":935,"level":"medium","name":"Schteckler Trail","sections":[{"closed":false,"variant":false}],"source":"tirol","status":"open","up_m":0,"updated":"2026-05-19"},"type":"Feature"},{"geometry":{"coordinates":[[[11.004499,46.95825],[11.00491,46.958247],[11.005196,46.958173],[11.005659,46.957876],[11.006197,46.957324],[11.006541,46.956828],[11.00713,46.95617],[11.007226,46.95616],[11.007184,46.956381],[11.007259,46.956407],[11.007456,46.956022],[11.007673,46.955762],[11.00773,46.955787],[11.007634,46.956033],[11.007561,46.956994],[11.007444,46.957246],[11.007776,46.957363],[11.007912,46.957353],[11.008502,46.956745],[11.008543,46.956816],[11.008349,46.957296],[11.008466,46.957286],[11.00878,46.956893],[11.009707,46.955196],[11.009804,46.95511],[11.009753,46.955421],[11.009799,46.955471],[11.010011,46.955169],[11.01009,46.955189],[11.010036,46.955361],[11.010104,46.955821],[11.01005,46.956337],[11.009748,46.95696],[11.00971,46.957232],[11.009516,46.957626],[11.009111,46.95797],[11.008873,46.958406],[11.008922,46.958444],[11.009048,46.95833],[11.009115,46.95845],[11.00938,46.958638]]],"type":"MultiLineString"},"id":"tirol:6027","properties":{"description":"\\\"Broat\\\" - so klingt es, wenn die Ötztaler breit sagen. Die grüne Broate Line ist auch so angelegt und bietet mit einigen Fun-Elementen viel Abwechslung.Die grüne Line, die speziell für Anfänger*innen geeignet ist, startet am Knotenpunkt Teäre Line (MTB 6003) / Ohn Line (MTB 6007) und Nene Trail (MBT 696) und endet im Pumptrack Rolling direkt bei der Talstation der Gaislachkogelbahn. Es handelt sich um eine spaßige, easy zu fahrende Line, die allerdings einen schottrigen Untergrund hat d.h. es kann auch mal rutschig werden. Wer will, kann sich an den Sprungelementen, Wallrides und kleinen Drops&nbsp;austoben, die aber auch umfahren werden können.","difficulty":"mittelschwierig","down_m":190,"kind":"trail","length_m":1595,"level":"medium","name":"Broate Line","sections":[{"closed":false,"variant":false}],"source":"tirol","status":"open","up_m":2,"updated":"2026-05-19"},"type":"Feature"},{"geometry":{"coordinates":[[[10.981899,46.975688],[10.982117,46.975663],[10.982803,46.975761],[10.982984,46.975745],[10.982994,46.975686],[10.982467,46.975602],[10.982223,46.975451],[10.981365,46.97511],[10.981362,46.975061],[10.982649,46.975423],[10.983118,46.975403],[10.983385,46.975479],[10.984348,46.97546],[10.984422,46.975445],[10.984412,46.975407],[10.983866,46.975415],[10.983435,46.975366],[10.983197,46.97523],[10.982871,46.975201],[10.982534,46.975086],[10.982537,46.975053],[10.98297,46.975125],[10.983228,46.975101],[10.983864,46.975187],[10.984038,46.975138],[10.984239,46.975175],[10.984251,46.975124],[10.983292,46.974958],[10.983269,46.974911],[10.983885,46.974936],[10.984641,46.974832],[10.985241,46.974905],[10.985676,46.97476],[10.985975,46.97476],[10.986383,46.974647],[10.98695,46.974558],[10.987224,46.97457],[10.987414,46.974716],[10.987492,46.974599],[10.987601,46.974711],[10.987645,46.974603],[10.987822,46.974695],[10.987816,46.974767],[10.987417,46.975006],[10.987197,46.975204],[10.987144,46.975313],[10.987246,46.975419],[10.987484,46.975187],[10.987531,46.975216],[10.987538,46.975446],[10.98765,46.975536],[10.988089,46.975662],[10.988927,46.975726],[10.988919,46.97566],[10.988722,46.975657],[10.988595,46.975565],[10.988428,46.975359],[10.988404,46.975187],[10.988599,46.975235],[10.988701,46.975204],[10.988829,46.974914],[10.989084,46.974642],[10.989328,46.974405],[10.989662,46.97429],[10.989895,46.974014],[10.989998,46.974015],[10.990025,46.974072],[10.989917,46.974392],[10.989994,46.974382],[10.9901,46.97423],[10.990185,46.974231],[10.99006,46.974426],[10.990129,46.97447],[10.99037,46.974224],[10.990446,46.973434],[10.990534,46.973436],[10.990501,46.973882],[10.990597,46.973936],[10.990678,46.973854],[10.990748,46.973614],[10.990752,46.973391],[10.990816,46.97337],[10.990873,46.973441],[10.990938,46.973392],[10.99076,46.973242],[10.990861,46.973241],[10.990931,46.973303],[10.990961,46.973241],[10.990824,46.973044],[10.990494,46.972925],[10.990308,46.972738],[10.989752,46.972637],[10.989268,46.972642],[10.988671,46.972569],[10.988482,46.972493],[10.987419,46.972529],[10.987361,46.972428],[10.987527,46.972038],[10.987601,46.972077],[10.987636,46.972222],[10.987789,46.972307],[10.988787,46.97215],[10.989818,46.972114],[10.990012,46.972039],[10.990369,46.972127],[10.990653,46.972095],[10.991274,46.972388],[10.991584,46.972381],[10.992038,46.972757],[10.992092,46.972704],[10.991932,46.972417],[10.991835,46.97236],[10.991899,46.97233],[10.992003,46.972377],[10.992097,46.972491],[10.992147,46.972454],[10.991914,46.972193],[10.991653,46.972087],[10.991177,46.971992],[10.991051,46.971846],[10.990853,46.971752],[10.990626,46.971699],[10.99031,46.971698],[10.990192,46.971605],[10.990206,46.971548],[10.990389,46.971618],[10.991066,46.971616],[10.99133,46.971767],[10.991963,46.971843],[10.993005,46.972169],[10.993022,46.972418],[10.993114,46.972481],[10.993329,46.972488],[10.993396,46.972561],[10.993407,46.972927],[10.993472,46.973014],[10.993426,46.973171],[10.993486,46.973191],[10.993631,46.972928],[10.993638,46.972605],[10.993726,46.97263],[10.99369,46.972804],[10.99374,46.97283],[10.993816,46.972704],[10.993742,46.972426],[10.993816,46.972392],[10.993902,46.972512],[10.993932,46.97242],[10.993715,46.971819],[10.993546,46.971563],[10.993047,46.971432],[10.993291,46.971389],[10.993585,46.971455],[10.993538,46.97139],[10.993273,46.971315],[10.993241,46.971273],[10.993288,46.971254],[10.994035,46.971353],[10.993998,46.971297],[10.993599,46.971176],[10.993619,46.971148],[10.993868,46.971182],[10.993694,46.971095],[10.993716,46.971065],[10.99401,46.97111],[10.994202,46.971226],[10.994242,46.971183],[10.994145,46.971062],[10.99448,46.971146],[10.994492,46.971098],[10.994348,46.970963],[10.993881,46.970848],[10.993898,46.970777],[10.994489,46.970765],[10.994828,46.971017],[10.994893,46.971016],[10.994648,46.970714],[10.994375,46.970632],[10.994406,46.970575],[10.994795,46.97067],[10.994986,46.97086],[10.995039,46.970852],[10.995091,46.970726],[10.995191,46.970706],[10.995294,46.970885],[10.995714,46.970499],[10.995809,46.970623],[10.995736,46.970801],[10.995792,46.970953],[10.995965,46.970816],[10.996098,46.970817],[10.996263,46.971045],[10.996272,46.971236],[10.996719,46.971258],[10.996639,46.971498],[10.99671,46.971557],[10.997115,46.971561],[10.997244,46.971417],[10.997115,46.971189],[10.997186,46.971152],[10.997518,46.971434],[10.9977,46.971885],[10.997756,46.971747],[10.997501,46.970954],[10.997556,46.97079],[10.997696,46.97073],[10.99777,46.970832],[10.997763,46.971068],[10.998034,46.971379],[10.998317,46.971872],[10.998273,46.972138],[10.998366,46.972089],[10.9985,46.971889],[10.998529,46.971678],[10.998613,46.971709],[10.998631,46.971859],[10.998705,46.971832],[10.99871,46.97168],[10.998534,46.971325],[10.998932,46.971668],[10.999006,46.971938],[10.999091,46.971886],[10.999129,46.971743],[10.998985,46.971424],[10.999285,46.971617],[10.999339,46.971565],[10.999234,46.971414],[10.999284,46.971384],[10.999421,46.971492],[10.999444,46.971586],[10.999517,46.97158],[10.999387,46.971229],[10.999475,46.971251],[10.999606,46.971412],[10.999863,46.971557],[10.999985,46.971752],[11.000077,46.972594],[11.000394,46.973035],[11.000659,46.973258],[11.000686,46.973348],[11.00054,46.973489],[11.000303,46.974439],[11.000498,46.975309],[11.000596,46.975428],[11.000719,46.975822],[11.000795,46.975708],[11.001072,46.975901],[11.001122,46.975998],[11.001494,46.975628],[11.001561,46.975642],[11.001551,46.975816],[11.001606,46.975844],[11.001758,46.975696],[11.001763,46.975627],[11.002003,46.975701],[11.002076,46.975683],[11.002022,46.975597],[11.00191,46.975547],[11.001922,46.975502],[11.002343,46.975637],[11.00233,46.975559],[11.002166,46.975466],[11.002184,46.975421],[11.002455,46.97552],[11.002566,46.975497],[11.002716,46.97529],[11.002796,46.974863],[11.00338,46.974674],[11.003493,46.974854],[11.003607,46.974911],[11.004034,46.9748],[11.004106,46.974643],[11.003987,46.974374],[11.003975,46.973839],[11.003853,46.973565],[11.003954,46.973584],[11.004071,46.973738],[11.004061,46.97357],[11.004164,46.973666],[11.00421,46.973637],[11.004179,46.973548],[11.004338,46.973642],[11.004346,46.973477],[11.00448,46.973465]]],"type":"MultiLineString"},"id":"tirol:6028","properties":{"description":"Schnell und rasant heißt „Gahe“ im Ötztaler Dialekt und ja, auf der Gahe Line&nbsp;kann man es tatsächlich richtig krachen lassen. Eine gute Kondition sollte man für die rasante Flow-Strecke allerdings schon mitbringen, denn vom Sonnblick in Hochsölden bis nach Grünwald sind 7,3 km zu bewältigen – aber es gibt auch genügend Rastplätze entlang der Strecke. Gestartet wird oberhalb der Waldgrenze in Hochsölden in direktem Anschluss an die Harbe Line (MTB 6008). Mit weiten Anliegern und unzähligen Rollern geht es dann in den Wald hinein. Neben vielen Tables, die von Anfänger*innen einfach überrollt werden können, zeichnet sich die Gahe Line durch jede Menge Flow und eine traumhafte Landschaft aus, die von offenem, coupiertem Gelände bis hin zu dichtem Wald alles zu bieten hat. Am Ende des Trails ist die Weiterfahrt über die Lettn Line (MTB 6009) möglich, welche direkt zur Talstation der Giggijochbahn führt.","difficulty":"leicht","down_m":620,"kind":"trail","length_m":7063,"level":"easy","name":"Gahe Line","sections":[{"closed":false,"variant":false}],"source":"tirol","status":"open","up_m":0,"updated":"2026-05-19"},"type":"Feature"},{"geometry":{"coordinates":[[[10.981442,46.967162],[10.981638,46.967208],[10.98203,46.967426],[10.982074,46.967344],[10.982322,46.967451],[10.982722,46.967854],[10.983304,46.968155],[10.983885,46.968797],[10.984276,46.968954],[10.984414,46.968966],[10.984445,46.96889],[10.984974,46.968654],[10.98485,46.968391],[10.984972,46.968434],[10.985021,46.968317],[10.985141,46.968301]]],"type":"MultiLineString"},"id":"tirol:6029","properties":{"description":"Der kurze, knackige Gampe Trail kann entweder über den blauen Rettenbach Alm Trail (MTB 675) oder über die rote Ollweite Line (MTB 6010) erreicht werden. Bei der Holzbrücke am untersten Abschnitt der Ollweite Line wird links auf die Transferstecke abgebogen.&nbsp;Der Trail führt über einen kurzen, steilen Abschnitt zu den bewirtschafteten Hütten Gampe Alm und Gampe Thaya.","difficulty":"mittelschwierig","down_m":100,"kind":"trail","length_m":445,"level":"medium","name":"Gampe Trail","sections":[{"closed":false,"variant":false}],"source":"tirol","status":"open","up_m":0,"updated":"2026-05-19"},"type":"Feature"},{"geometry":{"coordinates":[[[10.860771,47.231135],[10.860762,47.231273],[10.860274,47.231969],[10.860295,47.232219],[10.860061,47.232564],[10.859742,47.232849],[10.859416,47.232948],[10.859474,47.233009],[10.859872,47.233153],[10.860469,47.233593],[10.860979,47.233623],[10.86225,47.233287],[10.862581,47.233146],[10.862953,47.232645],[10.863541,47.232298],[10.863631,47.232159],[10.863645,47.231998],[10.863901,47.231906],[10.863933,47.231802],[10.863786,47.231523],[10.863635,47.23155],[10.863393,47.231519],[10.863159,47.231417],[10.862644,47.23132],[10.862301,47.231411],[10.861757,47.231482],[10.861275,47.231465],[10.86111,47.231401],[10.860771,47.231135]]],"type":"MultiLineString"},"id":"tirol:6031","properties":{"description":"Vom Startpunkt am Kalkofen folgen Sie der Beschilderung. Der Weg ist anfangs schmal, biegt aber nach der ersten Weggabelung rechts auf einen breiteren Weg ab und führt schließlich über die Forststraße zurück zum Startpunkt.","difficulty":"leicht","down_m":10,"kind":"trail","length_m":992,"level":"easy","name":"WIDI Trail","sections":[{"closed":false,"variant":false}],"source":"tirol","status":"open","up_m":10,"updated":"2026-05-19"},"type":"Feature"},{"geometry":{"coordinates":[[[10.860791,47.23113],[10.86111,47.231401],[10.861275,47.231465],[10.861757,47.231482],[10.862707,47.231312],[10.862288,47.231059],[10.862184,47.230572],[10.861598,47.230028],[10.86142,47.22966],[10.861365,47.229355],[10.861037,47.228932],[10.86105,47.228551],[10.861367,47.227931],[10.861351,47.227664],[10.860787,47.227542],[10.860468,47.2278],[10.860128,47.227835],[10.859931,47.228188],[10.860119,47.228465],[10.860198,47.229049],[10.860462,47.229372],[10.860541,47.229751],[10.860755,47.229896],[10.860573,47.230282],[10.860828,47.230866],[10.860791,47.23113]],[[10.861418,47.229649],[10.861349,47.229626],[10.861228,47.229686],[10.86116,47.229958],[10.861226,47.230089],[10.861143,47.230193],[10.861301,47.230314],[10.861388,47.230683],[10.861065,47.230987],[10.860793,47.231131]]],"type":"MultiLineString"},"id":"tirol:6032","properties":{"description":"Es gibt 2 Varianten, diesen Trail zu bewältigen: kurze Variante (550 m): kurzer steiler Uphill bis zum Jägersteig, rechts abbiegen und über den technisch anspruchsvollen Trail bergab zurück zum Ausgangspunkt. lange Variante (1.100 m): dem Uphill bis zur Forststraße folgen, von dieser rechts abbiegen.","difficulty":"mittelschwierig","down_m":40,"kind":"trail","length_m":1109,"level":"medium","name":"Oachkatzl Trail","sections":[{"closed":false,"variant":false},{"closed":false,"variant":true}],"source":"tirol","status":"open","up_m":40,"updated":"2026-05-19"},"type":"Feature"},{"geometry":{"coordinates":[[[10.860791,47.23113],[10.86111,47.231401],[10.861275,47.231465],[10.861757,47.231482],[10.862706,47.231322],[10.862288,47.231059],[10.862184,47.230572],[10.861598,47.230028],[10.86142,47.22966],[10.861365,47.229355],[10.861037,47.228932],[10.86105,47.228551],[10.861367,47.227931],[10.861351,47.227664],[10.860787,47.227542],[10.860468,47.2278],[10.860151,47.227826],[10.860114,47.22763],[10.859763,47.227695],[10.8594,47.227437],[10.859277,47.227564],[10.859273,47.227835],[10.859195,47.227956],[10.858614,47.228249],[10.858516,47.228377],[10.858546,47.228411],[10.858832,47.228382],[10.859012,47.228408],[10.859208,47.228625],[10.859605,47.228701],[10.859355,47.229119],[10.858984,47.229444],[10.858775,47.229544],[10.858927,47.229744],[10.858905,47.22998],[10.859556,47.230696],[10.859776,47.230773],[10.860234,47.23105],[10.860791,47.23113]]],"type":"MultiLineString"},"id":"tirol:6033","properties":{"description":"Vom Startpunkt am Kalkofen folgen Sie der Forststraße. Biegen Sie rechts ab und folgen Sie dem kurzen steilen Anstieg und dann geradeaus bergab entlang der Forststraße. Es folgen mehrere technisch anspruchsvolle Anstiege und Abfahrten, bis Sie wieder den Ausgangspunkt erreichen.","difficulty":"schwierig","down_m":50,"kind":"trail","length_m":1407,"level":"hard","name":"Wolfsrudel Trail","sections":[{"closed":false,"variant":false}],"source":"tirol","status":"open","up_m":50,"updated":"2026-05-19"},"type":"Feature"},{"geometry":{"coordinates":[[[10.961881,46.963216],[10.962313,46.963607],[10.964006,46.964456],[10.964185,46.964626],[10.964388,46.964723],[10.964597,46.965143],[10.964888,46.965309],[10.965254,46.96562],[10.965527,46.966009],[10.966493,46.96678],[10.966549,46.966908],[10.966432,46.967242],[10.966511,46.96744],[10.966812,46.967767],[10.966791,46.967951],[10.967086,46.968781],[10.967286,46.968947],[10.967529,46.96901],[10.967783,46.969375],[10.967934,46.969426],[10.96806,46.969565],[10.968407,46.969645],[10.968534,46.969796],[10.968788,46.969909],[10.969401,46.970596],[10.969412,46.970695],[10.969271,46.970873],[10.969292,46.97092],[10.969364,46.970918],[10.969559,46.970655],[10.96962,46.970688],[10.969529,46.970839],[10.969766,46.970752],[10.969845,46.970822],[10.969816,46.97095],[10.969469,46.971232],[10.96903,46.971779],[10.969054,46.971828],[10.969194,46.971795],[10.969308,46.97159],[10.969389,46.971573],[10.969369,46.971848],[10.96924,46.971985],[10.969328,46.972009],[10.969701,46.971629],[10.970193,46.971269],[10.970272,46.971275],[10.970178,46.97149],[10.96991,46.971705],[10.969998,46.971732],[10.970267,46.971593],[10.970168,46.971903],[10.970509,46.97189],[10.97069,46.972058],[10.970505,46.97275],[10.970537,46.973486],[10.970832,46.974036],[10.97081,46.975027],[10.970987,46.975363],[10.971165,46.975527],[10.971332,46.975537],[10.971449,46.975478],[10.971783,46.975047],[10.972923,46.974295],[10.973161,46.974164],[10.973362,46.974165],[10.973452,46.974227],[10.973317,46.974347],[10.9732,46.974598],[10.97314,46.974805],[10.973174,46.975062],[10.973453,46.975649],[10.973878,46.976033]]],"type":"MultiLineString"},"id":"tirol:6034","properties":{"description":"Gemächlich trödeln (und dabei gern ein wenig rumblödeln) heißt \\\"Troaln\\\" im Ötztaler Dialekt und dementsprechend ist die 3 km lange Line eine Strecke zum Verschnaufen und Genießen und ideal für Anfänger*innen.Die Troaln Line zweigt vom ersten Teil der Ollweite Line (MTB 6010) am legendären Steinfeld - dem Rock Garden -&nbsp;ab und führt zur Bergstation Giggijochbahn. Der Trail ist eine flach angelegte Strecke, die im ersten Teil über Pumptrack- Elementen verfügt. Der zweite Teil geht in langgezogene Steilkurven und Querfahrten über , die mit mit kleinen Tables gespickt sind.","difficulty":"leicht","down_m":190,"kind":"trail","length_m":2562,"level":"easy","name":"Troaln Line","sections":[{"closed":false,"variant":false}],"source":"tirol","status":"open","up_m":0,"updated":"2026-05-19"},"type":"Feature"},{"geometry":{"coordinates":[[[10.996969,46.953813],[10.997433,46.953625],[10.997486,46.953341],[10.997362,46.95318],[10.997757,46.95299],[10.99777,46.952895],[10.997606,46.952509],[10.997942,46.951892],[10.998135,46.951283],[10.998228,46.951242],[10.99834,46.951278],[10.998428,46.951587],[10.998522,46.951683],[10.998604,46.95163],[10.998595,46.951327],[10.998735,46.951213],[10.99882,46.951196],[10.999032,46.951437],[10.999091,46.951263],[10.999468,46.951479],[10.999556,46.951306],[10.999617,46.951288],[10.999784,46.951581],[10.999814,46.951927],[10.999925,46.952011],[11.000115,46.951709],[11.000375,46.951012],[11.000446,46.950998],[11.00049,46.95104],[11.00051,46.951163],[11.000645,46.951105],[11.000836,46.95041],[11.000951,46.950391],[11.001137,46.950609],[11.001199,46.950587],[11.001287,46.950373],[11.001416,46.9505],[11.001471,46.950496],[11.001408,46.949786],[11.001525,46.949516],[11.00191,46.949314],[11.00241,46.949255],[11.002603,46.949137],[11.002703,46.949176],[11.002749,46.949284],[11.002569,46.949769],[11.002809,46.950406],[11.00287,46.950915],[11.003254,46.952339],[11.003311,46.952345],[11.003368,46.952282],[11.003652,46.951839],[11.003708,46.951562],[11.003988,46.951085],[11.004215,46.950838],[11.004377,46.950778],[11.004373,46.951096],[11.004729,46.951307],[11.00488,46.951699],[11.005194,46.952131],[11.0054,46.953183],[11.005314,46.954023],[11.005511,46.954463],[11.00558,46.95447],[11.00571,46.954362],[11.005826,46.954373],[11.005664,46.954724],[11.005709,46.954747],[11.005831,46.954674]],[[11.001437,46.950507],[11.001514,46.95072],[11.001625,46.95078]],[[10.996975,46.952672],[10.997175,46.952521],[10.997628,46.952452]],[[11.001976,46.949293],[11.002303,46.949072],[11.002365,46.949101],[11.002358,46.949228],[11.00241,46.949255]]],"type":"MultiLineString"},"id":"tirol:6036","properties":{"description":"Die brandneue, rote Jumpline ist ideal für alle, die hoch hinaus wollen – und können. Sie ist breit, flowig und kompromisslos auf Airtime ausgelegt und setzt damit neue Maßstäbe in der Bikeszene.Die rote Hupfar Line startet oberhalb des Einstiegs der Zaahe Line (MTB 6004) auf 1.855 m Seehöhe, Auf einer Länge von rund 2,3 km überwindet die Strecke etwa 280 Höhenmeter.&nbsp;Die bewusst breite Fahrbahn und das gleichmäßige Gefälle sorgen für viel Flow und ein sicheres Fahrgefühl. Perfekt geshapte Tables, Roller und Sprünge erzeugen einen harmonischen Rhythmus und bieten die Möglichkeit, Hindernisse zu umfahren oder gezielt Sprünge zu machen. Die Line führt mit konstantem Tempo und endet nach einem flowigen Auslauf auf rund 1.578 m Seehöhe.Eine Jumpline, die Technik, Style und Spaß ideal verbindet. Flow it. Jump it. Love it!","difficulty":"schwierig","down_m":280,"kind":"trail","length_m":2274,"level":"hard","name":"Hupfar Line","sections":[{"closed":false,"variant":false},{"closed":false,"variant":true},{"closed":false,"variant":true},{"closed":false,"variant":true}],"source":"tirol","status":"open","up_m":0,"updated":"2026-05-19"},"type":"Feature"},{"geometry":{"coordinates":[[[11.000477,46.974994],[11.00056,46.975014],[11.000755,46.975239],[11.000906,46.975556],[11.001048,46.975675],[11.001172,46.975704],[11.001241,46.97566],[11.001246,46.975558],[11.001045,46.975284],[11.001303,46.975118],[11.001689,46.975056],[11.001853,46.975275],[11.002016,46.975307],[11.0023,46.975165],[11.002469,46.974972],[11.003246,46.974707],[11.004047,46.974508]]],"type":"MultiLineString"},"id":"tirol:6038","properties":{"description":"Die Damische Line ist die nächste Herausforderung in der Bike Republic Sölden. Wer sich an das Niveau der Profis heranwagen möchte, ist im Dirt District genau richtig. Es gilt, eine Vielzahl epischer Hindernisse zu bewältigen. Nach dem Start mit einem Drop-in katapultieren sich die Profis mit einem Wing Richtung Quarterpipe und erreichen neue Höhen über diverse Sprünge und Drops aller Art.","difficulty":"schwierig","down_m":60,"kind":"trail","length_m":432,"level":"hard","name":"Damische Line","sections":[{"closed":false,"variant":false}],"source":"tirol","status":"open","up_m":0,"updated":"2026-05-19"},"type":"Feature"},{"geometry":{"coordinates":[[[10.990011,46.974969],[10.990136,46.974817],[10.990363,46.974724],[10.990677,46.974771],[10.990778,46.97483],[10.990905,46.975136],[10.990937,46.975528],[10.991202,46.975804],[10.991335,46.976143],[10.991399,46.976167],[10.991675,46.975958],[10.992583,46.975714],[10.992992,46.975748],[10.993211,46.975716],[10.993764,46.975321],[10.994487,46.974647],[10.994764,46.974797],[10.994965,46.974756],[10.99529,46.974544],[10.995382,46.974528],[10.99547,46.974699],[10.995453,46.974982],[10.995914,46.974816],[10.996028,46.974812],[10.996152,46.974732],[10.996216,46.974794],[10.996198,46.974982],[10.996272,46.975019],[10.996492,46.974744],[10.996857,46.974644],[10.996989,46.974347],[10.997251,46.974449],[10.997326,46.974577],[10.997416,46.974576],[10.997453,46.974303],[10.997388,46.973859],[10.997857,46.974113],[10.99826,46.974269],[10.998201,46.973759],[10.998253,46.97369],[10.998544,46.973624],[10.998742,46.973712],[10.999156,46.973626],[10.999574,46.973404],[10.999781,46.973174],[11.000066,46.973785],[11.000295,46.973836]]],"type":"MultiLineString"},"id":"tirol:6040","properties":{"description":"Benannt und gebaut wurde die Line wurde ganz nach dem Motto der Ötztaler Juniorenweltmeisterin Laura Stigger. \\\"Ollm Volle\\\" - Immer Vollgas. Sie ist Patin für die doppelt schwarze, extrem anspruchsvolle Ollm Volle Line, die nur für sehr (!) versierte Fahrer*innen geeignet ist. Eine vorherige Besichtigung der Strecke ist PFLICHT!&nbsp;Der Einstieg in die Ollm Volle Line erfolgt über die&nbsp;Gahe Line (MTB 6028). Der Start befindet sich unterhalb der Talstation der Hochsöldenbahn und schlängelt sich durch den Wald hinunter bis zur Panorama Alm in Grünwald. Die wettkampftaugliche Enduro-Strecke führt durch steiles, sehr anspruchsvolles Gelände und ist gespickt mit Wallrides, wilden Wurzel- und Steinpassagen, Step-Ups, Step-Downs, Drops und waghalsigen Sprüngen bis zu 14 Metern!&nbsp;","difficulty":"schwierig","down_m":360,"kind":"trail","length_m":1379,"level":"hard","name":"Ollm Volle Line","sections":[{"closed":false,"variant":false}],"source":"tirol","status":"open","up_m":0,"updated":"2026-05-19"},"type":"Feature"},{"geometry":{"coordinates":[[[10.948981,46.922207],[10.949404,46.92223],[10.949501,46.922161],[10.949909,46.922294],[10.950827,46.922249],[10.951164,46.92237],[10.951832,46.922426],[10.951911,46.922357],[10.952177,46.922352],[10.952324,46.922459],[10.952894,46.922493],[10.953063,46.922613],[10.953117,46.922572],[10.95315,46.922347],[10.953304,46.922452],[10.953447,46.922429],[10.953659,46.922482],[10.953641,46.922371],[10.953772,46.922331],[10.953739,46.922275],[10.953869,46.922255],[10.953866,46.922212],[10.954062,46.922091],[10.954141,46.922124],[10.954176,46.922058],[10.954118,46.922],[10.953871,46.922006],[10.953694,46.921874],[10.953683,46.921786],[10.953802,46.921821],[10.953813,46.921735],[10.953923,46.921768],[10.953919,46.921649],[10.953985,46.921592],[10.954307,46.921439],[10.954726,46.92136],[10.955231,46.92115],[10.955822,46.92106],[10.956281,46.921134],[10.956907,46.921347],[10.957042,46.921357],[10.957139,46.921487],[10.957668,46.921509],[10.957652,46.921666],[10.957253,46.921967],[10.95727,46.922066],[10.957663,46.922173],[10.957809,46.922164],[10.957786,46.922418],[10.957914,46.922549],[10.958328,46.922754],[10.958728,46.922831],[10.959204,46.922833],[10.959718,46.922976],[10.960368,46.922872],[10.96092,46.922879],[10.961349,46.922793],[10.961715,46.922797],[10.961922,46.922551],[10.962269,46.922446],[10.962785,46.922498],[10.96293,46.922441],[10.963553,46.922409],[10.963745,46.922505],[10.964056,46.922428],[10.964836,46.922625],[10.965379,46.922541],[10.965559,46.922609],[10.966146,46.922489],[10.966318,46.922533],[10.966416,46.922492],[10.966522,46.922193],[10.966844,46.922059],[10.966876,46.922001],[10.966841,46.921834],[10.96658,46.921745],[10.966858,46.921709],[10.966734,46.921612],[10.967388,46.921553],[10.967481,46.921593],[10.967529,46.921489],[10.967639,46.92152],[10.967665,46.921423],[10.967746,46.921447],[10.967709,46.921275],[10.968718,46.920969],[10.969198,46.92088],[10.969249,46.920922],[10.969235,46.921057],[10.969416,46.921114],[10.969542,46.921289],[10.970059,46.921586],[10.970214,46.921791],[10.970614,46.922088],[10.970943,46.922147],[10.971064,46.922216],[10.971256,46.922208],[10.971348,46.9221],[10.971512,46.922107],[10.971911,46.922245],[10.972152,46.922433],[10.972321,46.922422],[10.972532,46.92253],[10.973486,46.923193],[10.974008,46.923758],[10.974196,46.923848],[10.974333,46.923845],[10.974781,46.924063],[10.975038,46.924304],[10.975122,46.924465],[10.975839,46.924836],[10.975841,46.924958],[10.975962,46.925172],[10.975998,46.925876],[10.976177,46.925985],[10.976227,46.926125],[10.976365,46.926176],[10.976494,46.926304],[10.976985,46.926892],[10.977219,46.927013],[10.977274,46.9272],[10.977187,46.9274],[10.977816,46.927501],[10.978225,46.927651],[10.978435,46.927765],[10.978733,46.92807],[10.978888,46.928443],[10.979401,46.929062],[10.979494,46.929456],[10.980083,46.930193],[10.98005,46.930444],[10.980158,46.930625],[10.980414,46.930784],[10.980974,46.930902],[10.981184,46.931009],[10.981963,46.931633],[10.982201,46.932114],[10.983182,46.932686],[10.983461,46.932758],[10.98359,46.932868],[10.984635,46.93341],[10.986373,46.933869],[10.987406,46.934027],[10.987946,46.934214],[10.988836,46.934429],[10.989082,46.934536],[10.989408,46.934591],[10.989733,46.934562],[10.990357,46.9347],[10.990988,46.934776],[10.991499,46.93474],[10.992488,46.934545],[10.993085,46.934491],[10.993751,46.934294],[10.994233,46.934206],[10.994741,46.934186],[10.995611,46.934227],[10.996853,46.934163],[10.997417,46.93431],[10.998426,46.934447]]],"type":"MultiLineString"},"id":"tirol:6041","properties":{"description":"Um Naturtrail-Fans wieder etwas zurückzugeben haben wir den schwarzen Fernar Trail in unser Bikegebiet aufgenommen. Er erfordert vom Start weg extrem viel technisches Geschick und hohe Konzentration in der ausgesetzten Felslandschaft rund um den Petznersee. Der Trail eignet sich nur für sehr gute Biker*innen und ist - je nach Witterung - von Anfang Juli bis Ende September befahrbar. Der Fernar Trail startet auf knapp 2800 m direkt nach dem Rosi-Mittermaier-Tunnel am Parkplatz des Tiefenbachgletschers. Die Line stürzt sich extrem steil, spitzkehrig und teilweise stark verblockt direkt hinunter auf den Schotterweg, der zur Gaislachalm führt. Versierte Biker*innen können direkt anschließend den Löple Trail (MTB 678), den Nene Trail (MTB 696), die Broate Line (MTB 6027) und den Schteckler Trail (MTB 6026) bewältigen und landen nach insgesamt 11 km Trailaction wieder im Dorf.","difficulty":"schwierig","down_m":840,"kind":"trail","length_m":5214,"level":"hard","name":"Fernar Trail","sections":[{"closed":false,"variant":false}],"source":"tirol","status":"open","up_m":20,"updated":"2026-05-19"},"type":"Feature"},{"geometry":{"coordinates":[[[11.036215,46.962568],[11.035441,46.962591],[11.035168,46.962639],[11.034899,46.96262],[11.034616,46.962698],[11.033668,46.962636],[11.032851,46.962729],[11.030841,46.962793],[11.030078,46.96306],[11.029389,46.963167],[11.02924,46.963249],[11.028791,46.96329],[11.028397,46.96345],[11.028082,46.963647],[11.027841,46.96372]]],"type":"MultiLineString"},"id":"tirol:6042","properties":{"description":"Der Trail ist eine Adaptierung auf der \\\"Stillen Seite\\\" und erweitert das Angebot Stubaier Schutzgebiet. Die als rot deklarierte Strecke startet knapp vor dem Ende des Lochle Alm Trail (MTB 6014) und verläuft geradlinig zum Forstweg zur Stallwiesalm.","difficulty":"mittelschwierig","down_m":60,"kind":"trail","length_m":667,"level":"medium","name":"Stallwies Trail","sections":[{"closed":false,"variant":false}],"source":"tirol","status":"open","up_m":0,"updated":"2026-05-19"},"type":"Feature"},{"geometry":{"coordinates":[[[11.005051,46.96519],[11.004865,46.964949],[11.004856,46.964762],[11.005157,46.964019],[11.005397,46.963646],[11.005469,46.963661],[11.005297,46.963916],[11.005365,46.963928],[11.005509,46.963759],[11.005405,46.963973],[11.005454,46.963999],[11.005571,46.963845],[11.005532,46.964029],[11.005692,46.963824],[11.005672,46.964047],[11.005737,46.964053],[11.0058,46.963772],[11.005878,46.963777],[11.005898,46.963951],[11.005694,46.964594],[11.005731,46.964624],[11.005795,46.964461],[11.005852,46.964462],[11.005885,46.964525],[11.005936,46.96451],[11.005899,46.964369],[11.006161,46.96384],[11.006227,46.963907],[11.006242,46.964184],[11.00632,46.964186],[11.00644,46.963652],[11.006521,46.963617],[11.006488,46.964086],[11.006166,46.964784],[11.006159,46.964833],[11.006317,46.964916],[11.006151,46.965401],[11.006351,46.966237],[11.006421,46.966226],[11.006359,46.9659],[11.006436,46.965904],[11.006522,46.966577],[11.006576,46.966594],[11.006597,46.966527]]],"type":"MultiLineString"},"id":"tirol:6058","properties":{"description":"Die zentrumsnahe Line startet an der Unterwaldstraße. Der breite Trail schlängelt sich mit geringem Gefälle über lange Roller und leichte Steilkurven auf 1,2 km zurück ins Zentrum.Der Name dieser leichten Übungsstrecke bezieht sich auf das Dialektwort für eine Person, die es eher langsam und gemütlich mag und sich nicht aus der Ruhe bringen lässt.","difficulty":"leicht","down_m":80,"kind":"trail","length_m":1171,"level":"easy","name":"Schtirggar Line","sections":[{"closed":false,"variant":false}],"source":"tirol","status":"open","up_m":0,"updated":"2026-05-19"},"type":"Feature"},{"geometry":{"coordinates":[[[10.979238,46.964295],[10.979309,46.964336],[10.9793,46.964428],[10.979565,46.964611],[10.980052,46.96469],[10.980983,46.964999],[10.981448,46.96541],[10.982123,46.965659],[10.9837,46.96666],[10.984387,46.967179],[10.984645,46.967498],[10.984906,46.9676],[10.985032,46.9677],[10.985159,46.967899],[10.98515,46.968292]],[[10.983571,46.966575],[10.983725,46.966583],[10.983972,46.966679],[10.984599,46.96703],[10.983998,46.966505],[10.983249,46.965948],[10.982923,46.965585],[10.98302,46.965434],[10.983353,46.965174],[10.983465,46.965]]],"type":"MultiLineString"},"id":"tirol:6060","properties":{"description":"Die „Schlender Line“ verbindet die beiden idyllischen Almen „Hühnersteign“ und „Gampe Alm“ miteinander und ermöglicht es, mühelos zwischen ihnen hin- und her zu bummeln. Der rote Singletrail verläuft zunächst durch offenes Gelände und später durch den Wald, ohne dass größere Schwierigkeiten zu bewältigen sind. Auf halber Strecke können Biker*innen den Trail vorzeitig verlassen, um in Richtung „Stabele Alm“ und schließlich zur „Ohn Line“ zu gelangen. Wer jedoch bis zu den Gampe Almen fährt, kann auf den urigen Hütten mit großen Sonnenterrassen eine Pause einlegen.&nbsp;Dieser knapp einen Kilometer lange Singletrail ist besonders für E-Biker*innen geeignet und kann in beide Richtungen befahren werden. Somit ist auf den Gegenverkehr zu achten.","difficulty":"mittelschwierig","down_m":30,"kind":"trail","length_m":665,"level":"medium","name":"Schlender Line","sections":[{"closed":false,"variant":false},{"closed":false,"variant":true}],"source":"tirol","status":"open","up_m":10,"updated":"2026-05-19"},"type":"Feature"},{"geometry":{"coordinates":[[[10.795148,47.148574],[10.795223,47.14867],[10.795219,47.148801],[10.795347,47.148854],[10.795187,47.148888],[10.795159,47.148933],[10.795174,47.14903],[10.795333,47.149186],[10.795196,47.149205],[10.795172,47.149289],[10.795328,47.149332],[10.794958,47.149627],[10.794849,47.149847],[10.794899,47.150223],[10.795129,47.150471],[10.794973,47.150733],[10.795015,47.150806],[10.795147,47.150802],[10.795099,47.150886],[10.7955,47.150769],[10.795511,47.150898],[10.794856,47.151006],[10.794876,47.151053],[10.79515,47.151055],[10.795191,47.151096],[10.794688,47.151263],[10.794712,47.151312],[10.794891,47.151306],[10.794928,47.151354],[10.794429,47.151598],[10.794423,47.151759],[10.794184,47.151829],[10.794165,47.151927],[10.793979,47.152111],[10.793965,47.15236],[10.793847,47.152381],[10.793696,47.152336],[10.793394,47.151996],[10.793314,47.152061],[10.793387,47.152203],[10.7932,47.152106],[10.793167,47.151475],[10.792979,47.15126],[10.79306,47.151061],[10.792822,47.151029],[10.792608,47.151139],[10.792542,47.1511],[10.792546,47.151021],[10.792469,47.151007],[10.792376,47.151164],[10.792409,47.151352],[10.792341,47.15137],[10.792117,47.151162],[10.791964,47.150646],[10.791807,47.150348],[10.791317,47.150241],[10.791113,47.150135],[10.790862,47.149958],[10.790757,47.149778],[10.790683,47.149775],[10.790672,47.149872],[10.790504,47.150097],[10.790474,47.150293],[10.790329,47.150502],[10.790332,47.150618],[10.790247,47.150625],[10.790176,47.150539],[10.789937,47.150228],[10.789884,47.150072],[10.789813,47.150094],[10.789793,47.150379],[10.789705,47.150387],[10.789512,47.150003],[10.789529,47.149804],[10.789759,47.149276],[10.789671,47.149226],[10.788966,47.149931],[10.788925,47.15018],[10.788967,47.150298],[10.788879,47.150376],[10.788849,47.150546],[10.788903,47.15073],[10.788824,47.15073],[10.788727,47.150591],[10.788572,47.150513],[10.788561,47.150391],[10.788423,47.150204],[10.788321,47.15024],[10.788257,47.150575],[10.788255,47.15073],[10.788344,47.150869],[10.788298,47.151249],[10.788234,47.151284],[10.788157,47.151258],[10.788003,47.151062],[10.78794,47.151302],[10.787999,47.151587],[10.787928,47.151604],[10.787818,47.151432],[10.787757,47.151466],[10.787703,47.151842],[10.78781,47.15204],[10.787704,47.152065],[10.787623,47.151948],[10.787566,47.152022],[10.787591,47.15222],[10.787826,47.152666],[10.787379,47.153157],[10.787231,47.152853],[10.787094,47.152806],[10.7869,47.152837],[10.786755,47.152739],[10.786721,47.152567],[10.786578,47.15237],[10.786504,47.151929],[10.786435,47.151905],[10.786431,47.152032],[10.786286,47.152301],[10.786207,47.152296],[10.786199,47.152142],[10.785789,47.15157],[10.785348,47.150442],[10.785375,47.149734],[10.785493,47.14943],[10.785509,47.149175],[10.785331,47.148895],[10.785387,47.148626],[10.785103,47.148399],[10.785028,47.148278],[10.785023,47.14792],[10.784932,47.147928],[10.784918,47.148212],[10.78484,47.148211],[10.784776,47.148019],[10.784674,47.147968],[10.784678,47.148137],[10.784551,47.148258],[10.784424,47.14814],[10.784288,47.148153],[10.784049,47.14796],[10.783738,47.147818],[10.783531,47.147546],[10.783453,47.147523],[10.783412,47.147641],[10.783205,47.147711],[10.783237,47.147856],[10.783146,47.147831],[10.783046,47.147687],[10.782918,47.14785],[10.783209,47.14828],[10.783181,47.148697],[10.783065,47.148816],[10.783045,47.149024],[10.782995,47.149028],[10.78289,47.148864],[10.782749,47.148979],[10.782849,47.149235],[10.782597,47.149373],[10.782496,47.149753],[10.782149,47.150196],[10.782185,47.150299],[10.782512,47.150546],[10.782708,47.150767],[10.782694,47.151094],[10.782557,47.151274],[10.782413,47.152279],[10.782144,47.152587],[10.781534,47.15307],[10.781441,47.153086]]],"type":"MultiLineString"},"id":"tirol:6061","properties":{"description":"Der 4,2 km lange Steinbock Trail startet auf knapp 2.500 m direkt beim Ausstieg der Achtersesselbahn Hochzeiger und endet an der Mittelstation Hochzeiger. Der blaue Trail besticht vor allem durch seine flowig angelegten Kurven und Passagen und der grandiosen Aussicht auf die umliegende Bergwelt. Zudem gibt es vor Ort einen Bikeverleih, einen Bike-Waschplatz, Einkehrmöglichkeiten in den Hütten und chillige Time-out Plätze. Auf dem direkt anschließenden, ebenfalls blauen Hochzeiger Family Trail (MTB 6024) besteht die Möglichkeit, bis zur Talstation Hochzeiger weiter zu cruisen. Beide Trails zusammen weisen eine Gesamtlänge von rund 10 km auf.","difficulty":"leicht","down_m":420,"kind":"trail","length_m":4112,"level":"easy","name":"Steinbock Trail","sections":[{"closed":false,"variant":false}],"source":"tirol","status":"open","up_m":0,"updated":"2026-05-19"},"type":"Feature"},{"geometry":{"coordinates":[[[10.825081,47.318977],[10.825169,47.319005],[10.825228,47.319116],[10.825056,47.319485],[10.825448,47.319522],[10.825634,47.319402],[10.82574,47.319439],[10.825785,47.319529],[10.825724,47.319603],[10.825752,47.319714],[10.825577,47.319783],[10.825727,47.319842],[10.825771,47.319953],[10.826379,47.319696],[10.826462,47.32011],[10.82689,47.320093],[10.827069,47.319892],[10.827428,47.319865],[10.827877,47.320005],[10.828186,47.320159],[10.828307,47.320382],[10.828123,47.320688],[10.827492,47.321193],[10.827518,47.321321],[10.827646,47.321415]]],"type":"MultiLineString"},"id":"tirol:6062_0","properties":{"description":"Der ca. 50 lfm lange „Shared Trail” zum Waldspielplatz und zu den eigentlichen Startpunkten der Trails beginnt nördlich der Gafleinbach-Brücke am Verbindungsweg zwischen St. Wendelin und Brunnwald. Er ist als Zugangs- und Ausgangsweg zum Waldspielplatz konzipiert und in beide Richtungen für Fußgänger*innen und Biker*innen nutzbar.&nbsp;Der blaue Flitz Flow Trail ist verspielt, aber dennoch vorhersehbar angelegt. Mit seiner abwechslungsreichen, rhythmischen Linienführung, den größeren Kurvenradien, Wellen und Anliegerkurven bietet er pures Trail-Vergnügen.","difficulty":"leicht","down_m":20,"kind":"trail","length_m":613,"level":"easy","name":"Flitz Flow Trail","sections":[{"closed":false,"variant":false}],"source":"tirol","status":"open","up_m":0,"updated":"2026-05-19"},"type":"Feature"},{"geometry":{"coordinates":[[[10.825193,47.319513],[10.825483,47.319271],[10.825661,47.31921],[10.825861,47.319415],[10.826047,47.319254],[10.826278,47.319165],[10.826323,47.319201],[10.826289,47.319547],[10.826641,47.319334],[10.826811,47.319383],[10.826702,47.319506],[10.826508,47.319547],[10.826555,47.31993],[10.826649,47.320003],[10.826782,47.319996],[10.826884,47.319897],[10.827179,47.319833],[10.827553,47.319852],[10.828265,47.320148],[10.828388,47.320094],[10.828497,47.320157],[10.828688,47.320139],[10.828715,47.320024]]],"type":"MultiLineString"},"id":"tirol:6063","properties":{"description":"Der ca. 50 lfm lange „Shared Trail” zum Waldspielplatz und zu den eigentlichen Startpunkten der Trails beginnt nördlich der Gafleinbach-Brücke am Verbindungsweg zwischen St. Wendelin und Brunnwald. Er ist als Zugangs- und Ausgangsweg zum Waldspielplatz konzipiert und in beide Richtungen für Fußgänger*innen und Biker*innen nutzbar.&nbsp;Der Flitz Kids Trail ist ein spezieller Trail für Kinder, die mit dem Mountainbiken beginnen möchten. Mit flachen Anliegern und sanften kleinen Wellen bietet er die perfekte Umgebung, um die Fahrfähigkeiten zu verbessern – ob auf dem Laufrad oder dem ersten Mountainbike. Hier finden junge Fahrer:innen einen sicheren und spaßigen Einstieg in die Welt des Mountainbikens.","difficulty":"leicht","down_m":20,"kind":"trail","length_m":485,"level":"easy","name":"Flitz Kids Trail","sections":[{"closed":false,"variant":false}],"source":"tirol","status":"open","up_m":0,"updated":"2026-05-19"},"type":"Feature"},{"geometry":{"coordinates":[[[10.827729,47.321422],[10.827913,47.321352],[10.827927,47.32128],[10.828058,47.321187],[10.828223,47.321143],[10.828293,47.321032],[10.828409,47.320972],[10.828496,47.320788],[10.828739,47.320687],[10.828916,47.320546],[10.828994,47.320397],[10.829166,47.320252],[10.829082,47.320047],[10.828155,47.319874],[10.827187,47.319501],[10.827084,47.319406],[10.826915,47.319409],[10.826762,47.319292],[10.826377,47.319381],[10.82634,47.319317],[10.826412,47.319253],[10.826346,47.319095],[10.825892,47.319313],[10.825751,47.319209],[10.825841,47.319105],[10.825819,47.319049],[10.82549,47.319216],[10.825183,47.319511]]],"type":"MultiLineString"},"id":"tirol:6064","properties":{"description":"Der Flitz Up Trail verbindet den Zugang zum Trailpark Nassereith an der Fernpassstraße mit dem Startbereich der beiden Downhill-Trails. Er dient nicht nur als praktische Auffahrt, sondern inszeniert durch thematische Informationstafeln entlang seines Verlaufs auch den gesamten Trailpark.","difficulty":"leicht","down_m":0,"kind":"trail","length_m":615,"level":"easy","name":"Flitz Up Trail","sections":[{"closed":false,"variant":false}],"source":"tirol","status":"open","up_m":20,"updated":"2026-05-19"},"type":"Feature"},{"geometry":{"coordinates":[[[11.019051,46.951089],[11.019806,46.950974],[11.020046,46.950866],[11.020773,46.950829],[11.021424,46.950629],[11.021851,46.950548],[11.02217,46.950369],[11.022556,46.950248],[11.022761,46.950035],[11.023412,46.949724],[11.0242,46.949095],[11.024284,46.948815],[11.024786,46.948646],[11.025032,46.948305],[11.025536,46.947868],[11.025741,46.947811],[11.02592,46.947687],[11.026228,46.947292],[11.02637,46.947],[11.026686,46.946659],[11.026648,46.946387],[11.026821,46.946104],[11.02743,46.945621],[11.027667,46.945273]]],"type":"MultiLineString"},"id":"tirol:664","properties":{"description":"Der Kühtrainschlucht-Trail ist ein technisch sehr anspruchsvoller, schwarz kategorisierter Trail. Er ist beidseitig befahrbar und verbindet die Orte Sölden, Moos und Zwieselstein. Baumwurzeln und Stufen säumen den Weg. Die Kühtrainschlucht war früher die einzige Verbindung zwischen Sölden und Zwieselstein. Heutzutage wird der Trail vor allem von Biker:innen zu spaßigen Zwecken genutzt. Aber Achtung, das Höhenprofil trügt etwas: Gleich zu Beginn hält der Trail schon eine technisch sehr anspruchsvolle Passage bereit. Die Treppen verlangen einiges an Mut, vor allem in Kombination mit dem engen Geländerkorridor. Dazu kommen noch zwei knackige Anstiege, die die Wadl'n nochmal kurz brennen lassen, bevor der flowige Abfahrtsteil folgt.","difficulty":"schwierig","down_m":80,"kind":"trail","length_m":989,"level":"hard","name":"Kühtrain Schlucht Trail","sections":[{"closed":false,"variant":false}],"source":"tirol","status":"open","up_m":50,"updated":"2026-05-19"},"type":"Feature"},{"geometry":{"coordinates":[[[10.99774,46.933992],[10.997085,46.93359],[10.997048,46.933478],[10.997118,46.933084],[10.996914,46.932826],[10.99664,46.932648],[10.995085,46.932378],[10.994208,46.931817],[10.993733,46.931638],[10.993512,46.931614],[10.992361,46.931833],[10.992271,46.931738],[10.992418,46.931588],[10.992216,46.931481],[10.991872,46.931443],[10.991871,46.931243],[10.991805,46.93115],[10.991872,46.931047],[10.992239,46.930686],[10.992403,46.930429],[10.992681,46.930262],[10.991776,46.930283],[10.99168,46.930257],[10.991677,46.930181],[10.992107,46.930057],[10.992475,46.92982],[10.992832,46.929744],[10.992889,46.929657],[10.992808,46.929602],[10.992614,46.929574],[10.992048,46.92964],[10.991924,46.929614],[10.991933,46.929532],[10.992482,46.929372],[10.992496,46.929328],[10.992049,46.929214],[10.991463,46.928873],[10.991257,46.92869],[10.990725,46.928437],[10.990233,46.927943],[10.990159,46.927775],[10.990064,46.927727],[10.990017,46.927612],[10.990057,46.927315],[10.990206,46.92702],[10.99007,46.926872],[10.989735,46.92674],[10.989544,46.926533],[10.989609,46.926488],[10.989774,46.926518],[10.98982,46.926578],[10.990204,46.926604],[10.990118,46.926532],[10.990052,46.926274],[10.989948,46.926131],[10.990087,46.926068],[10.989813,46.925942],[10.98949,46.925615],[10.989376,46.925359],[10.989151,46.925098],[10.989116,46.924945],[10.988878,46.924775],[10.988689,46.924483],[10.988581,46.924412],[10.988531,46.923933],[10.988165,46.923609],[10.987966,46.923267]]],"type":"MultiLineString"},"id":"tirol:668","properties":{"description":"Dieser anspruchsvolle Naturttrail führt am Rande der Bike Republic von der Gailsach Alm nach Bodenegg (bei Zwieselstein) und erfordert technisches Geschick. Der Trail verläuft anfangs sehr flowig über idyllische Almwiesen mit grandioser Aussicht – hier bitte auf dem Weg bleiben, auch wenn die Wiesen locken! Der Trail kreuzt die Forststraße und verläuft dann sogar ein kurzes Stück auf dieser. Ab der Waldgrenze wird es deutlich anspruchsvoller: Spitzkehren, verblockte Stellen, Schiebepassagen und feuchter Waldboden erfordern höchste Konzentration. Der Trail endet an der Venter Landesstraße.","difficulty":"schwierig","down_m":500,"kind":"trail","length_m":2025,"level":"hard","name":"Bodenegg Trail","sections":[{"closed":true,"variant":false}],"source":"tirol","status":"closed","up_m":20,"updated":"2026-05-19"},"type":"Feature"},{"geometry":{"coordinates":[[[10.986867,46.977447],[10.986843,46.977553],[10.986702,46.977701],[10.986351,46.977984],[10.986372,46.978029],[10.986567,46.978006],[10.986601,46.978039],[10.986264,46.978522],[10.986178,46.978773],[10.986171,46.97901],[10.98636,46.979421],[10.986056,46.97965],[10.985834,46.979739],[10.985619,46.979959],[10.985614,46.98002],[10.985807,46.980094],[10.985956,46.980323],[10.986397,46.980418],[10.987485,46.980556],[10.98818,46.98054],[10.988901,46.980827],[10.989021,46.980817],[10.989413,46.980563],[10.990034,46.980526],[10.990141,46.980558],[10.990227,46.980676],[10.990339,46.980726],[10.991053,46.980751],[10.991261,46.980713],[10.992112,46.980757],[10.992377,46.980869],[10.992501,46.981054],[10.992873,46.981093],[10.993157,46.981262],[10.993931,46.981459],[10.994209,46.981605],[10.994525,46.981436],[10.994816,46.98139],[10.99526,46.981386],[10.995829,46.981275],[10.996425,46.98132],[10.997963,46.981718],[10.998938,46.982053],[10.998737,46.981674],[10.998338,46.981169],[10.998333,46.981108],[10.998435,46.981104],[10.999387,46.9816],[10.999525,46.981769],[10.999876,46.982006],[11.000137,46.982279],[11.000674,46.982682],[11.001575,46.982997],[11.002428,46.983138],[11.002712,46.983464],[11.002764,46.983596],[11.002581,46.98412],[11.00257,46.984423],[11.002679,46.984398],[11.002868,46.984248],[11.003391,46.98408],[11.003588,46.984077],[11.003693,46.984123],[11.003743,46.984393],[11.003477,46.98468],[11.00375,46.984683],[11.003627,46.984803],[11.003354,46.984903],[11.003422,46.985044],[11.003281,46.985166],[11.00327,46.985496],[11.003092,46.985742],[11.003228,46.985862],[11.003715,46.985842],[11.003988,46.985987],[11.004019,46.986143],[11.004213,46.986291],[11.003907,46.986318],[11.003752,46.986403],[11.003806,46.986518],[11.004039,46.986558],[11.003865,46.986624],[11.003988,46.986708],[11.003891,46.986791],[11.003713,46.986842],[11.003705,46.986903],[11.003829,46.986974],[11.004253,46.986852],[11.004675,46.986848],[11.004682,46.986906],[11.00447,46.987057],[11.004631,46.987106],[11.004564,46.98724],[11.004633,46.987268],[11.004863,46.987201],[11.005103,46.987007],[11.005567,46.986888],[11.005836,46.986712],[11.005982,46.986764],[11.00616,46.986579],[11.006362,46.986603],[11.006351,46.98637],[11.006461,46.986377],[11.006534,46.98649],[11.00681,46.98641],[11.006895,46.986199],[11.006957,46.986181],[11.007069,46.986235],[11.007095,46.986135],[11.007299,46.986192],[11.007978,46.986591],[11.007928,46.986475],[11.00763,46.986215],[11.007491,46.985915],[11.007393,46.985827],[11.007508,46.985347],[11.007427,46.985071],[11.007517,46.984886],[11.007855,46.984575],[11.008107,46.984471],[11.00828,46.984654],[11.00838,46.984671],[11.008608,46.984441],[11.00878,46.984344],[11.008841,46.983731],[11.00897,46.983426],[11.008841,46.983209],[11.008878,46.983022],[11.00872,46.982685],[11.008544,46.982472],[11.008325,46.98235],[11.008087,46.982109],[11.007768,46.981907],[11.007575,46.98185],[11.007613,46.981818],[11.007461,46.981638],[11.007264,46.981545],[11.006377,46.98087],[11.006043,46.980359],[11.005787,46.98019],[11.005554,46.980104],[11.005594,46.979982],[11.005302,46.979501],[11.004825,46.979283],[11.004233,46.978823],[11.004034,46.978435],[11.003888,46.977911],[11.004,46.97752],[11.004158,46.977337],[11.004169,46.97723],[11.004276,46.977221],[11.004389,46.977465],[11.004521,46.977441],[11.004714,46.97668],[11.004661,46.976584],[11.004509,46.976494],[11.003808,46.976272],[11.003746,46.976187],[11.003747,46.976035]]],"type":"MultiLineString"},"id":"tirol:672","properties":{"description":"Ein technischer Naturtrail mit flowigen Passagen, der sich wunderschön durch den Waldteil der Bike Republic schlängelt. Versierte Biker*innen mit Erfahrung haben hier ihren Spaß. Für Trail-Neulinge&nbsp;ist er nicht komplett befahrbar, bietet aber immer wieder flowige&nbsp;Abschnitte und eignet sich perfekt, um an der Fahrtechnik zu arbeiten.&nbsp;Der rote Leiterberg Trail beginnt in der vierten Kehre unterhalb von Hochsölden - ein Steinmännchen markiert den Einstieg. Erreichbar ist er über die Harbe Line (MTB 6008)&nbsp;oder vom Gaislachkogl via Bartiges Bödele Trail (MTB 676) oder den Rettenbach Alm Trail (MTB 675). Zu Beginn ist der Untergrund eher nass und der Trail recht steil. An der Wegkreuzung (Wanderpfad rechts zur Edelweißhütte) links halten. Der finale Abschnitt zeigt sich technisch anspruchsvoller mit vielen Steinen und massiven Wurzeln und wartet mit technischen Raffinessen auf. Insgesamt kreuzt der Trail sechs Mal den Forstweg und endet schließlich bei den ersten Häusern im Ortsteil Leite. Über die Lettn Line (MTB 6009) geht's flowig zurück nach Sölden.","difficulty":"mittelschwierig","down_m":630,"kind":"trail","length_m":4774,"level":"medium","name":"Leiterberg Trail","sections":[{"closed":false,"variant":false}],"source":"tirol","status":"open","up_m":60,"updated":"2026-05-19"},"type":"Feature"},{"geometry":{"coordinates":[[[11.034732,46.957315],[11.034929,46.957374],[11.035072,46.957476],[11.036106,46.957317],[11.037046,46.957304],[11.037254,46.957419],[11.037383,46.957563],[11.037685,46.957619],[11.037866,46.957748],[11.038072,46.957758],[11.038232,46.957741],[11.038558,46.957605],[11.039525,46.956943],[11.040213,46.957009],[11.040871,46.957126],[11.041641,46.957153],[11.041712,46.957404],[11.041797,46.957479],[11.042172,46.957533],[11.042787,46.95776],[11.043211,46.957794],[11.043232,46.957894],[11.042612,46.958511],[11.042997,46.958639],[11.043483,46.958682],[11.043817,46.958911],[11.043586,46.958907],[11.04371,46.959033],[11.043491,46.959064],[11.043567,46.959187],[11.043312,46.959185],[11.043463,46.959316],[11.043327,46.959365],[11.043614,46.959633],[11.043205,46.959649],[11.043488,46.959784],[11.043897,46.960106],[11.044592,46.960198],[11.045206,46.960406],[11.045209,46.960437],[11.044907,46.960472],[11.044966,46.960668],[11.045042,46.960721],[11.04594,46.960945],[11.046162,46.961114],[11.046427,46.961181],[11.046394,46.961319],[11.046296,46.961374],[11.046297,46.961661],[11.045814,46.961749],[11.045264,46.962001],[11.045406,46.962046],[11.045327,46.962107],[11.046005,46.962328]]],"type":"MultiLineString"},"id":"tirol:673","properties":{"description":"Dieser tiefschwarze Trail ist definitiv nur erfahrenen Bikern zu empfehlen und kann auch für diese einige Schiebepassagen beinhalten. Er gehört zu einem der schwierigsten Naturtrails in der BIKE REPUBLIC SÖLDEN. Aber wer hier ohne Fuß-Absetzer herunterkommt, kann sich richtig feiern lassen! Um den Jägers Notweg Trail zu erreichen, muss man erst einmal etwas in die Pedale treten und die MTB-Route 652 (Brunnenbergalm) hochradeln. In einer Kehre des Forstweges zweigt der Traileinstieg nach links ab. Anfangs führt der Trail über einen alten, zugewachsenen Forstweg und ist durchgehend dem Schwierigkeitsgrad S3 zuzuordnen. Er weist auch etliche S4 Passagen auf: enge Spitzkehren, Felsdurchsetzte Passagen, zum Teil feuchter Untergrund … Nach der Überquerung der Windach Ache muss das Bike für etwa 10 Minuten bergan geschoben bzw. getragen werden, bis wieder ein Fortsweg erreicht wird. Der Trail lässt sich hervorragend mit dem Windach Trail (MTB 6000) kombinieren.","difficulty":"schwierig","down_m":190,"kind":"trail","length_m":1707,"level":"hard","name":"Jägers Notweg Trail","sections":[{"closed":false,"variant":false}],"source":"tirol","status":"open","up_m":140,"updated":"2026-05-19"},"type":"Feature"},{"geometry":{"coordinates":[[[10.979884,46.966095],[10.980383,46.966358],[10.98074,46.966602],[10.980895,46.966818],[10.981338,46.967086],[10.981853,46.967699],[10.98219,46.968334],[10.982193,46.969271],[10.982313,46.969506],[10.98185,46.970131],[10.981797,46.970488],[10.981414,46.970871],[10.981392,46.971158],[10.980766,46.971507],[10.980785,46.971833],[10.979441,46.972958],[10.97952,46.973077],[10.979725,46.973136],[10.980566,46.973332],[10.981761,46.97344],[10.981912,46.973539],[10.981896,46.973914],[10.981551,46.974202],[10.98145,46.974353],[10.981092,46.974592],[10.980697,46.975017],[10.98072,46.975103],[10.980922,46.975272],[10.981898,46.975723],[10.981847,46.976153],[10.981954,46.976725],[10.981914,46.97698],[10.982058,46.977154],[10.982506,46.977489]]],"type":"MultiLineString"},"id":"tirol:675","properties":{"description":"Dieser leichte Trail lässt sich wunderbar flüssig fahren und bietet sensationelle Aussichten. Hier surft man auf sanften Hügeln weit über Sölden hinweg. Der Boden ist leicht sandig und die Strecke ist zum Auftakt gut einsehbar – trotzdem bitte auf die Wanderer*innen achten! Dann geht es ab in den Wald, wo der Trail in einen breiten Forstweg mündet, der nach Hochsölden führt. Unterhalb von Hochsölden kann der Fahrspaß auf dem roten Leiterbergalm-Trail (MTB 672) oder über die asphaltierte Hochsölder Straße ins Tal verlängert werden.","difficulty":"leicht","down_m":20,"kind":"trail","length_m":1642,"level":"easy","name":"Rettenbach Alm Trail","sections":[{"closed":false,"variant":false}],"source":"tirol","status":"open","up_m":10,"updated":"2026-05-19"},"type":"Feature"},{"geometry":{"coordinates":[[[10.985246,46.962793],[10.985034,46.963166],[10.984842,46.963312],[10.984489,46.963384],[10.984332,46.963507],[10.983666,46.963599],[10.980442,46.963329],[10.978822,46.963117],[10.978008,46.962957],[10.977859,46.963076],[10.977889,46.963252],[10.977961,46.963328],[10.978311,46.963496],[10.978972,46.963689],[10.978699,46.963901]]],"type":"MultiLineString"},"id":"tirol:676","properties":{"description":"Der flowige Trail zweigt nach der Mittelstation Gaislachkoglbahn links ab. Ein paar Steine liegen hier im Weg, aber der Trail ist wunderschön fahrbar und geht im sanften Auf und Ab dahin. Der einzige Nachteil: Er ist nicht lang genug, denn so könnte man ewig weiterfahren. Übrigens ist er ein Lieblingsspot unter den Bike-Profi-Fotografen. Da es sich bei diesem Trail um einen Shared-Trail handelt: Bitte auf die Wanderer Rücksicht nehmen!","difficulty":"leicht","down_m":50,"kind":"trail","length_m":766,"level":"easy","name":"Bartiges Bödele Line","sections":[{"closed":true,"variant":false}],"source":"tirol","status":"closed","up_m":10,"updated":"2026-05-19"},"type":"Feature"},{"geometry":{"coordinates":[[[10.987798,46.974642],[10.987678,46.974397],[10.987513,46.974264],[10.987865,46.973986],[10.988089,46.973907],[10.987907,46.973848],[10.987619,46.973833],[10.98714,46.97369],[10.985977,46.973677],[10.986368,46.973477],[10.986529,46.973329],[10.986301,46.973334],[10.986431,46.973193],[10.986764,46.973066],[10.987059,46.972824],[10.987548,46.972661],[10.987782,46.9725]]],"type":"MultiLineString"},"id":"tirol:677","properties":{"description":"Dieser kurze, super flowige und technisch anspruchsvolle Trail startet auf einem Hangrücken unmittelbar neben dem Sonnblick in Hochsölden und endet an der Abzweigung zur Gampe Alm. ACHTUNG - Weidevieh! Am Ende befindet sich ein technisch schwieriger Abschnitt mit engen Spitzkehren, in die sich zum Teil auch noch Regenrinnen eingegraben haben - bitte Vorsicht!","difficulty":"mittelschwierig","down_m":120,"kind":"trail","length_m":497,"level":"medium","name":"Traien Trail","sections":[{"closed":false,"variant":false}],"source":"tirol","status":"open","up_m":0,"updated":"2026-05-19"},"type":"Feature"},{"geometry":{"coordinates":[[[10.995242,46.933823],[10.996014,46.933951],[10.997101,46.933911],[10.997303,46.933994],[10.997251,46.934027],[10.997529,46.934164],[10.997896,46.93428],[10.997988,46.934378],[10.99848,46.934454],[10.99883,46.934458],[10.999659,46.934632],[11.000743,46.935098],[11.000986,46.935381],[11.001084,46.935694],[11.001911,46.936467],[11.002624,46.937527],[11.002634,46.937683],[11.002344,46.937817],[11.002027,46.938121],[11.00123,46.938559],[11.000774,46.939556],[11.000584,46.939646],[11.000448,46.939842],[11.000081,46.940137],[10.998963,46.941791],[10.998506,46.942185]]],"type":"MultiLineString"},"id":"tirol:678","properties":{"description":"Der Löple Trail ist zwar ein roter, aber recht einfach zu fahrender Singletrail, der durchaus in beide Richtungen befahrbar ist. Direkt oberhalb der Gaislachalm zweigt der Trail rechts vom Forstweg ab. Nach einem Waldstück führt er entlang eines Wiesenweges über etwas feuchten Boden. Nach einem Zaun querst du die Skiabfahrt leicht bergauf, um wieder zum Trail-Einstieg zu gelangen. Die Strecke verläuft recht eben, ist aber mit einem kurzen, steilen Gefälle gespickt. Der relativ entspannte Trail führt an der Löple Alm vorbei bis zu einem Weg, in den sich tiefe Regenrinnen eingegraben haben – bitte Vorsicht! Geübte Fahrer können diese Hindernisse easy mit einem Bunny Hop überwinden…","difficulty":"mittelschwierig","down_m":30,"kind":"trail","length_m":1395,"level":"medium","name":"Löple´s Trail","sections":[{"closed":false,"variant":false}],"source":"tirol","status":"open","up_m":40,"updated":"2026-05-19"},"type":"Feature"},{"geometry":{"coordinates":[[[10.990126,46.947923],[10.990356,46.947823],[10.99073,46.947275],[10.991271,46.947013],[10.991627,46.946612],[10.991845,46.946274],[10.992056,46.945525],[10.992207,46.945298],[10.992759,46.944947],[10.993349,46.944671],[10.993837,46.944291],[10.994417,46.944032],[10.994669,46.943853],[10.99474,46.94351],[10.995049,46.943162],[10.995135,46.942607],[10.995294,46.942437],[10.995983,46.942052],[10.996518,46.941933],[10.996834,46.941774],[10.997074,46.941598],[10.997143,46.941465],[10.997387,46.941372],[10.997475,46.941262],[10.998004,46.940938],[10.998329,46.940817],[10.999063,46.940744],[10.999273,46.940643],[10.999394,46.940635],[10.999145,46.941229],[10.999148,46.941524],[10.998963,46.941791],[10.998506,46.942185],[10.997959,46.942857],[10.998158,46.943011],[10.99819,46.943179],[10.998409,46.943356],[10.998464,46.943616],[10.998762,46.943933],[10.99896,46.944394],[10.999199,46.944388],[10.999308,46.944566],[10.999642,46.944688],[10.999903,46.944567],[10.999986,46.944704],[10.999828,46.945009],[10.999875,46.945029],[11.000278,46.944569],[11.000474,46.944775],[11.000653,46.944764],[11.000761,46.944585],[11.000868,46.944521],[11.001176,46.944417],[11.001348,46.944471],[11.00185,46.944277],[11.002255,46.943907],[11.002341,46.943569],[11.002662,46.943568],[11.002751,46.943301],[11.003425,46.944027],[11.003747,46.944207],[11.004185,46.94459],[11.004078,46.945335],[11.003264,46.946442],[11.003142,46.946725],[11.003178,46.946974],[11.003739,46.947511],[11.003759,46.94764],[11.004172,46.947901],[11.004347,46.948071],[11.004552,46.948741],[11.004729,46.94916],[11.004856,46.949286],[11.004444,46.950705],[11.004769,46.950909],[11.00505,46.951232],[11.005113,46.951808],[11.005261,46.952031],[11.005395,46.952482],[11.005676,46.952868],[11.005531,46.953431],[11.005973,46.954362],[11.005818,46.954496],[11.005749,46.954645],[11.005869,46.954663],[11.006204,46.954557],[11.006252,46.954741],[11.006191,46.955046],[11.005728,46.955685],[11.005539,46.956409],[11.005563,46.956839],[11.005336,46.957361],[11.005042,46.957784],[11.004822,46.957901],[11.004649,46.9579],[11.004447,46.9582]]],"type":"MultiLineString"},"id":"tirol:696","properties":{"description":"Der Naturtrail ist ein alter Weg, der mit der Umgebung verschmolzen ist und sich idyllisch in die Landschaft einfügt. Benannt wurde er nach dem Ötztaler Dialektwort für Großvater, weil schon unser Nene (Großvater) diesen Weg gegangen ist.Der Nene Trail beginnt 700 m südlich der Mittelstation Gaislachkogl und verläuft flowig oberhalb der Waldgrenze mit sensationellen Ausblicken auf die Ötztaler Dreitausender. Der Trail ist anspruchsvoll - vor allem bei Nässe, die im oberen Teil gerne auftritt - und zu Beginn verblockt und rutschig. Bei den Almen Löple und Goldegg taucht er in den Wald ein, wo sich der schönste Teil der Strecke befindet. Dieser Abschnitt ist aber auch deutlich anspruchsvoller, da der Untergrund ziemlich wurzelig, steil und steinig ist. Der untere Abschnitt verläuft über Northshore Elemente parallel zur Rodelbahn und mündet im Bereich Stiegele in die Broate Line (MTB 6027). Die Broate Line (MTB 6027) oder der Schteckler Trail (6026) führen zurück zum Pumptrack Rollin im Tal.&nbsp;","difficulty":"schwierig","down_m":640,"kind":"trail","length_m":4001,"level":"hard","name":"Nene Trail","sections":[{"closed":false,"variant":false}],"source":"tirol","status":"open","up_m":0,"updated":"2026-05-19"},"type":"Feature"},{"geometry":{"coordinates":[[[11.0138,47.001444],[11.01395,47.001507],[11.014086,47.001865],[11.013825,47.001961],[11.013573,47.002151],[11.013175,47.00262],[11.013028,47.002907],[11.012505,47.003597],[11.012338,47.004083],[11.011981,47.004528],[11.011491,47.005407],[11.011382,47.005852],[11.011287,47.005987],[11.010997,47.006027],[11.010888,47.006175],[11.010687,47.006299],[11.01058,47.006511],[11.009981,47.006763],[11.009621,47.007236],[11.009168,47.007617],[11.008991,47.007903],[11.007451,47.008273],[11.007187,47.008436],[11.00706,47.008675],[11.007327,47.009004],[11.007325,47.009482],[11.007194,47.009528],[11.006626,47.009544],[11.00654,47.009591]]],"type":"MultiLineString"},"id":"tirol:698","properties":{"description":"Dieser Genuss-Trail auf feinem Waldboden ist perfekt für die Feierabend-Runde. Um zum Einstieg des Trails zu gelangen, muss allerdings etwas in die Pedale getreten werden. Der Kaiser Trail ist über die mittelschwere MTB-Route Kaiserwald (MTB 603) zu erreichen und befindet sich auf der stillen Seite der Bike Republic Sölden. Er zeichnet sich durch seinen flüssigen Verlauf aus, wobei kurze Wurzelpassagen und teilweise abschüssiges Gelände für zusätzliche Herausforderungen sorgen. Bei nassen Bedingungen bleibt der Untergrund oft lange feucht und rutschig. Nach etwa 500 Metern mündet der Trail in den Ötztal-Radweg (11), der entweder taleinwärts zurück nach Sölden oder talauswärts Richtung Längenfeld führt.","difficulty":"mittelschwierig","down_m":80,"kind":"trail","length_m":1194,"level":"medium","name":"Kaiser Trail","sections":[{"closed":false,"variant":false}],"source":"tirol","status":"open","up_m":10,"updated":"2026-05-19"},"type":"Feature"},{"geometry":{"coordinates":[[[11.027762,46.965945],[11.027613,46.965966],[11.027422,46.965819],[11.026614,46.966054],[11.026473,46.965998],[11.026458,46.965763],[11.026239,46.965798],[11.026122,46.965894],[11.025984,46.965898],[11.025649,46.96602],[11.025586,46.965921],[11.025607,46.965747],[11.025491,46.965712],[11.025315,46.965839],[11.025208,46.966081],[11.02504,46.966216],[11.02491,46.966236],[11.024498,46.966057],[11.024222,46.965765],[11.024068,46.965798],[11.024075,46.965555],[11.023979,46.96556],[11.023977,46.965505],[11.023076,46.965804],[11.022524,46.965622],[11.022626,46.965245],[11.022669,46.964703],[11.022856,46.964158],[11.023022,46.964037],[11.02406,46.963685],[11.024205,46.963571],[11.024402,46.963519],[11.023758,46.963177],[11.023527,46.963109],[11.023057,46.96313],[11.022924,46.963211],[11.022282,46.963404],[11.02131,46.963541],[11.019352,46.964006],[11.019156,46.964076],[11.018673,46.964367],[11.017939,46.964611],[11.017717,46.964808],[11.016929,46.964937],[11.01686,46.964878],[11.016796,46.964604],[11.016673,46.964474],[11.016815,46.964095],[11.016711,46.964103],[11.016596,46.9642],[11.016503,46.964184],[11.016776,46.963768],[11.01668,46.963742],[11.016601,46.963796],[11.016523,46.963756],[11.016409,46.963491],[11.016508,46.96293],[11.016913,46.962419],[11.016923,46.962232],[11.016664,46.962222],[11.016349,46.962128],[11.016168,46.962292],[11.015666,46.962369],[11.01537,46.962507],[11.015133,46.962535],[11.014995,46.962774],[11.014647,46.963016],[11.014623,46.9633],[11.014439,46.963466]]],"type":"MultiLineString"},"id":"tirol:699","properties":{"description":"Der Trail zählt zu den Highlights in Sölden! Die Strecke präsentiert eine spannende Mischung aus flowigen und technisch sehr anspruchsvollen Abschnitten. Hinauf gelangt man nur aus eigener Kraft, denn auf dieser \\\"stillen\\\" Seite kommen Biker:innen, die lieber selbst in die Pedale treten, auf ihre Kosten.Der Trail startet unterhalb der Kleble Alm und ist über die MTB-Route Kleble Alm (MTB 651) erreichbar. Im oberen Bereich gilt es einige nasse, knifflige Stellen zu überwinden, die von flowigen Passagen abgelöst werden. Der Mittelteil - in dem der Trail den Forstweg in sehr knappen Abständen kreuzt - hält wieder kurze, technisch anspruchsvolle Abschnitte bereit. Diese können jedoch über den Forstweg umfahren werden. Der Trail endet auf dem Forstweg, der schließlich in die asphaltierte Straße zurück ins Dorf übergeht.","difficulty":"mittelschwierig","down_m":520,"kind":"trail","length_m":2172,"level":"medium","name":"Singletrail Kleblealm","sections":[{"closed":false,"variant":false}],"source":"tirol","status":"open","up_m":0,"updated":"2026-05-19"},"type":"Feature"},{"geometry":{"coordinates":[[[10.496975,47.102323],[10.49683,47.102044],[10.496557,47.101792],[10.496565,47.101327],[10.496292,47.101196],[10.496269,47.101024],[10.496394,47.100876],[10.496504,47.100448],[10.496724,47.100169],[10.497079,47.099905],[10.497992,47.098987],[10.498647,47.098481],[10.498402,47.098322],[10.49819,47.098298],[10.497374,47.09802],[10.497281,47.097868],[10.497335,47.097721],[10.497262,47.097664],[10.497525,47.097166],[10.49739,47.097063],[10.497359,47.096957],[10.496764,47.096905],[10.49667,47.096986],[10.496409,47.09707],[10.495285,47.097104],[10.494763,47.097351],[10.494286,47.097447],[10.493847,47.09761],[10.493586,47.09761],[10.493324,47.09759],[10.492846,47.09738],[10.492362,47.097282],[10.49164,47.09725],[10.490844,47.097356],[10.490286,47.097315],[10.490159,47.097232],[10.490156,47.096897],[10.490078,47.096802],[10.489732,47.096673],[10.489418,47.096675]]],"type":"MultiLineString"},"id":"tirol:704","properties":{"description":"Dieser kurze Singletrail startet im Weiher Giggl bei Tobadill und folgt der Straße ein kurzes Stück hinauf zur Waldkapelle Hintergiggl. Von dort aus führt ein Steig mit zwei steilen Abschnitten zum Weiher Frödenegg.","difficulty":"mittelschwierig","down_m":140,"kind":"trail","length_m":1429,"level":"medium","name":"Singletrail Tobadill","sections":[{"closed":false,"variant":false}],"source":"tirol","status":"open","up_m":30,"updated":"2026-05-19"},"type":"Feature"},{"geometry":{"coordinates":[[[10.5918,47.051629],[10.59162,47.051281],[10.591214,47.050972],[10.591251,47.050915],[10.591454,47.050943],[10.591526,47.05085],[10.59166,47.050854],[10.59162,47.050726],[10.59167,47.050681],[10.591807,47.050757],[10.591927,47.05071],[10.592111,47.050798],[10.592188,47.050778],[10.592256,47.050844],[10.592323,47.050766],[10.592822,47.050874],[10.59365,47.050859],[10.593824,47.050915],[10.594338,47.050873],[10.594742,47.050994],[10.594947,47.050945],[10.595019,47.050998],[10.595003,47.05112],[10.595334,47.051261],[10.595381,47.051369],[10.595472,47.051388],[10.595594,47.051541],[10.595701,47.051494],[10.595756,47.051528],[10.595714,47.051938],[10.595567,47.052168],[10.595855,47.052564],[10.595963,47.052585],[10.596126,47.052455],[10.596183,47.052641],[10.59633,47.052538],[10.596396,47.052624],[10.596422,47.052934],[10.596593,47.052712],[10.596673,47.052713],[10.596687,47.052751],[10.596625,47.052886],[10.596824,47.052753],[10.596809,47.053071],[10.596881,47.053183],[10.59704,47.053188],[10.597282,47.053019],[10.597346,47.053051],[10.597369,47.053191],[10.597193,47.053597],[10.597214,47.053876],[10.597784,47.053456],[10.597998,47.053166],[10.598415,47.053089],[10.599108,47.052732],[10.59918,47.052761],[10.599166,47.05287],[10.599401,47.052775],[10.599385,47.052957],[10.599444,47.052983],[10.599676,47.052801],[10.599821,47.053109],[10.599905,47.053113],[10.600331,47.052662],[10.600507,47.052595],[10.600629,47.052663],[10.600869,47.052645],[10.60136,47.05245],[10.601629,47.05215],[10.601716,47.051967],[10.601783,47.051975],[10.601823,47.052152],[10.601777,47.052486],[10.60165,47.052784],[10.601399,47.052935],[10.601411,47.052989],[10.601703,47.05302],[10.602174,47.052732],[10.602349,47.052718],[10.602404,47.052587],[10.602604,47.05259],[10.602735,47.052412],[10.602942,47.05229],[10.603366,47.05173],[10.60403,47.05114],[10.604591,47.050917],[10.604743,47.050736],[10.605448,47.050289],[10.605455,47.050485],[10.6053,47.050712],[10.605176,47.051047],[10.605241,47.051217],[10.605444,47.051145],[10.605633,47.05097],[10.606169,47.050873],[10.606393,47.05069],[10.606305,47.050916],[10.606424,47.050909],[10.60653,47.05079],[10.606607,47.050774],[10.606548,47.051016],[10.606751,47.051404],[10.606902,47.051486],[10.606952,47.051673],[10.606802,47.05219],[10.60648,47.052525],[10.606291,47.052815],[10.606264,47.052994],[10.606009,47.053154],[10.60662,47.053136],[10.606652,47.053183],[10.606486,47.05325],[10.606474,47.053333],[10.606701,47.05334],[10.60704,47.053265],[10.607157,47.053349],[10.607218,47.053224],[10.607615,47.05292],[10.607695,47.052916],[10.607803,47.053237],[10.608058,47.053622]],[[10.59123,47.050997],[10.591091,47.05084],[10.591103,47.05074],[10.591211,47.050741],[10.591441,47.050845],[10.591479,47.050776],[10.591182,47.05048],[10.591215,47.050451],[10.591739,47.050542],[10.592594,47.050808],[10.592919,47.050851]]],"type":"MultiLineString"},"id":"tirol:7060","properties":{"description":"Ideal geeignet für Anfänger und Familien, stellt die Family Line kaum Ansprüche an das Fahrkönnen, verspricht aber viel Spaß bei der Abfahrt. Hier tauchen immer wieder kleinen Sprünge auf, welche aber leicht umfahren werden können. Die eingebauten Sprüngen bieten jedoch eine tolle Gelegenheit, die Sprungtechnik zu verbessern.","difficulty":"leicht","down_m":410,"kind":"trail","length_m":3000,"level":"easy","name":"Singletrail Milky Way","sections":[{"closed":false,"variant":false},{"closed":false,"variant":true}],"source":"tirol","status":"open","up_m":0,"updated":"2026-05-19"},"type":"Feature"},{"geometry":{"coordinates":[[[10.591819,47.051624],[10.591856,47.051304],[10.591698,47.050946],[10.591717,47.050864],[10.591818,47.050822],[10.593012,47.050932],[10.59324,47.051009],[10.593435,47.05094],[10.593557,47.051039],[10.593756,47.050964],[10.593939,47.050996],[10.59415,47.050961],[10.594323,47.051038],[10.594406,47.050975],[10.59459,47.051013],[10.594947,47.050945],[10.595073,47.051089],[10.595329,47.051121],[10.595545,47.051298],[10.595563,47.051374],[10.595851,47.051507],[10.595733,47.051968],[10.596087,47.051849],[10.596039,47.051981],[10.595749,47.052165],[10.595827,47.052454],[10.595915,47.052456],[10.595921,47.052336],[10.596053,47.052236],[10.596745,47.051851],[10.596653,47.052228],[10.596535,47.052364],[10.596691,47.052372],[10.597266,47.052086],[10.597423,47.052078],[10.597407,47.052359],[10.597234,47.052559],[10.597262,47.052592],[10.598078,47.05226],[10.598158,47.052305],[10.59802,47.052648],[10.598059,47.052753],[10.598231,47.052706],[10.598843,47.052264],[10.599267,47.052169],[10.599359,47.052182],[10.599112,47.052425],[10.599154,47.052483],[10.600213,47.052153],[10.600756,47.051839],[10.600794,47.051722],[10.600891,47.051657],[10.60095,47.051699],[10.600907,47.051828],[10.600683,47.052166],[10.60078,47.052199],[10.600987,47.052086],[10.60128,47.052121],[10.601716,47.051793],[10.601848,47.05175],[10.601926,47.051592],[10.601974,47.051621],[10.601944,47.051809],[10.601997,47.051963],[10.601876,47.05253],[10.601535,47.052977],[10.60158,47.05304],[10.601728,47.053062],[10.601899,47.052958],[10.602099,47.052981],[10.602158,47.052854],[10.602262,47.05286],[10.602356,47.052781],[10.60246,47.052797],[10.602563,47.052699],[10.602711,47.052711],[10.602705,47.052529],[10.602777,47.052519],[10.60291,47.0526],[10.602932,47.052392],[10.602998,47.052364],[10.60312,47.052483],[10.603093,47.05279],[10.603148,47.052892],[10.603269,47.052876],[10.603374,47.052701],[10.603608,47.052611],[10.603678,47.052485],[10.603746,47.052492],[10.603817,47.052668],[10.603907,47.052669],[10.603958,47.052459],[10.604051,47.052376],[10.604106,47.052383],[10.604183,47.052591],[10.604327,47.052647],[10.604396,47.052619],[10.604463,47.052402],[10.604598,47.052405],[10.604717,47.052469],[10.60482,47.052191],[10.604982,47.051997],[10.605094,47.051986],[10.605249,47.052038],[10.605585,47.051838],[10.605605,47.051905],[10.605372,47.052456],[10.605387,47.052525],[10.605487,47.052558],[10.605536,47.052635],[10.605505,47.052688],[10.604862,47.053052],[10.604514,47.053516],[10.604516,47.053585],[10.604785,47.053497],[10.604968,47.053322],[10.605053,47.053336],[10.605082,47.053406],[10.605002,47.05362],[10.605068,47.053641],[10.605353,47.05345],[10.605521,47.053205],[10.605619,47.053261],[10.605597,47.053536],[10.605695,47.053545],[10.605814,47.053426],[10.605904,47.053603],[10.60617,47.053478],[10.606678,47.053379],[10.607166,47.053416],[10.607184,47.053462],[10.607241,47.053407],[10.607257,47.053212],[10.607548,47.052964],[10.607695,47.052916],[10.607803,47.053237],[10.608057,47.053622]],[[10.60478,47.053186],[10.604658,47.053227],[10.604418,47.053508],[10.604276,47.053882],[10.604334,47.053936],[10.604498,47.053906],[10.604718,47.053622],[10.604814,47.053635],[10.605211,47.053913],[10.605364,47.053841],[10.605341,47.053559],[10.606344,47.053718],[10.606291,47.053579],[10.606517,47.053532],[10.606831,47.053393]]],"type":"MultiLineString"},"id":"tirol:7061","properties":{"description":"Direkt beim Ausstieg auf der Bergstation beginnt der Trail \\\"Strada del Sole\\\". Auf einer Länge von 2.595 Meter kannst du dich auf ein Wechselspiel von Anliegerkurven und Sprüngen freuen. Dieser Trail verspricht Freeridespaß pur für Einsteiger und Fortgeschrittene.","difficulty":"mittelschwierig","down_m":410,"kind":"trail","length_m":3052,"level":"medium","name":"Singletrail Strada del Sole","sections":[{"closed":false,"variant":false},{"closed":false,"variant":true}],"source":"tirol","status":"open","up_m":0,"updated":"2026-05-19"},"type":"Feature"},{"geometry":{"coordinates":[[[10.595669,47.051903],[10.595471,47.052148],[10.595788,47.052812],[10.596125,47.052874],[10.5961,47.053033],[10.596213,47.053179],[10.596318,47.053216],[10.596332,47.053353],[10.596681,47.053344],[10.596906,47.053456],[10.596952,47.053518],[10.596943,47.053852],[10.597105,47.05398],[10.59734,47.053961],[10.59796,47.05357],[10.598095,47.053583],[10.598306,47.053736],[10.598805,47.053607],[10.599179,47.053579],[10.599415,47.053497],[10.599643,47.053589],[10.599927,47.053569],[10.600204,47.053377],[10.600339,47.053372],[10.600472,47.053487],[10.600655,47.053462],[10.600957,47.05338],[10.6011,47.053265],[10.601328,47.053275],[10.601585,47.053129],[10.601946,47.053048],[10.602173,47.053054],[10.602407,47.052964],[10.60256,47.052984],[10.602591,47.053194],[10.602674,47.053228],[10.60286,47.053093],[10.60338,47.052909],[10.603551,47.052986],[10.603727,47.052919],[10.603798,47.052934],[10.603923,47.052997],[10.603946,47.053071],[10.604091,47.053106],[10.604168,47.053207],[10.60386,47.053883],[10.604019,47.05428],[10.604237,47.054415],[10.604763,47.054324],[10.605091,47.054189],[10.605491,47.05418],[10.60572,47.054016],[10.606435,47.05376],[10.606575,47.053643],[10.607044,47.053729],[10.607472,47.053741],[10.607789,47.053831],[10.608105,47.053796]]],"type":"MultiLineString"},"id":"tirol:7062","properties":{"description":"Die Downhillstrecke bietet alles, was eine echte Rennstrecke ausmacht. Naturbelassene Passagen mit Wurzelteppichen und weichem Waldboden. Aber auch Off Camber Sections, Steinfelder und natürlich rasante Sprünge (teils über Geländekanten, teils über Holzkonstruktionen). Die Downhillstrecke richtet sich an versierte Biker mit Erfahrung im steilen Gelände.","difficulty":"schwierig","down_m":350,"kind":"trail","length_m":1433,"level":"hard","name":"Singletrail Down Hill","sections":[{"closed":false,"variant":false}],"source":"tirol","status":"open","up_m":0,"updated":"2026-05-19"},"type":"Feature"},{"geometry":{"coordinates":[[[10.591819,47.051624],[10.591861,47.051354],[10.591741,47.051048],[10.591764,47.050956],[10.59215,47.050988],[10.592316,47.051151],[10.592527,47.051221],[10.593087,47.051104],[10.594057,47.051168],[10.594159,47.051092],[10.594325,47.051102],[10.594387,47.051054],[10.594947,47.050945],[10.595039,47.05101],[10.595244,47.05104],[10.595557,47.050987],[10.595664,47.050901],[10.595865,47.050927],[10.596195,47.050791],[10.596352,47.050676],[10.596626,47.050325],[10.596769,47.050247],[10.597022,47.050345],[10.597487,47.050665],[10.59792,47.050869],[10.598148,47.051242],[10.598004,47.051354],[10.598648,47.051515],[10.599298,47.051416],[10.599942,47.051241],[10.599861,47.051409],[10.599957,47.051441],[10.600902,47.051152],[10.600818,47.051508],[10.601214,47.0513],[10.601437,47.05108],[10.601631,47.05099],[10.601988,47.050879],[10.602407,47.050878],[10.602467,47.050978],[10.602415,47.051033],[10.602544,47.05108],[10.602438,47.051198],[10.602176,47.051307],[10.602054,47.051412],[10.602097,47.051674],[10.602159,47.051682],[10.60243,47.05152],[10.603276,47.05117],[10.603759,47.050792],[10.605261,47.04993],[10.605309,47.049977],[10.605187,47.050101],[10.605201,47.050254],[10.605123,47.050429],[10.605382,47.050265],[10.605503,47.050246],[10.60556,47.050289],[10.605717,47.05021],[10.605761,47.050295],[10.605968,47.05023],[10.606026,47.050258],[10.606095,47.050398],[10.606074,47.050529],[10.60618,47.050586],[10.606295,47.050527],[10.606535,47.050505],[10.606702,47.050866],[10.606635,47.051183],[10.606751,47.051404],[10.606902,47.051486],[10.607009,47.051766],[10.607092,47.052193],[10.607061,47.052284],[10.607328,47.052254],[10.60739,47.052482],[10.607385,47.052633],[10.607168,47.052851],[10.607124,47.053083],[10.606945,47.053186],[10.607211,47.053095],[10.607257,47.053212],[10.607548,47.052964],[10.607695,47.052916],[10.607803,47.053237],[10.608137,47.053751]]],"type":"MultiLineString"},"id":"tirol:7063","properties":{"description":"Auf einer Länge von knapp über 2 km führt dieser Trail über Wurzelteppiche, Drops und Downhill-Passagen. Die eingebauten weiten Sprünge garantieren Action und Nervenkitzel für versierte Biker.","difficulty":"schwierig","down_m":410,"kind":"trail","length_m":2317,"level":"hard","name":"Singletrail Hill Bill","sections":[{"closed":false,"variant":false}],"source":"tirol","status":"open","up_m":0,"updated":"2026-05-19"},"type":"Feature"},{"geometry":{"coordinates":[[[10.595707,47.051876],[10.59599,47.051804],[10.596396,47.0515],[10.596478,47.051378],[10.596711,47.051483],[10.596822,47.051452],[10.596888,47.051363],[10.596991,47.051453],[10.596894,47.051713],[10.597043,47.051904],[10.596918,47.052067],[10.597035,47.052083],[10.597153,47.051984],[10.597648,47.051947],[10.597702,47.052019],[10.59755,47.052301],[10.597725,47.052344],[10.597867,47.052313],[10.598381,47.051973],[10.598432,47.052017],[10.598314,47.052451],[10.598366,47.052496],[10.598685,47.052292],[10.598818,47.052099],[10.599258,47.052051],[10.59943,47.051884],[10.599662,47.051785],[10.599775,47.051789],[10.599803,47.05183],[10.599762,47.052098],[10.599845,47.052128],[10.599968,47.052107],[10.600271,47.051917],[10.600543,47.051824],[10.600779,47.051627],[10.60089,47.051647]]],"type":"MultiLineString"},"id":"tirol:7064","properties":{"description":"Direkt von der \\\"\\\"Milky Way\\\"\\\" kannst du in die \\\"\\\"Morning Glory\\\"\\\" einfahren und dich auf einen flowigen Abschnitt mit Anliegern und kleinen Sprüngen freuen. Künstlich eingebaute Holzkonstruktionen sollen zum Springen animieren. Auf einer Länge von 677 Meter hat man genug Gelegenheit seine Kurventechnik anhand der perfekt geshapeten Anlieger zu verbessern.","difficulty":"leicht","down_m":110,"kind":"trail","length_m":742,"level":"easy","name":"Singletrail Morning Glory","sections":[{"closed":false,"variant":false}],"source":"tirol","status":"open","up_m":0,"updated":"2026-05-19"},"type":"Feature"},{"geometry":{"coordinates":[[[10.484671,46.852434],[10.484814,46.852752],[10.484762,46.852978],[10.484842,46.853165],[10.485209,46.85353],[10.485261,46.853724],[10.485651,46.854257],[10.485569,46.854554],[10.485799,46.854933],[10.485738,46.85533],[10.485901,46.855545],[10.486132,46.855661],[10.486307,46.856266],[10.486542,46.856438],[10.486559,46.856525],[10.486498,46.856612],[10.486333,46.856676],[10.485276,46.85763],[10.484806,46.857914],[10.484385,46.858408],[10.484295,46.85879],[10.483998,46.859102],[10.483692,46.859572],[10.483479,46.860183],[10.483834,46.861085],[10.483806,46.861231],[10.483866,46.861395],[10.483638,46.862272],[10.483489,46.862348],[10.483075,46.862235],[10.482547,46.862168],[10.481591,46.862228],[10.480665,46.86219],[10.480448,46.862227],[10.480479,46.86234],[10.480231,46.862377],[10.480373,46.862631],[10.480356,46.862765],[10.479901,46.862976],[10.479529,46.863049],[10.4786,46.863451],[10.477819,46.863414],[10.477054,46.863308],[10.476986,46.863418],[10.47643,46.863454],[10.475998,46.863819],[10.475567,46.863916],[10.475472,46.864277],[10.475492,46.864648],[10.474433,46.864715],[10.472738,46.864583],[10.47252,46.864528],[10.472202,46.864634],[10.472083,46.864837],[10.472121,46.864987],[10.471959,46.86529],[10.471795,46.865411],[10.471501,46.865471],[10.471151,46.865756],[10.471168,46.86622],[10.471429,46.866728],[10.471551,46.866852],[10.472266,46.867229],[10.472415,46.867376],[10.472548,46.867707],[10.473244,46.868808],[10.473989,46.869174],[10.474146,46.869396],[10.474561,46.869739],[10.474583,46.870032],[10.474721,46.870071],[10.475407,46.869967],[10.475562,46.869973],[10.47571,46.870036]]],"type":"MultiLineString"},"id":"tirol:7065","properties":{"description":"Der 3-Länder Trail ist der Klassiker unter den 3-Länder Enduro Trails. Am Fuße des Dreiländerecks, auf Südtiroler Seite nahe der Rescher Alm, startet dieser landschaftliche wie fahrtechnische Leckerbissen. Er führt weiter über eine wunderschöne Almwiesenlandschaft hinüber nach Tirol zu den malerischen Grün- und Schwarzseen (ein Bade-Zwischenstopp ist hier fast schon Pflicht). Nach 2,5 Kilometern endet der Trail schließlich hinter der Grenze im Schweizer Engadin.","difficulty":"mittelschwierig","down_m":310,"kind":"trail","length_m":3115,"level":"medium","name":"Länder Trail","sections":[{"closed":false,"variant":false}],"source":"tirol","status":"open","up_m":10,"updated":"2026-05-19"},"type":"Feature"},{"geometry":{"coordinates":[[[10.489089,46.882381],[10.48907,46.882241],[10.489388,46.882228],[10.489447,46.882252],[10.489404,46.882355],[10.489564,46.882391],[10.4903,46.882336],[10.490654,46.882227],[10.490915,46.882327],[10.491063,46.882326],[10.491534,46.88214],[10.491688,46.881892],[10.491836,46.881806],[10.49249,46.881913],[10.492745,46.881897],[10.493064,46.881791],[10.493373,46.881618],[10.493961,46.881449],[10.493907,46.8814],[10.493669,46.881379],[10.493639,46.881331],[10.493902,46.881259],[10.494101,46.881287],[10.493977,46.881182],[10.494097,46.881145],[10.493983,46.88106],[10.494164,46.881031],[10.494316,46.881066],[10.494627,46.881247],[10.49472,46.881442],[10.494879,46.881589],[10.494981,46.881607],[10.495172,46.881556],[10.495418,46.881594],[10.496034,46.882073],[10.49649,46.882243],[10.496562,46.882312],[10.496487,46.88288],[10.496689,46.882899],[10.496861,46.88279],[10.497378,46.882659],[10.497363,46.882716],[10.497628,46.882867],[10.497726,46.883015],[10.497563,46.883487],[10.496217,46.884376],[10.496152,46.884494],[10.49578,46.884819],[10.495234,46.885037],[10.49503,46.885228],[10.494845,46.885588],[10.494476,46.885752],[10.494116,46.885818],[10.493253,46.885882],[10.492827,46.886006],[10.492433,46.88632],[10.492796,46.886383],[10.492791,46.886597],[10.492717,46.886704],[10.491105,46.88736],[10.490928,46.887524],[10.490938,46.887659],[10.491234,46.887663],[10.491814,46.88776],[10.492438,46.887757],[10.492912,46.887698],[10.493129,46.887718],[10.493,46.887824],[10.493303,46.887952],[10.493614,46.887847],[10.494267,46.887969],[10.494601,46.887897],[10.495088,46.887863],[10.495338,46.887914],[10.495986,46.887787],[10.496514,46.887805],[10.496956,46.887951],[10.497401,46.887938],[10.497389,46.887976],[10.497473,46.887958],[10.497492,46.887994],[10.497119,46.88822],[10.496817,46.888555]]],"type":"MultiLineString"},"id":"tirol:7066","properties":{"description":"Das Highlight am Mutzkopf: der Green Trail. Er startet am höchsten Punkt und lässt auf den 1700 Metern Wegstrecke nichts unversucht Euch ein fettes Grinsen ins Gesicht zu zaubern. Zum Start geht’s ein paar Meter hoch, der Green Trail mündet in den unteren Teil des Eleven Trails.","difficulty":"mittelschwierig","down_m":460,"kind":"trail","length_m":2469,"level":"medium","name":"Singletrail Green Trail","sections":[{"closed":false,"variant":false}],"source":"tirol","status":"open","up_m":10,"updated":"2026-05-19"},"type":"Feature"},{"geometry":{"coordinates":[[[10.489089,46.882381],[10.489058,46.882117],[10.489124,46.882002],[10.489318,46.881868],[10.489189,46.881758],[10.488662,46.881646],[10.488078,46.881959],[10.487789,46.881872],[10.487463,46.88202],[10.487361,46.881945],[10.487255,46.88195],[10.487022,46.882135],[10.486851,46.88257],[10.486688,46.882704],[10.486614,46.882913],[10.486528,46.882984],[10.486201,46.88296],[10.485909,46.882804],[10.485654,46.882417],[10.485464,46.882566],[10.485416,46.882354],[10.485295,46.882485],[10.485239,46.882701],[10.485163,46.882684],[10.485063,46.882554],[10.485013,46.882602],[10.484908,46.883005],[10.484923,46.883451],[10.484963,46.883544],[10.485131,46.883636],[10.485258,46.884012],[10.485434,46.884227],[10.485449,46.884579],[10.485609,46.884951],[10.486051,46.885404],[10.487277,46.886007],[10.487215,46.886053],[10.486693,46.885969],[10.486835,46.886176],[10.487276,46.886573],[10.487722,46.886905],[10.488402,46.887243],[10.488616,46.887403],[10.489179,46.887562],[10.489678,46.887645],[10.490169,46.887653],[10.490952,46.887593],[10.490938,46.887659],[10.49205,46.887779],[10.493024,46.8877],[10.493132,46.887749],[10.493004,46.88779],[10.493034,46.887855],[10.493303,46.887952],[10.493614,46.887847],[10.494267,46.887969],[10.494601,46.887897],[10.495088,46.887863],[10.495338,46.887914],[10.495986,46.887787],[10.496514,46.887805],[10.496956,46.887951],[10.497401,46.887938],[10.497389,46.887976],[10.497473,46.887958],[10.497492,46.887994],[10.497119,46.88822],[10.496817,46.888555]]],"type":"MultiLineString"},"id":"tirol:7067","properties":{"description":"Startpunkt dieses durchwegs abwärts führenden Trails ist das Bergrestaurant etwas unterhalb der Bergstation. Mit der teilweisen recht direkteren Linienwahl zählt der Eleven Trail zu den längeren Abfahren am Mutzkopf und endet unmittelbar unter der Talstation. Mit der Bahn hoch, und gleich noch mal!","difficulty":"schwierig","down_m":460,"kind":"trail","length_m":2138,"level":"hard","name":"Singletrail Elven Trail","sections":[{"closed":false,"variant":false}],"source":"tirol","status":"open","up_m":0,"updated":"2026-05-19"},"type":"Feature"},{"geometry":{"coordinates":[[[10.489089,46.882381],[10.489058,46.882117],[10.489124,46.882002],[10.489295,46.881911],[10.489255,46.881796],[10.488688,46.881662],[10.488626,46.881467],[10.487722,46.880945],[10.487637,46.880686],[10.486949,46.88046],[10.486731,46.880462],[10.486564,46.88053],[10.486447,46.880507],[10.486375,46.880334],[10.486622,46.880153],[10.48621,46.88014],[10.486042,46.879711],[10.485639,46.879594],[10.485419,46.879463],[10.485207,46.879151],[10.485284,46.879081],[10.485584,46.879002],[10.485595,46.878869],[10.485877,46.878678],[10.486222,46.878552],[10.486337,46.878356],[10.486483,46.878237],[10.486653,46.878261],[10.48717,46.878222],[10.487265,46.878307],[10.487826,46.878471],[10.487943,46.878395],[10.488343,46.878352],[10.488523,46.878424],[10.488692,46.878732],[10.488953,46.878695],[10.489171,46.878762],[10.489726,46.878728],[10.489889,46.878776],[10.490434,46.878591],[10.490834,46.878625],[10.49104,46.878344],[10.490985,46.878108],[10.491056,46.878075],[10.491358,46.878112]]],"type":"MultiLineString"},"id":"tirol:7068","properties":{"description":"Der Kreuzmoos Trail erschließt den Bereich südlich des Mutzkopfes. Ein wunderschöner Single Trail der den Mutzkopf von seiner besten Seite zeigt und zudem als Zubringer für den Gerry Tail fungiert.","difficulty":"mittelschwierig","down_m":190,"kind":"trail","length_m":1199,"level":"medium","name":"Kreuzmoos Trail","sections":[{"closed":false,"variant":false}],"source":"tirol","status":"open","up_m":0,"updated":"2026-05-19"},"type":"Feature"},{"geometry":{"coordinates":[[[10.485534,46.879532],[10.485553,46.879451],[10.485681,46.879346],[10.486278,46.879079],[10.48638,46.878994],[10.486521,46.878798],[10.486634,46.878201],[10.48675,46.878035],[10.487005,46.878031],[10.487324,46.877954],[10.487193,46.877842],[10.487376,46.877763],[10.487358,46.877709],[10.487424,46.877669],[10.487736,46.877641],[10.488034,46.877747],[10.488275,46.877674],[10.488685,46.877745],[10.489237,46.877648],[10.489599,46.877694],[10.489899,46.877642],[10.490511,46.87769],[10.490897,46.877887],[10.491143,46.877882],[10.491298,46.877937],[10.491418,46.877914],[10.491392,46.878158],[10.491592,46.878213],[10.49175,46.878183],[10.492085,46.878001],[10.492771,46.877789],[10.493206,46.877723],[10.4936,46.877765],[10.49387,46.877891],[10.494279,46.877916],[10.494488,46.877877],[10.494713,46.877964],[10.494927,46.877983],[10.495179,46.877916],[10.495726,46.877912],[10.496398,46.877539],[10.497273,46.877751]]],"type":"MultiLineString"},"id":"tirol:7069","properties":{"description":"Der rote Gerry Trail ist wohl zurecht der beliebteste Trail am Mutzkopf und lässt die Herzen der versierten Bikerszene höher schlagen. Verspielt schlängelt er sich knapp 1,2 Kilometer talwärts und wartet mit so mancher fahrtechnischen Herausforderung auf. Aber keine Angst - jede Stelle kann auch einfach umfahren werden und der untere Teil ist deutlich entspannter zu bewältigen. Ein absolutes Must-Do!","difficulty":"mittelschwierig","down_m":150,"kind":"trail","length_m":1131,"level":"medium","name":"Gerry Trail","sections":[{"closed":false,"variant":false}],"source":"tirol","status":"open","up_m":0,"updated":"2026-07-06"},"type":"Feature"},{"geometry":{"coordinates":[[[10.50091,46.879543],[10.501037,46.879147],[10.501565,46.878781],[10.501841,46.878706],[10.50275,46.878722],[10.502854,46.878688],[10.503208,46.878338],[10.503252,46.878203],[10.503172,46.877857],[10.503226,46.877776],[10.503429,46.877738],[10.503542,46.877765],[10.503597,46.87783],[10.503662,46.878189],[10.503629,46.878539],[10.503428,46.87904],[10.503241,46.879247],[10.503025,46.879664],[10.502968,46.880366],[10.50285,46.880769],[10.502927,46.881002],[10.503284,46.881466],[10.503366,46.88219],[10.503348,46.88297],[10.503452,46.883795],[10.502599,46.884521],[10.502447,46.884762],[10.502274,46.884888],[10.501772,46.885103],[10.501108,46.885748],[10.49892,46.886973],[10.498646,46.887223],[10.497168,46.888181],[10.496817,46.888555]]],"type":"MultiLineString"},"id":"tirol:7070","properties":{"description":"Der blaue Untere Family Trail startet beim Riatschhof und führt bis zur Talstation Mutzkopf Bahn. Der Trail ist ideal geeignet für EinsteigerInnen und MTB-Ausflüge mit Kindern, kommt ohne nennenswerte fahrtechnische Herausforderungen aus und macht jede Menge Spaß. Auf knapp 1.8 Kilometer verläuft die LIne zunächst über einen relativ breiten Wiesenabschnitt und dann weiter über einen schmalen Forstweg.","difficulty":"leicht","down_m":170,"kind":"trail","length_m":1768,"level":"easy","name":"Unterer Family Trail","sections":[{"closed":false,"variant":false}],"source":"tirol","status":"open","up_m":0,"updated":"2026-07-06"},"type":"Feature"},{"geometry":{"coordinates":[[[10.531883,46.856106],[10.531646,46.855883],[10.531366,46.855731],[10.530979,46.85541],[10.530512,46.855112],[10.530284,46.854823],[10.530316,46.854589],[10.530121,46.854265],[10.530148,46.853486],[10.530352,46.852609],[10.530718,46.851842],[10.531058,46.851609],[10.530904,46.851476],[10.530854,46.851347],[10.5308,46.850866],[10.530822,46.850694],[10.531086,46.850273],[10.531048,46.850237],[10.530961,46.85025],[10.530319,46.850396],[10.529983,46.85028],[10.52987,46.850117],[10.528882,46.849303],[10.528738,46.849254],[10.52849,46.849253],[10.528211,46.848943],[10.527819,46.84873],[10.526976,46.847614],[10.526616,46.847255],[10.526554,46.847075],[10.526286,46.84672],[10.526199,46.846399],[10.526233,46.84617],[10.526006,46.845728],[10.526071,46.845345],[10.526191,46.845061],[10.526196,46.844426],[10.526893,46.844287],[10.526934,46.84421],[10.527277,46.844146],[10.527295,46.843908],[10.527103,46.842771],[10.527158,46.842638],[10.527595,46.842443],[10.527846,46.84197],[10.527867,46.841536],[10.52781,46.841148],[10.527912,46.84086],[10.527917,46.840083],[10.527733,46.839711],[10.527471,46.839422],[10.527434,46.839271],[10.527531,46.839191],[10.527942,46.839152],[10.528125,46.839087],[10.528227,46.839133],[10.528295,46.839414],[10.528367,46.83947],[10.528481,46.839504],[10.528656,46.839473],[10.528763,46.839221],[10.528606,46.838767],[10.528653,46.838673],[10.528775,46.838606],[10.529062,46.838529],[10.528462,46.838526],[10.527941,46.838222],[10.526848,46.838061],[10.5263,46.837908],[10.526098,46.837921],[10.525891,46.838012],[10.525711,46.838187],[10.525358,46.838268],[10.524893,46.838565],[10.524675,46.838581],[10.524229,46.838486],[10.523904,46.838521],[10.523169,46.838775],[10.522896,46.838969],[10.522145,46.839293],[10.521562,46.839659],[10.521506,46.839785],[10.521617,46.840144],[10.521482,46.840435],[10.521224,46.840653],[10.521061,46.840666]]],"type":"MultiLineString"},"id":"tirol:7071","properties":{"description":"Der Plamort Trail ist ein echter Klassiker. Weit oben führt er über das malerische und namensgebende Hochplateau Plamort vorbei an den berühmten Panzersperren. Der Plamort Trail führt dabei über die Grenze Österreich-Italien und endet an der historischen Bunkeranlage.","difficulty":"mittelschwierig","down_m":90,"kind":"trail","length_m":3293,"level":"medium","name":"Plamorttrail","sections":[{"closed":false,"variant":false}],"source":"tirol","status":"open","up_m":30,"updated":"2026-05-19"},"type":"Feature"},{"geometry":{"coordinates":[[[10.59907,47.076867],[10.599416,47.076661],[10.599599,47.076655],[10.599795,47.076664],[10.600272,47.076824],[10.600486,47.076759],[10.600913,47.076725],[10.601075,47.07686],[10.601326,47.076747],[10.601501,47.076741],[10.601717,47.076606],[10.601894,47.076684],[10.602032,47.076614],[10.602389,47.076544],[10.602501,47.076605],[10.602468,47.076735],[10.602574,47.076771],[10.603228,47.07662],[10.603396,47.076694],[10.603532,47.076845],[10.60427,47.076909],[10.604364,47.076886],[10.604478,47.076944],[10.604857,47.076912],[10.605237,47.076816],[10.605478,47.076744],[10.605587,47.076647],[10.605677,47.076691],[10.605637,47.076815],[10.605032,47.077091],[10.605415,47.07707],[10.605832,47.077172],[10.60597,47.077034],[10.606036,47.07704],[10.606064,47.077379],[10.606164,47.077339],[10.606194,47.077147],[10.606282,47.077135],[10.606274,47.077438],[10.60657,47.077864],[10.606625,47.077826],[10.606569,47.077613],[10.606655,47.077149],[10.60661,47.076773],[10.606698,47.076666],[10.606695,47.076499],[10.60678,47.076473],[10.606869,47.076599],[10.606887,47.077127],[10.607046,47.077449],[10.607138,47.077449],[10.607159,47.077353],[10.607007,47.076883],[10.607041,47.076827],[10.607121,47.076829],[10.607107,47.076978],[10.60724,47.077082],[10.607237,47.077168],[10.607398,47.07725],[10.60753,47.077403],[10.607553,47.077677],[10.607671,47.077684],[10.607711,47.077502],[10.60779,47.077494],[10.607939,47.0777],[10.607929,47.077927],[10.608572,47.078687],[10.609032,47.078992],[10.609499,47.079423],[10.609856,47.079626],[10.610148,47.079879],[10.610139,47.080016],[10.610222,47.080172],[10.61014,47.080252],[10.609955,47.081156],[10.609644,47.081336],[10.609724,47.081382],[10.609892,47.081365],[10.609811,47.081538],[10.610016,47.081626],[10.609806,47.081772],[10.610199,47.082056],[10.610652,47.081982],[10.610668,47.082039],[10.610576,47.08214],[10.610773,47.082229],[10.610568,47.082306],[10.610804,47.082402],[10.610594,47.082425],[10.610991,47.082603],[10.611414,47.082709],[10.611568,47.083043],[10.61143,47.083071],[10.611386,47.08293],[10.611267,47.082886],[10.611162,47.082962],[10.611159,47.083052],[10.61153,47.083415],[10.612151,47.08359],[10.612673,47.083907],[10.613034,47.084238],[10.613813,47.08453],[10.613797,47.08463],[10.61474,47.085008],[10.615188,47.085054],[10.615444,47.085148],[10.615792,47.085193],[10.615947,47.085257],[10.616235,47.085272],[10.617172,47.085501],[10.617462,47.085675],[10.617827,47.085797],[10.617956,47.08591],[10.618454,47.086152],[10.618879,47.086211],[10.619286,47.086375],[10.61965,47.086601],[10.62036,47.086761],[10.620701,47.086971],[10.621077,47.087349],[10.62137,47.087445],[10.62168,47.087498],[10.621823,47.087482],[10.622084,47.087571],[10.622457,47.087725],[10.622703,47.08793],[10.622919,47.087998],[10.623136,47.087991],[10.623306,47.08789],[10.623596,47.087961],[10.623654,47.087922],[10.623537,47.087855],[10.623509,47.087737],[10.624003,47.087395],[10.623789,47.087244],[10.623745,47.087085],[10.623603,47.086925],[10.623233,47.086835],[10.622966,47.086571],[10.622726,47.086519],[10.622626,47.086436],[10.623078,47.086346],[10.623489,47.086517],[10.62364,47.086535],[10.623331,47.086016],[10.622996,47.085794],[10.623051,47.085765],[10.623355,47.085828],[10.623387,47.085793],[10.623056,47.085456],[10.623033,47.085353],[10.623124,47.085336],[10.62363,47.085436],[10.623744,47.0854],[10.623459,47.08518],[10.623353,47.085029],[10.623307,47.084897],[10.623352,47.084762],[10.623826,47.084992],[10.623907,47.084956],[10.623779,47.084598],[10.623408,47.083988],[10.624232,47.084295],[10.624594,47.084499],[10.624422,47.083936],[10.624128,47.083643],[10.623942,47.083247],[10.624651,47.083443],[10.625024,47.083474],[10.625732,47.083779],[10.625887,47.083797],[10.625655,47.083432],[10.625602,47.083234],[10.625459,47.083166],[10.62548,47.083117],[10.625918,47.083274],[10.626001,47.083348],[10.626199,47.083316],[10.626293,47.083388],[10.626424,47.083409],[10.626669,47.083726],[10.626767,47.083763],[10.626821,47.083856],[10.626905,47.083852],[10.626552,47.08319],[10.626291,47.082999],[10.62591,47.082569],[10.625904,47.082437],[10.625739,47.082341],[10.625759,47.082296],[10.625918,47.082264],[10.625906,47.081589],[10.62615,47.081302],[10.625898,47.081072],[10.625819,47.080782],[10.625686,47.080625],[10.625738,47.080577],[10.625811,47.080594],[10.626766,47.081056],[10.627007,47.081106],[10.627188,47.081094],[10.627233,47.08105],[10.627189,47.080918],[10.626877,47.080638],[10.626801,47.080391],[10.626542,47.080127],[10.626565,47.080072],[10.626669,47.080063],[10.627026,47.080224],[10.627094,47.080177],[10.62682,47.079872],[10.626299,47.079628],[10.62637,47.079593],[10.626903,47.079761],[10.626957,47.079735],[10.626695,47.079544],[10.626467,47.079455],[10.626427,47.079328],[10.62667,47.079444],[10.626746,47.079435],[10.626744,47.079379],[10.626541,47.07925],[10.62627,47.079166],[10.626076,47.079012],[10.626249,47.078757],[10.626162,47.078627],[10.626236,47.078617],[10.626392,47.078694],[10.626418,47.078656],[10.626187,47.07853],[10.625868,47.078451],[10.625998,47.078436],[10.626389,47.07852],[10.626381,47.078476],[10.626065,47.078373],[10.626365,47.078427],[10.626502,47.078498],[10.626536,47.078458],[10.626433,47.078405],[10.626475,47.07838],[10.627086,47.078721],[10.627119,47.078683],[10.626765,47.078475],[10.626783,47.078429],[10.627293,47.078681],[10.627342,47.078659],[10.627031,47.078396],[10.626716,47.078223],[10.625604,47.07797],[10.625637,47.077921],[10.62581,47.077979],[10.625748,47.077878],[10.625819,47.077784],[10.625955,47.077787],[10.625905,47.077853],[10.625966,47.077892],[10.6261,47.077819],[10.626179,47.077827],[10.62619,47.077887],[10.626434,47.077803],[10.62582,47.077599],[10.625834,47.077564],[10.62606,47.07759],[10.625946,47.077517],[10.625339,47.077369],[10.625217,47.077375],[10.625246,47.077337],[10.625532,47.077341],[10.625378,47.077258],[10.623855,47.077327],[10.623943,47.077215],[10.624244,47.07715],[10.624246,47.077092],[10.624351,47.077135],[10.624578,47.077118],[10.624696,47.076989],[10.624794,47.076982],[10.624865,47.077031],[10.625001,47.077027],[10.625054,47.076974],[10.625188,47.077014],[10.625306,47.076968],[10.625428,47.076997],[10.625487,47.076927],[10.626139,47.077068],[10.626246,47.077012],[10.626174,47.076917],[10.625918,47.076811],[10.624533,47.076676],[10.624511,47.076597],[10.625017,47.076547],[10.625034,47.076502],[10.624379,47.076447],[10.624355,47.07638],[10.624798,47.076313],[10.624986,47.076348],[10.625005,47.076311],[10.624735,47.076248],[10.62438,47.076231],[10.624351,47.076191],[10.624461,47.076146],[10.624448,47.076079],[10.624059,47.07602],[10.62401,47.075971],[10.624114,47.075943],[10.624467,47.075983],[10.624858,47.075804],[10.624951,47.075783],[10.625054,47.075817],[10.624974,47.075696],[10.62521,47.075755],[10.625341,47.075732],[10.625312,47.07567],[10.625043,47.075578],[10.625026,47.075532],[10.625302,47.075445],[10.625462,47.075459],[10.625526,47.075413],[10.625713,47.075395],[10.625733,47.075309],[10.625506,47.075327],[10.62582,47.075261],[10.625818,47.075228],[10.625616,47.075244],[10.625638,47.075192],[10.625955,47.075143],[10.626141,47.075157],[10.626097,47.075101],[10.625803,47.075082],[10.625781,47.075041],[10.626311,47.074987],[10.626522,47.075026],[10.626481,47.074952],[10.626189,47.074958],[10.625979,47.074911],[10.626031,47.074877],[10.626269,47.074879],[10.626139,47.074763],[10.626169,47.074726],[10.626486,47.074746],[10.626315,47.074681],[10.626361,47.074634],[10.626724,47.074694],[10.626573,47.074618],[10.626511,47.074478],[10.626636,47.074473],[10.626689,47.074548],[10.626754,47.074469],[10.626828,47.074472],[10.627036,47.074751],[10.627123,47.074736],[10.627138,47.074657],[10.627212,47.074647],[10.627332,47.074951],[10.627588,47.075132],[10.627697,47.07511],[10.6275,47.074949],[10.627504,47.074627],[10.627703,47.074671],[10.627919,47.074796],[10.628296,47.074886],[10.628655,47.074849],[10.628633,47.074714],[10.628734,47.074714],[10.629044,47.074775],[10.629448,47.074759],[10.630115,47.074955],[10.630002,47.074698],[10.630078,47.074582],[10.630012,47.074537],[10.62986,47.074173],[10.629538,47.073975],[10.629207,47.07401],[10.629156,47.073964],[10.629303,47.073933],[10.629413,47.073786],[10.629672,47.073795],[10.629707,47.073707],[10.629411,47.073617],[10.629746,47.073545],[10.629717,47.073435],[10.629555,47.07339],[10.629656,47.073304],[10.629974,47.073298],[10.630137,47.073351],[10.630258,47.07349],[10.630506,47.073647],[10.630587,47.073622],[10.630478,47.073488],[10.63061,47.073485],[10.631257,47.073865],[10.632215,47.074208],[10.632403,47.074211],[10.632366,47.073951]]],"type":"MultiLineString"},"id":"tirol:7077","properties":{"description":"Mit dem knapp 9 km langen Frommes Trail hat die Bike Region Serfaus-Fiss-Ladis ein Ass mit Legenden Status im Ärmel. Nach einem kurzen Anstieg von 60 Hm vom Fisser Joch zum Schönjoch startet der Trail und schlängelt sich vom alpinen Gelände durch schönste Fichtenwälder bis zum Almweg oberhalb von Fiss. Zu Beginn auf kompakten Untergrund mit einem unglaublichen Panorama ändert sich der Charakter des Trails am Frommeskreuz ein wenig. Flowig schlängelt er sich durch offenes Almgelände bis hin zur Waldgrenze (Windles Wiese). Ab hier wird es nochmal richtig spannend und knifflige Wurzelpassagen fordern das Bikegeschick. Falls es dann doch zu schwer wird, lassen sich diese Passagen auch bequem auf dem Forstweg umfahren. Die MTB-Route Schöngampalm Tour (MTB 732) führt schließlich zurück nach Fiss. ACHTUNG - auf diesem Shared-Trail ist besondere Rücksicht auf Wanderer und die Natur zu nehmen. Deshalb stets auf den markierten Wegen bleiben!","difficulty":"mittelschwierig","down_m":910,"kind":"trail","length_m":9276,"level":"medium","name":"Frommes Trail","sections":[{"closed":false,"variant":false}],"source":"tirol","status":"open","up_m":30,"updated":"2026-05-19"},"type":"Feature"},{"geometry":{"coordinates":[[[10.579694,47.037445],[10.579794,47.037565],[10.580044,47.037692],[10.579983,47.037831],[10.580098,47.037881],[10.580267,47.037878],[10.580458,47.037961],[10.580795,47.037877],[10.581028,47.037911],[10.581039,47.037833],[10.581205,47.03784],[10.581383,47.037762],[10.581416,47.037818],[10.581241,47.037928],[10.581369,47.037956],[10.581744,47.037748],[10.581688,47.037954],[10.581535,47.03803],[10.581587,47.038078],[10.581897,47.038013],[10.582055,47.037933],[10.582195,47.037654],[10.582428,47.037538],[10.582388,47.03786],[10.582141,47.038021],[10.582214,47.038057],[10.582514,47.037986],[10.582861,47.037697],[10.582905,47.037768],[10.582629,47.038147],[10.582711,47.038178],[10.583275,47.037713],[10.583467,47.037629],[10.583678,47.037387],[10.583965,47.037264],[10.584096,47.037148],[10.584259,47.037126],[10.584291,47.0372],[10.583933,47.037774],[10.583687,47.038004],[10.583809,47.037994],[10.583815,47.038058],[10.583633,47.038236],[10.583819,47.03825],[10.584002,47.0381],[10.584369,47.038022],[10.584515,47.037876],[10.584632,47.037877],[10.584668,47.038003],[10.584489,47.038265],[10.584335,47.038402],[10.584057,47.038495],[10.584096,47.038535],[10.584278,47.038492],[10.584353,47.038519],[10.58408,47.038715],[10.58409,47.038766],[10.584556,47.038584],[10.585118,47.037954],[10.585236,47.037938],[10.585273,47.038019],[10.58513,47.038328],[10.58518,47.038357],[10.586111,47.037707],[10.586329,47.037472],[10.58643,47.037471],[10.586395,47.037652],[10.586482,47.037682],[10.586599,47.037648],[10.586652,47.037372],[10.586814,47.037128],[10.587032,47.037049],[10.587093,47.036964],[10.587456,47.036776],[10.587809,47.036635],[10.58821,47.036627],[10.588253,47.036734],[10.588395,47.036731],[10.588654,47.036572],[10.589031,47.036424],[10.589236,47.036436],[10.589345,47.03638],[10.589606,47.036346],[10.589682,47.036278],[10.590208,47.036191],[10.590469,47.036048],[10.590506,47.036152],[10.590693,47.03604],[10.590744,47.03605],[10.590591,47.036228],[10.590686,47.036315],[10.590914,47.036166],[10.591828,47.035898],[10.592381,47.035598],[10.592396,47.035691],[10.592278,47.035822],[10.591884,47.036037],[10.591396,47.036401],[10.590959,47.036829],[10.590972,47.036944],[10.591208,47.036864],[10.591218,47.036919],[10.590756,47.037316],[10.590833,47.037356],[10.590955,47.037256],[10.591,47.03729],[10.590665,47.037629],[10.590577,47.037916],[10.590355,47.038085],[10.589894,47.038631],[10.589727,47.039115],[10.589602,47.039215],[10.589689,47.039236],[10.590005,47.039128],[10.590369,47.038936],[10.590452,47.038802],[10.590533,47.038816],[10.590554,47.038875],[10.590453,47.039066],[10.590252,47.039206],[10.590266,47.039283],[10.590849,47.039019],[10.591192,47.038974],[10.591252,47.039001],[10.591218,47.039313],[10.591138,47.039406],[10.590426,47.039607],[10.59002,47.039921],[10.590076,47.040172],[10.590238,47.040184],[10.590093,47.040222],[10.590154,47.040261],[10.590476,47.0403],[10.59058,47.040194],[10.590654,47.040257],[10.590859,47.040176],[10.590884,47.040289],[10.590634,47.040369],[10.590555,47.040448],[10.590579,47.040494],[10.590784,47.04051],[10.590873,47.040451],[10.590895,47.040514],[10.591049,47.040327],[10.591148,47.040291],[10.59114,47.040411],[10.591024,47.040574],[10.590871,47.040657],[10.59088,47.040701],[10.591031,47.040679],[10.591276,47.040503],[10.591281,47.040602],[10.591142,47.040734],[10.591252,47.040733],[10.591342,47.040633],[10.591306,47.040758],[10.5914,47.040782],[10.592044,47.040122],[10.592476,47.040007],[10.592844,47.03997],[10.593087,47.040042],[10.593303,47.039966],[10.593291,47.040019],[10.593141,47.040102],[10.593221,47.040138],[10.593859,47.040104],[10.593864,47.04015],[10.593658,47.040215],[10.593628,47.040272],[10.593774,47.040296],[10.594056,47.040211],[10.593966,47.040296],[10.594098,47.040291],[10.594048,47.040352],[10.594096,47.040369],[10.594237,47.040353],[10.594327,47.040231],[10.59451,47.040126],[10.594368,47.040363],[10.594533,47.040238],[10.594519,47.04038]]],"type":"MultiLineString"},"id":"tirol:7081","properties":{"description":"Der Högtrail startet ca. 650 m unterhalb der Mittelstation Komperdellbahn. Mit seiner spielerisch leichten Charakteristik lädt der Trail&nbsp;zum Üben und Kennenlernen ein, entfacht aber auch bei erfahrenen Bikern*innen durch seinen Flow und die überspringbaren Wellen jede Menge Fahrspaß. Natürliche Anlieger und Northshore-Elemente, die über sumpfige Gebiete führen, sorgen für echtes Achterbahn-Feeling, während sanfte Wurzelpassagen für zusätzlichen Nervenkitzel sorgen.","difficulty":"leicht","down_m":366,"kind":"trail","length_m":3928,"level":"easy","name":"Högtrail","sections":[{"closed":false,"variant":false}],"source":"tirol","status":"open","up_m":0,"updated":"2026-05-19"},"type":"Feature"},{"geometry":{"coordinates":[[[10.538381,47.034032],[10.538057,47.034104],[10.537606,47.033945],[10.537557,47.034001],[10.537608,47.034062],[10.538183,47.034302],[10.538525,47.034331],[10.539191,47.03467],[10.539785,47.034837],[10.541245,47.035606],[10.541219,47.035699],[10.541131,47.035732],[10.540698,47.035685],[10.540423,47.03555],[10.540222,47.035511],[10.539521,47.03549],[10.539528,47.035553],[10.539842,47.035619],[10.540114,47.03575],[10.540037,47.035773],[10.539883,47.035717],[10.539541,47.035717],[10.539225,47.035632],[10.539143,47.035659],[10.539135,47.035754],[10.53943,47.036061],[10.539338,47.036141],[10.539176,47.036188],[10.539173,47.036302],[10.539737,47.036525],[10.540098,47.036416],[10.540393,47.036435],[10.540904,47.036354],[10.5413,47.036428],[10.541307,47.036481],[10.541052,47.036504],[10.541036,47.036549],[10.541144,47.036586],[10.541343,47.036548],[10.541379,47.036613],[10.541212,47.036653],[10.54098,47.036616],[10.540906,47.036659],[10.540926,47.0367],[10.541531,47.036692],[10.542285,47.036925],[10.54263,47.037085],[10.542838,47.037282],[10.543406,47.037593],[10.543346,47.037661],[10.543228,47.037659],[10.543001,47.037473],[10.542702,47.037418],[10.542553,47.037311],[10.542458,47.037304],[10.54248,47.037389],[10.542858,47.037543],[10.542802,47.037597],[10.542574,47.037594],[10.542734,47.037835],[10.542553,47.037891],[10.542333,47.037856],[10.54206,47.037903],[10.542014,47.037974],[10.542104,47.03812],[10.542069,47.038186],[10.541705,47.038308],[10.541497,47.038446],[10.541263,47.038423],[10.541193,47.038485],[10.541209,47.038602],[10.541303,47.038681],[10.541514,47.038691],[10.541647,47.03865],[10.541699,47.038707],[10.541634,47.03877],[10.541463,47.038812],[10.541168,47.038775],[10.541134,47.038854],[10.541366,47.038921],[10.54149,47.039037],[10.541693,47.039009],[10.541747,47.039071],[10.541649,47.039115],[10.541334,47.039114],[10.541396,47.039174],[10.541658,47.039221],[10.541618,47.039305],[10.541401,47.039361],[10.541048,47.039334],[10.540997,47.039388],[10.541225,47.039544],[10.541507,47.039561],[10.541552,47.03965],[10.541318,47.039708],[10.5408,47.039598],[10.540787,47.039718],[10.541153,47.03997],[10.541071,47.04003],[10.540874,47.039995],[10.540565,47.04003],[10.540563,47.040127],[10.540755,47.040151],[10.540809,47.040204],[10.540745,47.040304],[10.540117,47.040308],[10.539673,47.040219]]],"type":"MultiLineString"},"id":"tirol:7082","properties":{"description":"Der Start befindet sich ca. 600 m von der Bergstation Lazidbahn in Richtung Scheid. Mit Schwung und viel Flow wird der Scheidtrail bewältigt. Mehrere North-shores, Doppelwellen bzw. doubles und speziell geshapte Hügel laden Einsteiger sowie fortgeschrittene Fahrer zu kreativer Fahrweise ein. Alle Hügel und Wasserrinnen sind auf der Trail-Innenseite leicht zu überrollen. Zahlreiche Anlieger und verspielte Wellen lassen durch aufeinander abgestimmte Neigungen mehrere Linien auf dem Trail zu.","difficulty":"mittelschwierig","down_m":210,"kind":"trail","length_m":2276,"level":"medium","name":"Scheidtrail","sections":[{"closed":false,"variant":false}],"source":"tirol","status":"open","up_m":0,"updated":"2026-05-19"},"type":"Feature"},{"geometry":{"coordinates":[[[10.576857,47.072547],[10.57694,47.072688],[10.577336,47.073023],[10.577439,47.073052],[10.577512,47.073168],[10.577791,47.073196],[10.577781,47.073243],[10.577417,47.073239],[10.577407,47.073274],[10.577566,47.073393],[10.577716,47.073634],[10.578356,47.074038],[10.57862,47.074326],[10.579168,47.074233],[10.579497,47.074068],[10.579677,47.074027],[10.579781,47.073923],[10.579791,47.073759],[10.579908,47.07382],[10.57991,47.073922],[10.580093,47.073927],[10.579914,47.074197],[10.579795,47.074225],[10.579697,47.074335],[10.579347,47.074544],[10.579361,47.074601],[10.580048,47.074439],[10.580235,47.074353],[10.580126,47.074473],[10.580163,47.074494],[10.580606,47.074393],[10.580893,47.074374],[10.581381,47.074176],[10.581741,47.073962],[10.581809,47.074055],[10.581601,47.0744],[10.581623,47.074464],[10.582055,47.07426],[10.582664,47.074202],[10.5828,47.07428],[10.582869,47.074444],[10.583087,47.074568],[10.583446,47.07461],[10.583747,47.074524],[10.583821,47.074558],[10.58383,47.07463],[10.583975,47.074598],[10.584047,47.074662],[10.584216,47.074652],[10.584221,47.074725],[10.584019,47.074877],[10.584215,47.074892],[10.584402,47.07501],[10.584102,47.075075],[10.584146,47.075151],[10.584281,47.075136],[10.584425,47.07519],[10.584759,47.075136],[10.585287,47.07516],[10.585399,47.074896],[10.585335,47.074715],[10.58547,47.074701],[10.585636,47.074801],[10.585652,47.074738],[10.585562,47.074649],[10.585603,47.074638],[10.58599,47.074692],[10.586188,47.074778],[10.586174,47.074854],[10.586232,47.074898],[10.586533,47.074879],[10.586503,47.074963],[10.586236,47.075019],[10.586286,47.075075],[10.586693,47.075078],[10.586899,47.075134],[10.58818,47.07522],[10.588826,47.075387],[10.588552,47.075452],[10.588393,47.075381],[10.58829,47.075383],[10.588345,47.07554],[10.588302,47.075602],[10.587869,47.075466],[10.587654,47.075458],[10.587264,47.075544],[10.586562,47.075787],[10.586265,47.075908],[10.586073,47.076053],[10.58593,47.076479],[10.585802,47.076553],[10.58545,47.076593],[10.585081,47.076704],[10.584953,47.076695],[10.584951,47.076635],[10.583838,47.076705],[10.583575,47.076642],[10.582164,47.076737],[10.582103,47.076754],[10.582106,47.076812],[10.582423,47.076818],[10.582457,47.076863],[10.58226,47.076883],[10.581952,47.077018],[10.581426,47.077039],[10.580731,47.077247],[10.580677,47.077334],[10.580777,47.077362],[10.581188,47.077249],[10.581397,47.077271],[10.581451,47.077319],[10.581151,47.077356],[10.581155,47.077413],[10.581246,47.077452],[10.582434,47.077487],[10.582472,47.077522],[10.58228,47.077539],[10.582226,47.07761],[10.582349,47.0777],[10.582452,47.077712],[10.583064,47.077722],[10.583716,47.077801],[10.584323,47.077639],[10.584337,47.077703],[10.584059,47.077917],[10.584114,47.077982],[10.584583,47.077866],[10.585575,47.078138],[10.585603,47.078195],[10.585353,47.078208],[10.58542,47.078308],[10.585651,47.078455],[10.586109,47.078611],[10.585991,47.078641],[10.585519,47.078579],[10.585226,47.078629],[10.585241,47.078694],[10.585621,47.078792],[10.585258,47.078865],[10.585265,47.078913],[10.585892,47.079099],[10.586887,47.079299],[10.587557,47.079337],[10.587824,47.079453],[10.588223,47.079539],[10.58843,47.079551],[10.589062,47.079472],[10.589168,47.079496],[10.589285,47.079894],[10.58919,47.079938],[10.588854,47.079961],[10.588096,47.080509],[10.587794,47.080574],[10.587765,47.080661],[10.588058,47.080717],[10.588645,47.080606],[10.588968,47.080585],[10.589111,47.080614],[10.589104,47.080719],[10.589208,47.080909],[10.589917,47.081823],[10.590039,47.082104],[10.590231,47.082318],[10.59015,47.082377],[10.589993,47.082198],[10.589897,47.082216],[10.590211,47.082731],[10.591093,47.083263],[10.592014,47.083646],[10.593127,47.084371],[10.593254,47.084569],[10.59332,47.084831],[10.593293,47.085024],[10.593421,47.085272],[10.593395,47.085362],[10.593297,47.085381],[10.592797,47.084976],[10.592675,47.084987],[10.592804,47.085237],[10.592753,47.085582],[10.592916,47.085836],[10.59279,47.085855],[10.592381,47.085573],[10.592275,47.085553],[10.592215,47.085598],[10.592581,47.086233],[10.592507,47.086228],[10.592042,47.085945],[10.591761,47.085877],[10.591502,47.085718],[10.591406,47.085736],[10.591592,47.085992],[10.591557,47.086036],[10.591362,47.086015],[10.590922,47.085737],[10.590793,47.08572],[10.590757,47.085785],[10.590804,47.085882],[10.591169,47.086316],[10.591456,47.086511],[10.591447,47.08658],[10.591118,47.08651],[10.590452,47.086219],[10.589582,47.086052],[10.589436,47.085973],[10.58933,47.085988],[10.589427,47.086121],[10.589871,47.086395],[10.590062,47.086691],[10.59071,47.087146],[10.591226,47.087818],[10.591456,47.088037],[10.591798,47.088227],[10.59178,47.0883],[10.591277,47.088137],[10.591098,47.088122],[10.59046,47.08833],[10.59022,47.088337],[10.589669,47.088153],[10.589517,47.088192],[10.589395,47.088121],[10.589204,47.08812],[10.589151,47.088041],[10.588875,47.087961],[10.588033,47.087798],[10.586386,47.08707],[10.586209,47.086888],[10.586054,47.086844],[10.585919,47.086686],[10.585731,47.086639],[10.585605,47.086524],[10.584614,47.086181],[10.584416,47.086168],[10.584246,47.086051],[10.584031,47.086053],[10.583807,47.085931],[10.583579,47.085968],[10.58334,47.085934],[10.583104,47.085989],[10.582868,47.085953],[10.582749,47.086044],[10.582563,47.086063],[10.58257,47.086218],[10.582371,47.086304],[10.58155,47.086154],[10.581461,47.086174],[10.581549,47.086222],[10.581503,47.086259],[10.581083,47.086243],[10.580952,47.086186],[10.580938,47.086288],[10.580503,47.08605],[10.580098,47.086051],[10.579889,47.085972],[10.579771,47.086083],[10.579586,47.085939],[10.579464,47.085914],[10.579248,47.085959],[10.579152,47.086074],[10.578948,47.086063],[10.578433,47.086252],[10.578326,47.086367],[10.578202,47.086387],[10.578108,47.086478],[10.577877,47.086447],[10.577965,47.086529],[10.57793,47.086569],[10.577649,47.08651],[10.577307,47.086537],[10.577066,47.086491],[10.57702,47.086528],[10.577096,47.086587],[10.577053,47.086624],[10.576294,47.086582],[10.576056,47.086435],[10.576007,47.086498],[10.576125,47.086642],[10.576064,47.08666],[10.575865,47.086529],[10.575518,47.086497],[10.575304,47.086343],[10.575287,47.086403],[10.575507,47.086544],[10.575382,47.086548],[10.575438,47.086653],[10.575322,47.086746],[10.575401,47.086821],[10.575626,47.086837],[10.575989,47.087017],[10.576977,47.087174],[10.576684,47.087254],[10.57656,47.087236],[10.576506,47.087276],[10.576573,47.087317],[10.576963,47.087319],[10.576923,47.087373],[10.57655,47.087464],[10.576704,47.087538],[10.576921,47.087459],[10.576971,47.087494],[10.576929,47.087545],[10.576549,47.087613],[10.576388,47.087585],[10.576266,47.08767],[10.576367,47.087729],[10.576587,47.087674],[10.576749,47.087733],[10.576777,47.087833],[10.576537,47.087918],[10.576548,47.087973],[10.576744,47.088003],[10.577149,47.087844],[10.577133,47.087981],[10.577012,47.088013],[10.576886,47.088149],[10.576645,47.088232],[10.576324,47.08823],[10.575955,47.088155],[10.575855,47.088074],[10.575821,47.088125],[10.576145,47.088349],[10.57671,47.088478],[10.57706,47.088694],[10.576972,47.088706],[10.576717,47.08861],[10.576097,47.088611],[10.575821,47.08866],[10.575586,47.088564],[10.57506,47.088691],[10.574754,47.088618],[10.574418,47.088397],[10.574319,47.088436],[10.574304,47.088569],[10.574594,47.08875],[10.575266,47.088935],[10.575531,47.089124],[10.576059,47.089286],[10.57632,47.08932],[10.575917,47.089373],[10.575569,47.089347],[10.575527,47.089393],[10.575757,47.089469],[10.576538,47.089567],[10.576557,47.089647],[10.576356,47.089593],[10.576293,47.089624],[10.576401,47.089765],[10.57703,47.090067],[10.577077,47.090174],[10.577021,47.090245],[10.57683,47.090249],[10.576674,47.090162],[10.576621,47.090197],[10.576669,47.090291],[10.576617,47.09035],[10.576319,47.090347]]],"type":"MultiLineString"},"id":"tirol:7083","properties":{"description":"Der Zirbentrail auf der Fisser Nordseite ist mit 9,1 Kilometern und 790 Hm der längste Singletrail in Serfaus-Fiss-Ladis. Er basiert auf drei ehemaligen Trails, die miteinander verbunden und in Teilstücken völlig neu gestaltet wurden, um den Bike-Fans mehr Action zu bieten. Beginnend auf knapp&nbsp;2.600 m schlängelt sich der Trail mit viel Flow durch atemberaubendes, hochalpines Gelände in Richtung Fisser Joch und führt über sanfte Spitzkehren, flowige Kurven sowie kleine und große Wellen zum Heustadldorf – der perfekten Wohlfühlstation für eine kurze Rast. Im unteren Drittel taucht der Trail schließlich in den namensgebenden Zirbenwald ein. Eine ganze Reihe von North-Shore-Elementen, Wellen und Doubles ermöglichen eine abwechslungsreiche Linienwahl, sodass Bikefans voll auf ihre Kosten kommen.&nbsp;Der Kreativität sind hier kaum Grenzen gesetzt.","difficulty":"leicht","down_m":790,"kind":"trail","length_m":8881,"level":"easy","name":"Zirbentrail","sections":[{"closed":false,"variant":false}],"source":"tirol","status":"open","up_m":0,"updated":"2026-05-19"},"type":"Feature"},{"geometry":{"coordinates":[[[10.500887,46.879707],[10.500337,46.879241],[10.500559,46.879914],[10.500617,46.880403],[10.500495,46.880833],[10.500429,46.880849],[10.500473,46.880633],[10.500428,46.880464],[10.500271,46.880263],[10.500158,46.879966],[10.499906,46.879876],[10.499686,46.879721],[10.499496,46.879264],[10.499268,46.879035],[10.498882,46.878935],[10.498011,46.878549],[10.497649,46.878246],[10.497448,46.878164],[10.49712,46.878093],[10.496695,46.878091],[10.496201,46.87771]]],"type":"MultiLineString"},"id":"tirol:7084","properties":{"description":"Der blaue Riatschwegele Trail 1 ist der flowigste und einfachste Trail am Mutzkopf, startet am Ende des Gerry Trails und endet am Riatschof. Er ist perfekt an das Gelände angepasst und hat eine verspielte, fein geshapte Linienführung. Nach ca. 0,5 km führt ein Northshore in die entgegengesetzte Richtung. Ab hier führt der Trail sehr flach mit kurzen Tretpassagen bis zum Ende am Riatschhof. Von hier kann entweder über den roten Riatschwegele Trail 2 (MTB 7087) oder eine einfachere Variante zur Talstation Mutzkopf fahren.","difficulty":"leicht","down_m":0,"kind":"trail","length_m":771,"level":"easy","name":"Riatschwegele Trail 1","sections":[{"closed":false,"variant":false}],"source":"tirol","status":"open","up_m":60,"updated":"2026-07-06"},"type":"Feature"},{"geometry":{"coordinates":[[[10.531748,46.856455],[10.53209,46.856754],[10.532871,46.857072],[10.533126,46.857093],[10.533201,46.857168],[10.533153,46.85759],[10.533336,46.857918],[10.533285,46.858028],[10.533295,46.858412],[10.533476,46.858799],[10.533335,46.859604],[10.533373,46.859764],[10.533318,46.860085],[10.53352,46.860226],[10.533792,46.86052],[10.533912,46.860738],[10.534227,46.861015],[10.534361,46.861296],[10.534447,46.861903],[10.534654,46.862257],[10.534626,46.862468],[10.534313,46.862814],[10.534063,46.863333],[10.533529,46.863698],[10.533336,46.863931],[10.533151,46.863974],[10.532768,46.864161],[10.532525,46.864397],[10.532536,46.864513],[10.532962,46.864817],[10.532933,46.86526],[10.533005,46.865369],[10.533205,46.865549],[10.533619,46.865745],[10.533943,46.865975],[10.534113,46.866183],[10.534233,46.866458],[10.534942,46.8672],[10.535137,46.867654],[10.535033,46.867639],[10.534778,46.867415],[10.534557,46.867297],[10.53472,46.867795],[10.534881,46.867987],[10.5356,46.868632],[10.536393,46.869144],[10.536878,46.869316],[10.537125,46.869541],[10.537574,46.869682],[10.537702,46.869883],[10.537845,46.869995],[10.537885,46.870143],[10.53801,46.870219],[10.537966,46.870256],[10.537794,46.870222],[10.537778,46.870307],[10.537957,46.870361],[10.538014,46.870468],[10.538258,46.870666],[10.538315,46.870927],[10.538573,46.871254],[10.538491,46.871239],[10.538088,46.870933],[10.538053,46.871057],[10.537954,46.871048],[10.537797,46.870827],[10.537369,46.870682],[10.537062,46.870492],[10.536855,46.870452],[10.536803,46.870278],[10.536851,46.870167],[10.536765,46.870111],[10.536491,46.870079],[10.536273,46.869988],[10.536011,46.870039],[10.535626,46.869961],[10.535609,46.869999],[10.535867,46.870164],[10.535804,46.870211],[10.535661,46.870169],[10.5357,46.87026],[10.535598,46.870253],[10.535384,46.870137],[10.535161,46.870173],[10.534841,46.87015],[10.534454,46.869995],[10.534012,46.86965],[10.533788,46.869576],[10.53313,46.869184],[10.532556,46.86899],[10.532074,46.868991],[10.531725,46.868824],[10.53128,46.868773],[10.531027,46.868796],[10.530576,46.868681],[10.530672,46.868767],[10.530638,46.868788],[10.530519,46.868783],[10.530342,46.868694],[10.529719,46.868717],[10.529673,46.868782],[10.529932,46.868836],[10.530043,46.868914],[10.529627,46.869027],[10.529307,46.869275],[10.529266,46.869411],[10.529162,46.869439],[10.529097,46.869393],[10.529032,46.869134],[10.528856,46.868905],[10.528461,46.868682],[10.528289,46.868639],[10.527663,46.868739],[10.527144,46.868674],[10.527065,46.868596],[10.52683,46.868618],[10.526106,46.868251],[10.526,46.868235],[10.52616,46.868389],[10.526435,46.868816],[10.526412,46.868849],[10.526204,46.868806],[10.526256,46.869008],[10.526114,46.869069],[10.526101,46.869158],[10.525847,46.869118],[10.525746,46.869017],[10.525467,46.8689],[10.524822,46.868709],[10.524607,46.868707],[10.524776,46.868947],[10.525327,46.869397],[10.525239,46.869405],[10.525068,46.86932],[10.524756,46.869342],[10.524949,46.869456],[10.525006,46.869561],[10.525241,46.869634],[10.525251,46.869673],[10.524912,46.869682],[10.52458,46.869884],[10.52435,46.869737],[10.524261,46.869853],[10.524151,46.869793],[10.524027,46.869879],[10.52378,46.869568],[10.523451,46.869508],[10.523352,46.869611],[10.523308,46.869844],[10.523157,46.870012],[10.52299,46.870023],[10.522936,46.870117],[10.522776,46.870128],[10.522167,46.87046],[10.521327,46.870498],[10.520745,46.870441],[10.520577,46.870544],[10.520289,46.870542],[10.520007,46.870682],[10.519699,46.870746],[10.519355,46.870769],[10.519134,46.870679],[10.519017,46.870678],[10.519125,46.870889],[10.519089,46.87094],[10.51887,46.870873],[10.518613,46.870623],[10.518356,46.870525],[10.51822,46.870602],[10.518208,46.87068],[10.518044,46.870708],[10.518004,46.870823],[10.518279,46.871148],[10.518272,46.871346],[10.517337,46.871339],[10.516999,46.871205],[10.516909,46.871254],[10.51696,46.87137],[10.516923,46.871509],[10.516569,46.871513],[10.51631,46.87142],[10.515627,46.870934],[10.515481,46.870785],[10.515494,46.870573],[10.515242,46.870425],[10.515066,46.870381],[10.514888,46.870238],[10.514641,46.869948],[10.514556,46.869656],[10.514492,46.86966],[10.514422,46.8698],[10.514438,46.869898],[10.51437,46.869885],[10.513642,46.868351],[10.513199,46.868086],[10.513251,46.867729],[10.513022,46.867031],[10.512912,46.867024],[10.512891,46.867173],[10.512791,46.86721],[10.512786,46.867309],[10.512698,46.867297],[10.512687,46.867104],[10.512595,46.867299],[10.5125,46.86734]]],"type":"MultiLineString"},"id":"tirol:7085","properties":{"description":"Der Bergkasteltrail ist ein naturbelassener Singletrail, der mit kurzen Tretpassagen, Northshores, Doubles und vereinzelten Tables ausgestaltet ist. Teilweise fährt man auch auf naturbelassenem Waldboden. Unten angelangt führt der Radwanderweg Via Claudia Augusta retour zur Bergkastel Talstation.","difficulty":"mittelschwierig","down_m":640,"kind":"trail","length_m":5690,"level":"medium","name":"Bergkasteltrail","sections":[{"closed":false,"variant":false}],"source":"tirol","status":"open","up_m":0,"updated":"2026-06-23"},"type":"Feature"},{"geometry":{"coordinates":[[[10.540728,46.862225],[10.540554,46.861955],[10.540316,46.861783],[10.539898,46.861606],[10.539737,46.861413],[10.539037,46.860918],[10.538815,46.860573],[10.538073,46.860245],[10.537521,46.859936],[10.537032,46.859851],[10.536558,46.859551],[10.535565,46.85918],[10.534679,46.858343],[10.534439,46.857988],[10.534187,46.857789],[10.534044,46.857434],[10.534039,46.856765],[10.533987,46.856663],[10.53386,46.856611],[10.533024,46.856578],[10.532732,46.856436],[10.532698,46.85647],[10.532815,46.856598]]],"type":"MultiLineString"},"id":"tirol:7086","properties":{"description":"Der Almtrail führt von der Bergstation Bergkastel in Richtung Plamort. Man kommt direkt an der Stieralm (Einkehrmöglichkeit) vorbei. Von dort aus geht der Trail weiter bis zur Hochebene Plamort und mündet anschließend in den Plamorttrail.","difficulty":"leicht","down_m":100,"kind":"trail","length_m":973,"level":"easy","name":"Almtrail","sections":[{"closed":false,"variant":false}],"source":"tirol","status":"open","up_m":0,"updated":"2026-05-19"},"type":"Feature"},{"geometry":{"coordinates":[[[10.500949,46.879699],[10.501007,46.879331],[10.501099,46.879301],[10.50108,46.879505],[10.501195,46.879635],[10.501197,46.880033],[10.501328,46.880219],[10.501335,46.880555],[10.501458,46.880576],[10.5015,46.88052],[10.501443,46.879961],[10.501531,46.879965],[10.501576,46.880016],[10.501759,46.880477],[10.501839,46.880329],[10.50177,46.880115],[10.501801,46.879959],[10.50188,46.879969],[10.502001,46.880505],[10.502079,46.880536],[10.502141,46.880509],[10.502188,46.880182],[10.502329,46.879997],[10.50237,46.880014],[10.50231,46.880426],[10.502386,46.880457],[10.502446,46.880283],[10.502499,46.880275],[10.502709,46.880946],[10.502825,46.881096],[10.502866,46.880933]]],"type":"MultiLineString"},"id":"tirol:7087","properties":{"description":"Der rote Riatschwegele Trail 2 startet beim Riatschhof und mündet in den blauen Unteren Family Trail (MTB 7070 ein). Aufgrund seiner Geländebeschaffung im oberen Teil ist der Trail mit fünf fallenden Turns ausgestattet, bevor eine flowige Schrägpassage kommt. Weitere vier gefinkelte Turns bilden den Abschluss des Trails. Über den Unteren Family Trail (MTB 7070) gelangt man zur Mutzkopf Talstation.","difficulty":"mittelschwierig","down_m":90,"kind":"trail","length_m":730,"level":"medium","name":"Riatschwegele Trail 2","sections":[{"closed":false,"variant":false}],"source":"tirol","status":"open","up_m":0,"updated":"2026-07-06"},"type":"Feature"},{"geometry":{"coordinates":[[[10.679007,47.051006],[10.678953,47.051311],[10.67901,47.051419],[10.678154,47.051628],[10.677901,47.051562],[10.677814,47.051581],[10.678005,47.051945],[10.677719,47.052085],[10.677227,47.052113],[10.676591,47.052323],[10.67598,47.052341],[10.676153,47.052386],[10.676145,47.052443],[10.675285,47.05248],[10.673958,47.052651],[10.67341,47.053081],[10.672929,47.053132],[10.672916,47.053178],[10.673017,47.05322],[10.672978,47.053251],[10.672495,47.053218],[10.671968,47.053299],[10.671705,47.053288],[10.671686,47.053335],[10.671833,47.053355],[10.671775,47.053443],[10.671959,47.053398],[10.672023,47.053466],[10.671619,47.053561],[10.671277,47.053566],[10.671188,47.053623],[10.671255,47.053666],[10.67152,47.053669],[10.67184,47.053612],[10.67185,47.053678],[10.671696,47.0537],[10.671557,47.053781],[10.671837,47.053789],[10.671807,47.053836],[10.671599,47.053874],[10.671892,47.053902],[10.671954,47.053949],[10.671071,47.054094],[10.670872,47.054049],[10.670632,47.054299],[10.670312,47.05439],[10.670332,47.054455],[10.670608,47.054448],[10.670807,47.054515],[10.670772,47.054586],[10.670552,47.054557],[10.670112,47.054683],[10.670232,47.054731],[10.670675,47.054674],[10.670433,47.05477],[10.670653,47.054763],[10.670717,47.055025],[10.670417,47.055186],[10.670164,47.055219],[10.670009,47.055339],[10.669444,47.055555],[10.669446,47.055717],[10.669333,47.055958],[10.669164,47.055988],[10.669034,47.056152],[10.668287,47.056462],[10.668006,47.056685],[10.667859,47.056593],[10.667757,47.056702],[10.667629,47.056586],[10.66764,47.056692],[10.667593,47.056703],[10.667546,47.056641],[10.667441,47.056773],[10.667342,47.056605],[10.667255,47.05677],[10.667152,47.056659],[10.667102,47.056668],[10.66703,47.056849],[10.666948,47.056612],[10.666891,47.056722],[10.666759,47.056597],[10.666723,47.056763],[10.666514,47.056555],[10.666463,47.056695],[10.666376,47.056587],[10.666302,47.056594],[10.666308,47.056746],[10.666214,47.056633],[10.666141,47.056639],[10.666016,47.057018],[10.665729,47.057327],[10.665842,47.057445],[10.665919,47.05765],[10.666097,47.057686],[10.66623,47.057774],[10.666185,47.057811],[10.665989,47.057732],[10.665899,47.057745],[10.665905,47.057798],[10.666041,47.057834],[10.666168,47.057956],[10.666162,47.058014],[10.666046,47.057988],[10.666038,47.058099],[10.665969,47.058088],[10.66588,47.057945],[10.665757,47.057888],[10.665697,47.057907],[10.665757,47.058021],[10.665539,47.057909],[10.665528,47.058044],[10.665276,47.057823],[10.665204,47.05786],[10.665277,47.057961],[10.66523,47.057994],[10.66494,47.057861],[10.664356,47.057706],[10.664164,47.057447],[10.663888,47.057265],[10.663898,47.05711],[10.663778,47.056949],[10.663728,47.056963],[10.663812,47.057105],[10.66377,47.057167],[10.663636,47.056995],[10.663432,47.057042],[10.663182,47.056846],[10.663137,47.056884],[10.663156,47.057068],[10.6631,47.057061],[10.662995,47.056901],[10.662934,47.057104],[10.662797,47.057078],[10.662779,47.056964],[10.662927,47.056846],[10.663088,47.056575],[10.663689,47.056215],[10.663759,47.056017],[10.663704,47.055963],[10.663612,47.056017],[10.663505,47.0562],[10.663434,47.056173],[10.663522,47.056033],[10.663489,47.055998],[10.663418,47.056017],[10.663318,47.056182],[10.663241,47.056188],[10.663243,47.056115],[10.663187,47.05611],[10.662979,47.056306],[10.662922,47.056289],[10.662932,47.056194],[10.662865,47.056185],[10.662804,47.056337],[10.662697,47.056284],[10.662623,47.056297],[10.661741,47.056953],[10.66085,47.057248],[10.660584,47.057382]]],"type":"MultiLineString"},"id":"tirol:7089","properties":{"description":"Gestartet wird direkt bei der Bergstation der Seilbahn Ried-Fendels. Durch geschickte Trassenführung kommt der Trail ohne künstliche Elemente aus. Zum Bremsen regt nicht nur das kupierte Wald- und Wiesengelände mit kurzen Steilstücken an, sondern immer wieder auch der schöne Ausblick hinunter nach Ried. Bei der ca. 30 m langen Hängebrücke über den Wildbach – daher der Name – bleibt jeder gerne stehen, um einen Blick in die Schlucht zu werfen.","difficulty":"schwierig","down_m":480,"kind":"trail","length_m":3303,"level":"hard","name":"Wildbachtrail","sections":[{"closed":false,"variant":false}],"source":"tirol","status":"open","up_m":0,"updated":"2026-05-26"},"type":"Feature"},{"geometry":{"coordinates":[[[10.230031,47.131028],[10.230586,47.130999],[10.230764,47.131063],[10.230686,47.131145],[10.230481,47.131227],[10.230362,47.131361],[10.230314,47.13162],[10.230392,47.131741],[10.230505,47.131635],[10.230839,47.131474],[10.231532,47.131316],[10.231617,47.131397],[10.232543,47.131748],[10.232844,47.131949],[10.233284,47.13236],[10.233412,47.132365],[10.233536,47.132283],[10.233874,47.131809],[10.23402,47.131746],[10.234306,47.131926],[10.2349,47.132132],[10.235481,47.132407],[10.235827,47.132156],[10.236056,47.132122],[10.236528,47.132203],[10.236881,47.132338],[10.237022,47.132447],[10.237064,47.132507],[10.237023,47.132631],[10.237088,47.132661],[10.237462,47.132469],[10.237631,47.132266],[10.237854,47.131646],[10.238187,47.131095],[10.238722,47.131234],[10.238999,47.13069],[10.239184,47.130728],[10.2397,47.130962],[10.239797,47.130955],[10.240087,47.130429],[10.239848,47.130196],[10.239863,47.129931],[10.240058,47.129966],[10.24009,47.129801],[10.240177,47.129775],[10.2408,47.129956],[10.240782,47.129713],[10.24126,47.129847],[10.241198,47.129566],[10.241698,47.129652],[10.241536,47.129256],[10.241585,47.129185],[10.242381,47.129486],[10.242417,47.129568],[10.242611,47.129515],[10.242784,47.129798],[10.242878,47.129844],[10.242989,47.129828],[10.24328,47.130085],[10.243345,47.129888],[10.243481,47.129764],[10.243449,47.129542],[10.243537,47.129431],[10.243567,47.129147],[10.2437,47.12908],[10.243783,47.129122],[10.243907,47.129021],[10.244195,47.129135],[10.244241,47.129108],[10.244423,47.129164],[10.244497,47.129514],[10.244575,47.129615],[10.244812,47.129716],[10.244865,47.129543],[10.245166,47.129675],[10.245357,47.129456],[10.245587,47.129604],[10.245708,47.129371],[10.246007,47.129511],[10.246047,47.129239],[10.246454,47.129438],[10.246764,47.129724],[10.246875,47.129511],[10.246846,47.129402],[10.24717,47.12955],[10.247316,47.129369],[10.247535,47.1295],[10.247754,47.129435],[10.247916,47.128982],[10.248233,47.128747],[10.248149,47.128348],[10.248243,47.1282],[10.24851,47.128086],[10.249562,47.128447],[10.249966,47.128515],[10.250304,47.128628],[10.251215,47.128728],[10.251571,47.129115],[10.25172,47.129154],[10.251779,47.129097],[10.251767,47.128572],[10.251839,47.128329],[10.251963,47.128181],[10.25234,47.12793]]],"type":"MultiLineString"},"id":"tirol:7094","properties":{"description":"Der Galzigtrail ist ein Shared-Trail, der auf einem bestehenden Wanderweg über den Osthang Richtung St. Anton verläuft und eine wunderbare Aussicht auf das Stanzertal und die gegenüberliegende Bergwelt bietet. Abwechslungsreich führt er über Schotter, Waldwege und später auf Asphalt. Ein anspruchsvolles und steileres Stück verläuft über den Osthangwald, wo die Strecke an einigen Stellen ausgebaut ist und den Bikern einiges abverlangt. Der Trail bringt den Biker direkt zum \\\"Habri\\\", wo man dem Schotterweg Richtung Moos folgt. Rechts an der Sennhütte vorbei gelangt man zur Kreuzung, hier links über das Moos weiter. Der Schlussabschnitt ist nicht mehr so anspruchsvoll. Der Trail endet unterhalb der Sennhütte.","difficulty":"mittelschwierig","down_m":630,"kind":"trail","length_m":3050,"level":"medium","name":"Galzigtrail","sections":[{"closed":false,"variant":false}],"source":"tirol","status":"open","up_m":0,"updated":"2026-05-19"},"type":"Feature"},{"geometry":{"coordinates":[[[10.34004,46.980016],[10.339628,46.980335],[10.339527,46.980352],[10.33923,46.980012],[10.338936,46.979809],[10.338889,46.979834],[10.339034,46.979925],[10.339,46.979964],[10.338595,46.979857],[10.33841,46.979872],[10.338294,46.979819],[10.338241,46.979863],[10.33835,46.979925],[10.338283,46.97995],[10.337842,46.979729],[10.337724,46.979773],[10.337723,46.979851],[10.337575,46.979799],[10.337493,46.979905],[10.337423,46.979887],[10.337273,46.979937],[10.337029,46.979933],[10.336896,46.979867],[10.336677,46.979882],[10.336497,46.979834],[10.336557,46.979976],[10.336814,46.980102],[10.336952,46.980273],[10.337112,46.980702],[10.337127,46.98094],[10.337079,46.980991],[10.336991,46.980995],[10.337046,46.980836],[10.336984,46.980802],[10.336773,46.981024],[10.336291,46.981338],[10.336425,46.981032],[10.336419,46.980898],[10.336045,46.980625],[10.335948,46.980635],[10.335909,46.981019],[10.335473,46.980784],[10.335472,46.981167],[10.335409,46.981249],[10.335236,46.981321],[10.335229,46.981652],[10.33513,46.981691],[10.334995,46.981663],[10.334976,46.981431],[10.334649,46.981167],[10.334316,46.981135],[10.333871,46.980941],[10.333525,46.981331],[10.333452,46.98151],[10.333364,46.981544],[10.333297,46.981433],[10.33331,46.981301],[10.332959,46.9808],[10.332946,46.980949],[10.33281,46.980865],[10.332805,46.98146],[10.332717,46.981591],[10.332353,46.981745],[10.331779,46.982128],[10.331748,46.982223],[10.331835,46.982608],[10.331654,46.982592],[10.331567,46.982523],[10.331189,46.982398],[10.330981,46.982392],[10.330832,46.982521],[10.330549,46.982535],[10.330472,46.98264],[10.330347,46.98259],[10.330284,46.982506],[10.330192,46.982569],[10.330035,46.982569],[10.329932,46.982667],[10.3296,46.982666],[10.329571,46.98276],[10.329814,46.982823],[10.329958,46.982963],[10.330245,46.983403],[10.330369,46.983468],[10.330328,46.983529],[10.330153,46.983502],[10.330043,46.983557],[10.329974,46.98344],[10.329842,46.983356],[10.329154,46.983083],[10.329128,46.983139],[10.329269,46.983215],[10.329357,46.983494],[10.329379,46.983676],[10.329264,46.983702],[10.328901,46.983476],[10.328141,46.983184],[10.328107,46.983237],[10.328217,46.98339],[10.328092,46.983582],[10.32778,46.983844],[10.327612,46.983804],[10.327494,46.983897],[10.327372,46.983901],[10.327342,46.984006],[10.327078,46.983823],[10.327026,46.983404],[10.326898,46.983117],[10.326784,46.983011],[10.32665,46.98308],[10.326269,46.982897],[10.326107,46.982905],[10.325931,46.982847],[10.326083,46.983123],[10.326026,46.983137],[10.325855,46.983048],[10.325669,46.983311],[10.325504,46.98342],[10.325454,46.983399],[10.32555,46.983219],[10.325472,46.983092],[10.325042,46.982942],[10.324168,46.982773],[10.323715,46.98261],[10.323604,46.982633],[10.323429,46.98277],[10.323028,46.982805],[10.322905,46.982759],[10.322619,46.98276],[10.322487,46.982839],[10.322283,46.982863],[10.322136,46.982963],[10.321584,46.982959],[10.321434,46.982881],[10.320516,46.982671],[10.319899,46.982694],[10.319239,46.982626],[10.318736,46.982415],[10.318326,46.982358]]],"type":"MultiLineString"},"id":"tirol:7106","properties":{"description":"Direkt bei der Bergstation der Flimjochbahn beginnt der Trail, der sich hinunter zur Idalp schlängelt, dem Zentrum der Silvretta Arena schlängelt, das bereits vom Start aus zu sehen ist. Alternativ kann der Traileinstieg auch über den steilen Fahrweg von der Idalp erreicht werden. Der Trail zeichnet sich durch zahlreiche Anlieger und speziell angelegte Steilkurven aus, die jedem Fahrerniveau gerecht werden. Während Anfänger*innen hier ideal ihre Fahrtechnik verbessern können, bietet der Trail auch erfahrenen Biker*innen reichlich Gelegenheit, das Tempo zu erhöhen. Auf einer kurzen, anspruchsvollen Variante, die wieder in den ursprünglichen Trail mündet, können sich Profis in felsiges Terrain wagen. Die Sprünge stellen eine Herausforderung dar, können aber auch einfach überrollt werden. Ein atemberaubendes Panorama, das von den Paznauner Gipfeln im Norden bis zu den Ötztaler Alpen im Süden reicht, erhöht den Reiz dieser Strecke zusätzlich.","difficulty":"mittelschwierig","down_m":430,"kind":"trail","length_m":3214,"level":"medium","name":"Singletrail Flimjoch","sections":[{"closed":false,"variant":false}],"source":"tirol","status":"open","up_m":0,"updated":"2026-05-19"},"type":"Feature"},{"geometry":{"coordinates":[[[10.570459,47.035853],[10.570631,47.035938],[10.571083,47.036039],[10.571159,47.036117],[10.571236,47.03613],[10.571306,47.036081],[10.571095,47.035753],[10.571086,47.035556],[10.570706,47.035162],[10.570481,47.035063],[10.570541,47.035003],[10.571334,47.035343],[10.571743,47.03569],[10.571803,47.035713],[10.571831,47.035683],[10.571451,47.035243],[10.570584,47.034541],[10.570202,47.034399],[10.569753,47.034405],[10.569585,47.034453],[10.569187,47.03461],[10.568345,47.035128],[10.568138,47.035473],[10.567858,47.035798],[10.567702,47.036113],[10.567627,47.036001],[10.567655,47.035801],[10.567382,47.036073],[10.567355,47.036193],[10.567168,47.036368],[10.567128,47.036475],[10.566202,47.03715],[10.566197,47.037314],[10.566038,47.037319],[10.565668,47.037559],[10.565702,47.037615],[10.567031,47.038185],[10.567817,47.038351],[10.568739,47.038722],[10.56916,47.038761],[10.569546,47.038854],[10.57035,47.038676],[10.570846,47.038789],[10.571792,47.03892],[10.57305,47.038978],[10.574638,47.038835],[10.575021,47.038744],[10.575468,47.038778],[10.575766,47.038676],[10.575934,47.038546],[10.576148,47.038486],[10.576247,47.038411],[10.576329,47.038486],[10.576214,47.038586],[10.576352,47.038577],[10.57646,47.038432],[10.576867,47.038341],[10.576932,47.038256],[10.577139,47.038198],[10.577343,47.037991],[10.577557,47.038094],[10.577749,47.03803],[10.577966,47.037629],[10.577901,47.037527],[10.577899,47.037247],[10.578002,47.037239],[10.57806,47.037372],[10.57814,47.037403],[10.578198,47.037318],[10.578121,47.037185],[10.578184,47.037174],[10.578341,47.037368],[10.578415,47.037245],[10.578415,47.037089],[10.578479,47.037096],[10.578521,47.037218],[10.578652,47.037183],[10.578585,47.037005],[10.578743,47.037017],[10.578962,47.037217],[10.579032,47.037174],[10.579026,47.037065],[10.579133,47.037047],[10.57922,47.037132],[10.579281,47.037351],[10.579659,47.037423]]],"type":"MultiLineString"},"id":"tirol:7110","properties":{"description":"Wie der Name schon sagt, startet der grüne Alpkopftrail am Alpkopf und ist perfekt geeignet für Einsteiger, die sich zunächst mit dem Mountainbike vertraut machen möchten. In sanften Schwüngen führt der Trail in subalpinem Gelände den Berg hinab. Im zweiten Abschnitt des Trails lädt er mit seinen spielerischen und leichtfüßigen Eigenschaften zum Üben und Kennenlernen ein.","difficulty":"leicht","down_m":200,"kind":"trail","length_m":2557,"level":"easy","name":"Alpkopftrail","sections":[{"closed":false,"variant":false}],"source":"tirol","status":"open","up_m":0,"updated":"2026-05-19"},"type":"Feature"},{"geometry":{"coordinates":[[[10.588821,47.07531],[10.588397,47.075147],[10.588209,47.07477],[10.586934,47.074206],[10.586973,47.074169],[10.587564,47.074288],[10.58789,47.074277],[10.58812,47.074357],[10.588173,47.074298],[10.587502,47.073921],[10.586615,47.073613],[10.586384,47.073415],[10.586221,47.073351],[10.586093,47.073202],[10.585636,47.072992],[10.585447,47.07283],[10.584946,47.072773],[10.584772,47.07238],[10.584394,47.072123],[10.584341,47.072001],[10.584239,47.071943],[10.583981,47.071428],[10.583386,47.071058],[10.583182,47.070875],[10.582341,47.070613],[10.581941,47.07026],[10.581708,47.069974],[10.581403,47.069808],[10.580663,47.06952],[10.57899,47.068229],[10.57836,47.06734],[10.578027,47.066651],[10.577249,47.065592],[10.577062,47.065196],[10.576973,47.063708],[10.576866,47.063132],[10.577026,47.062667],[10.576956,47.062388],[10.576655,47.06201],[10.576032,47.061981],[10.57572,47.06187],[10.575469,47.061714],[10.575249,47.061671],[10.575248,47.061629],[10.575576,47.061681],[10.575769,47.06165],[10.57582,47.061608],[10.575785,47.061578],[10.575596,47.061585],[10.575573,47.06154],[10.575807,47.061464],[10.575368,47.061409],[10.575035,47.061229],[10.574691,47.061192],[10.574276,47.060959],[10.574081,47.060941],[10.573863,47.060808],[10.573816,47.060697],[10.573604,47.060555],[10.573704,47.060496],[10.573617,47.060412],[10.57351,47.060405],[10.573545,47.060342],[10.573147,47.060183],[10.572817,47.059899],[10.572206,47.059614],[10.571953,47.059551],[10.571782,47.059365],[10.570997,47.05893],[10.570926,47.05883],[10.570097,47.0584],[10.569952,47.058363],[10.569603,47.058396],[10.569265,47.058258],[10.568746,47.057478],[10.568753,47.057104],[10.568533,47.056698],[10.567862,47.056035],[10.567165,47.055736],[10.566999,47.055462],[10.566525,47.055267],[10.565839,47.055248],[10.565516,47.054928],[10.565081,47.054756],[10.564812,47.054694],[10.56448,47.054682],[10.564108,47.05458],[10.563809,47.054407],[10.563824,47.054166],[10.563714,47.054064],[10.563199,47.05401],[10.562679,47.05379],[10.562601,47.053652],[10.562612,47.053505],[10.562431,47.053169],[10.561394,47.052497],[10.560864,47.051924],[10.56066,47.051781],[10.56056,47.051623],[10.560138,47.051282],[10.559892,47.050931],[10.559664,47.050719],[10.559375,47.050276],[10.559125,47.050129],[10.558953,47.049943],[10.558981,47.049641],[10.558889,47.049525],[10.558927,47.049396],[10.558839,47.049312],[10.559027,47.049311],[10.55904,47.049175],[10.559167,47.049068],[10.559477,47.048474],[10.559965,47.047947],[10.560023,47.047749],[10.559913,47.047453],[10.559526,47.047146],[10.559332,47.046872],[10.559093,47.046718],[10.558289,47.045782],[10.55824,47.045589],[10.557907,47.0451],[10.557984,47.044858],[10.557888,47.044498],[10.558182,47.043904],[10.558111,47.04366],[10.558135,47.043502],[10.558306,47.04352],[10.558357,47.04324],[10.558545,47.043415],[10.558624,47.043346],[10.558602,47.043222],[10.558811,47.04334],[10.558873,47.043177],[10.558937,47.043159],[10.559097,47.043214],[10.559172,47.043117],[10.559291,47.043179],[10.559409,47.043141],[10.559543,47.043258],[10.559599,47.04319],[10.559702,47.043183],[10.559759,47.043025],[10.559902,47.043053],[10.559959,47.042975],[10.560162,47.042912],[10.56022,47.042767],[10.560318,47.042767],[10.560355,47.042695],[10.560566,47.042796],[10.560603,47.042697],[10.560732,47.042633],[10.560808,47.042511],[10.561269,47.042109],[10.561409,47.042148],[10.562082,47.041641],[10.562762,47.041244],[10.56291,47.041011],[10.563055,47.040408],[10.563206,47.04029],[10.563244,47.040174]]],"type":"MultiLineString"},"id":"tirol:7115","properties":{"description":"Der knapp 6 km lange Jochtrail bietet abwechslungsreichen Singletrail-Spaß, und ist eine direkte Verbindung von Fiss nach Serfaus mit großartigen Ausblicken auf die umliegende Bergwelt.Der Trail startet bei der Bergstation Schönjochbahn am Fisser Joch und verläuft über den Mittleren Sattelkopf bis zur Mittelstation der Komperdellbahn. Der Singletrail beinhaltet naturbelassene Abschnitte, North-Shore-Elemente und einen kniffligen Abschnitt mit Rock Gardens.Wer auf dem Weg eine Pause einlegen möchte, ist bei der Wohlfühlstation am Mittleren Sattelkopf genau richtig. Dort stehen Sonnenliegen zum Füße hochlegen sowie Bänke für die Brotzeit bereit.","difficulty":"mittelschwierig","down_m":490,"kind":"trail","length_m":5711,"level":"medium","name":"Jochtrail","sections":[{"closed":false,"variant":false}],"source":"tirol","status":"open","up_m":30,"updated":"2026-05-19"},"type":"Feature"},{"geometry":{"coordinates":[[[10.546821,46.853182],[10.546767,46.85312],[10.546828,46.852995],[10.546726,46.852939],[10.546541,46.852654],[10.546541,46.852103],[10.546339,46.851989],[10.546277,46.8518],[10.546215,46.85177],[10.546126,46.851808],[10.546022,46.852097],[10.546148,46.852368],[10.546076,46.852459],[10.546079,46.852616],[10.54592,46.852765],[10.546014,46.852943],[10.545976,46.852976],[10.545876,46.852966],[10.545782,46.852892],[10.545669,46.852614],[10.545438,46.852429],[10.54518,46.852019],[10.544988,46.852003],[10.544881,46.852109],[10.544815,46.852387],[10.544909,46.852539],[10.545073,46.852631],[10.545148,46.852962],[10.545289,46.853067],[10.545237,46.853115],[10.544868,46.852854],[10.544625,46.85279],[10.544261,46.852561],[10.544156,46.852373],[10.544033,46.852407],[10.543935,46.85268],[10.543816,46.852716],[10.543727,46.852695],[10.543628,46.852407],[10.543739,46.852237],[10.543696,46.852201],[10.543512,46.852268],[10.54328,46.852522],[10.543239,46.852718],[10.543114,46.852691],[10.543042,46.852592],[10.543087,46.852494],[10.543008,46.852464],[10.542874,46.852539],[10.542753,46.852794],[10.542678,46.8528],[10.542609,46.852747],[10.542607,46.852597],[10.542493,46.852618],[10.542337,46.852772],[10.542362,46.852966],[10.542295,46.852971],[10.542185,46.852848],[10.542135,46.85291],[10.54219,46.852984],[10.542137,46.853018],[10.542017,46.852963],[10.541882,46.852595],[10.541989,46.852289],[10.541767,46.852361],[10.541591,46.852537],[10.541523,46.852813],[10.541566,46.852902],[10.541517,46.852934],[10.541432,46.85291],[10.541275,46.85274],[10.541271,46.85256],[10.541154,46.852593],[10.541158,46.852744],[10.541049,46.85274],[10.540998,46.852386],[10.540909,46.852397],[10.54086,46.852458],[10.540822,46.852726],[10.5409,46.852824],[10.54085,46.852872],[10.54074,46.852844],[10.540631,46.852686],[10.540667,46.852481],[10.540578,46.852459],[10.540503,46.85252],[10.54051,46.852614],[10.540356,46.852808],[10.540414,46.852932],[10.540384,46.853148],[10.540536,46.853423],[10.540663,46.853897],[10.541054,46.854344],[10.54125,46.855299],[10.541654,46.855726],[10.541552,46.85575],[10.541296,46.855598],[10.541023,46.855508],[10.54096,46.855373],[10.54085,46.855296],[10.54082,46.855176],[10.540605,46.855046],[10.540459,46.854757],[10.540377,46.854757],[10.540544,46.855201],[10.540548,46.85559],[10.540774,46.856055],[10.540769,46.856174],[10.540919,46.85642],[10.540926,46.856539],[10.541025,46.856629],[10.540899,46.85667],[10.540713,46.856566],[10.540411,46.856205],[10.540378,46.856091],[10.540295,46.856136],[10.540422,46.856534],[10.54035,46.856528],[10.540207,46.856378],[10.540182,46.856207],[10.540092,46.85621],[10.540199,46.856797],[10.540428,46.857244],[10.54062,46.857441],[10.541009,46.857701],[10.54145,46.857865],[10.541904,46.857953],[10.542055,46.858052],[10.542793,46.858334],[10.543379,46.858345],[10.544131,46.858147],[10.544458,46.85811],[10.544606,46.85803],[10.544694,46.858048],[10.544515,46.858216],[10.544113,46.858398],[10.543883,46.858601],[10.543358,46.858879],[10.54318,46.858927],[10.543259,46.858989],[10.54378,46.858884],[10.544108,46.858863],[10.544312,46.858726],[10.544408,46.858768],[10.544029,46.859134],[10.543723,46.859285],[10.543405,46.859356],[10.543426,46.859434],[10.543648,46.859437],[10.54394,46.85935],[10.544042,46.859222],[10.544119,46.859242],[10.543881,46.859565],[10.543574,46.859655],[10.54358,46.859734],[10.543898,46.859683],[10.545155,46.85902],[10.545246,46.859036],[10.54479,46.859501],[10.544944,46.859533],[10.544815,46.859598],[10.54482,46.85964],[10.545033,46.859716],[10.544976,46.859791],[10.544776,46.859879],[10.544901,46.859984],[10.54497,46.860211],[10.544865,46.860386],[10.544882,46.860518],[10.544735,46.860576],[10.544504,46.86093],[10.544526,46.861063],[10.544219,46.861468],[10.543963,46.861614],[10.543738,46.861599],[10.543696,46.861631],[10.543718,46.861677],[10.543909,46.861725],[10.544354,46.861611],[10.544379,46.861684],[10.544089,46.861799],[10.544171,46.861847],[10.544308,46.86183],[10.544306,46.861926],[10.544049,46.862055],[10.543447,46.862105],[10.543156,46.86224],[10.542725,46.862239],[10.542311,46.862395],[10.54206,46.862407],[10.542019,46.862514],[10.542188,46.86261],[10.542141,46.86272],[10.542021,46.862767],[10.541571,46.862775]]],"type":"MultiLineString"},"id":"tirol:7116","properties":{"description":"Der Zirmtrail ist außergewöhnlich spektakulär, als grüner Trail ideal für Einsteiger:innen und unsere Empfehlung für die erste Fahrt auf den 3-Länder-Endurotrails. Der Trail ist so abwechslungsreich wie die Berge, die ihn umgeben. Sein ausgeklügeltes Design mit zahlreichen Features lässt Fortgeschrittene im wahrsten Sinne des Wortes abheben, während Neulinge immer festen Grip unter den Reifen spüren. Er lädt ein zum Cruisen oder zum schnellen, spielerischen Fahren mit vielen Optionen.","difficulty":"leicht","down_m":320,"kind":"trail","length_m":4437,"level":"easy","name":"Zirmtrail","sections":[{"closed":false,"variant":false}],"source":"tirol","status":"open","up_m":2,"updated":"2026-05-19"},"type":"Feature"},{"geometry":{"coordinates":[[[10.544615,46.859308],[10.545155,46.85902],[10.545246,46.859036],[10.54479,46.859501],[10.544944,46.859533],[10.544815,46.859598],[10.54482,46.85964],[10.545033,46.859716],[10.544976,46.859791],[10.544776,46.859879],[10.544901,46.859984],[10.54497,46.860211],[10.544865,46.860386],[10.544885,46.86051],[10.544735,46.860576],[10.544504,46.86093],[10.544526,46.861063],[10.544219,46.861468],[10.543963,46.861614],[10.543738,46.861599],[10.543696,46.861631],[10.543718,46.861677],[10.543909,46.861725],[10.544354,46.861611],[10.544379,46.861684],[10.544089,46.861799],[10.544171,46.861847],[10.544308,46.86183],[10.544306,46.861926],[10.5441,46.862041],[10.543884,46.862046],[10.543727,46.862108],[10.543504,46.862103],[10.543465,46.862153],[10.543616,46.862255],[10.544223,46.862251],[10.544144,46.862329],[10.543924,46.862386],[10.544067,46.86244],[10.544292,46.862381],[10.544345,46.862418],[10.543932,46.862527],[10.543874,46.862579],[10.544012,46.862619],[10.544232,46.862586],[10.544266,46.862624],[10.543055,46.863131],[10.542893,46.863292],[10.542626,46.8634],[10.54237,46.863639],[10.541867,46.863919],[10.542006,46.863929],[10.542197,46.863787],[10.542449,46.863778],[10.542921,46.863808],[10.543287,46.863891],[10.543856,46.863648],[10.544076,46.863621],[10.543755,46.86381],[10.543731,46.863899],[10.543628,46.863952],[10.543671,46.864066],[10.543411,46.864155],[10.543391,46.864209],[10.543506,46.864325],[10.543496,46.864447],[10.543053,46.864705],[10.542567,46.864862],[10.541704,46.864908],[10.541461,46.86487],[10.541389,46.864959],[10.541464,46.865096],[10.54142,46.865162],[10.54078,46.865197],[10.540114,46.865349],[10.539825,46.865366],[10.539896,46.865433],[10.540178,46.865486],[10.540453,46.86566],[10.540421,46.86571],[10.540116,46.865645],[10.539354,46.865598],[10.538048,46.865343],[10.538027,46.865416],[10.538261,46.865459],[10.538413,46.865545],[10.539467,46.866328],[10.539417,46.866368],[10.538873,46.86616],[10.538852,46.866368]],[[10.543755,46.86381],[10.543286,46.864049],[10.542897,46.86447],[10.542521,46.864771],[10.54219,46.864776],[10.541837,46.864891]]],"type":"MultiLineString"},"id":"tirol:7122","properties":{"description":"Der Goldseetrail schlägt ein neues Kapitel in Nauders auf - Airtime. Er ist ein moderner Hybrid-Trail der Stein, Holz, Erde und Airflow miteinander vereint. Actionreich und spielerisch führt der Trail stepup, stepdown in den Slopestylebereich, der zum Abheben einlädt. Die blaue Hauptlinie (Länge: ca 170 m) ist stets überrollbar, während auf der roten Linie (Länge: ca 186 m) im Slopestyle ordentlich \\\"Flugmeilen\\\" gesammelt werden können. Die neue Goldseebahn katapultiert die Biker:innen innerhalb von 3 Minuten zurück zum Start. PRE-RIDE – RE-RIDE – FREE-RIDE!","difficulty":"leicht","down_m":170,"kind":"trail","length_m":2198,"level":"easy","name":"Goldseetrail","sections":[{"closed":false,"variant":false},{"closed":false,"variant":true}],"source":"tirol","status":"open","up_m":0,"updated":"2026-05-19"},"type":"Feature"},{"geometry":{"coordinates":[[[10.591797,47.051633],[10.591552,47.051328],[10.591212,47.05103],[10.590912,47.050933],[10.590734,47.050678],[10.590569,47.050606],[10.590624,47.050561],[10.591185,47.050683],[10.591242,47.050631],[10.590632,47.050378],[10.59061,47.050305],[10.590722,47.050365],[10.590787,47.050327],[10.59058,47.05021],[10.590452,47.050026],[10.58984,47.049615],[10.589845,47.049569],[10.589915,47.049562],[10.590398,47.049882],[10.590469,47.049881],[10.59047,47.04982],[10.590195,47.04967],[10.590062,47.049513],[10.590149,47.049472],[10.590454,47.049676],[10.591287,47.050102],[10.591303,47.050046],[10.590983,47.049848],[10.591111,47.049846],[10.591392,47.049972],[10.591385,47.049912],[10.591045,47.049746],[10.591108,47.04972],[10.591487,47.049886],[10.591509,47.049803],[10.591126,47.049573],[10.591189,47.049546],[10.59144,47.049673],[10.591498,47.049635],[10.591215,47.049522],[10.591239,47.049475],[10.591366,47.049509],[10.591373,47.049456],[10.59081,47.049089],[10.590801,47.04903],[10.59134,47.049237],[10.591719,47.049466],[10.591827,47.049456],[10.591848,47.04938],[10.591664,47.04931],[10.59168,47.049206],[10.59145,47.049161],[10.591603,47.049117],[10.59219,47.049379],[10.593106,47.049653],[10.59328,47.049635],[10.593529,47.049695],[10.594096,47.049733],[10.594544,47.049723],[10.59525,47.049837],[10.595881,47.04979],[10.596093,47.04966],[10.597008,47.049337],[10.597063,47.049184],[10.597324,47.048926],[10.597449,47.048715],[10.59776,47.048444],[10.59836,47.04815],[10.598715,47.048087],[10.599209,47.047726],[10.599913,47.047475],[10.600213,47.047425],[10.600571,47.047455],[10.6012,47.047632],[10.601514,47.047771],[10.601776,47.048015],[10.601812,47.048336],[10.601473,47.048654],[10.601377,47.048883],[10.601398,47.048917],[10.60151,47.048897],[10.601632,47.048593],[10.601727,47.048591],[10.601654,47.048862],[10.601518,47.04898],[10.601597,47.049028],[10.60179,47.048855],[10.601875,47.048593],[10.601934,47.048598],[10.601949,47.048664],[10.601908,47.048813],[10.602001,47.048823],[10.602198,47.048421],[10.60218,47.048322],[10.602261,47.048336],[10.602237,47.048436],[10.602325,47.048423],[10.60224,47.047834],[10.602323,47.047868],[10.602498,47.048338],[10.602482,47.048593],[10.602423,47.048672],[10.602537,47.048688],[10.60262,47.04839],[10.602584,47.047858],[10.602377,47.047589],[10.602208,47.047485],[10.602284,47.047443],[10.602395,47.04755],[10.602468,47.047535],[10.602231,47.047311],[10.602314,47.047274],[10.602453,47.047381],[10.602522,47.04737],[10.60237,47.047199],[10.602455,47.047207],[10.60258,47.047329],[10.602653,47.047319],[10.602522,47.047123],[10.602544,47.047082],[10.602623,47.047104],[10.602704,47.047236],[10.602794,47.047226],[10.602689,47.046992],[10.602773,47.047005],[10.602878,47.047138],[10.602949,47.047354],[10.603419,47.047976],[10.603472,47.048228],[10.603548,47.0482],[10.603447,47.047876],[10.60349,47.047851],[10.603617,47.048219],[10.603695,47.04823],[10.603524,47.047712],[10.603474,47.047335],[10.603377,47.0472],[10.603433,47.047164],[10.60349,47.047281],[10.603566,47.047262],[10.603282,47.046641],[10.603397,47.04652],[10.603496,47.046563],[10.603565,47.04682],[10.603726,47.04677],[10.603683,47.046621],[10.603773,47.046595],[10.6039,47.046792],[10.603986,47.047177],[10.604031,47.047156],[10.603992,47.046876],[10.604061,47.046894],[10.604067,47.047064],[10.604154,47.04707],[10.604183,47.046587],[10.604268,47.046582],[10.604264,47.046778],[10.604316,47.046806],[10.604504,47.046611],[10.604598,47.0466],[10.604494,47.046919],[10.604537,47.046983],[10.604796,47.046776],[10.604821,47.046675],[10.604914,47.046703],[10.604843,47.046898],[10.604934,47.046911],[10.605066,47.04675],[10.605062,47.046599],[10.605131,47.046597],[10.605078,47.047306],[10.605112,47.047828],[10.605199,47.047825],[10.605242,47.047257],[10.605325,47.047281],[10.605285,47.047518],[10.605349,47.048027],[10.605416,47.047984],[10.605454,47.047537],[10.605536,47.047558],[10.605534,47.047899],[10.605597,47.047847],[10.605631,47.047563],[10.605728,47.047586],[10.605539,47.048401],[10.604765,47.04961],[10.604706,47.049795],[10.604832,47.049807],[10.605151,47.049358],[10.605506,47.049034],[10.605554,47.048885],[10.605657,47.048877],[10.605647,47.049002],[10.605764,47.04893],[10.606136,47.048235],[10.606431,47.04778],[10.606487,47.047766],[10.606543,47.047831],[10.606249,47.048337],[10.606107,47.048748],[10.605455,47.049695],[10.605262,47.049893],[10.605364,47.049933],[10.605416,47.049901],[10.606266,47.048985],[10.60661,47.048297],[10.606705,47.048337],[10.606455,47.048832],[10.606517,47.048891],[10.606651,47.048774],[10.606805,47.048309],[10.606899,47.048303],[10.606556,47.049377],[10.606659,47.049413],[10.606713,47.049366],[10.60696,47.048892],[10.607088,47.048951],[10.606834,47.049447],[10.606599,47.05018],[10.606716,47.050189],[10.607102,47.049639],[10.607192,47.049705],[10.607079,47.049843],[10.606972,47.050229],[10.607067,47.050217],[10.607261,47.050033],[10.607312,47.050073],[10.607249,47.050142],[10.607328,47.050171],[10.607449,47.050013],[10.607526,47.050037],[10.607541,47.050123],[10.607592,47.050032],[10.607651,47.050031],[10.607651,47.050137],[10.607718,47.050147],[10.607821,47.049993],[10.607882,47.050131],[10.607939,47.050143],[10.608033,47.049949],[10.608106,47.049952],[10.607972,47.050642],[10.608053,47.050663],[10.608178,47.05051],[10.608269,47.050524],[10.608241,47.050811],[10.608147,47.050999],[10.608204,47.051047],[10.608252,47.05097],[10.608345,47.050982],[10.608366,47.05134],[10.608456,47.051344],[10.608574,47.051089],[10.608651,47.051191],[10.608611,47.051383],[10.608686,47.051405],[10.608871,47.051101],[10.608886,47.050962],[10.608963,47.050947],[10.608931,47.051081],[10.609009,47.051092],[10.609041,47.050873],[10.609101,47.050898],[10.609082,47.051052]]],"type":"MultiLineString"},"id":"tirol:7126","properties":{"description":"Der Start des grünen Bifi Trails befindet sich bei der Bergstation der Waldbahn bzw. des Sunliners im Bikepark Serfaus-Fiss-Ladis. Auf einer Gesamtlänge von 6,9 km und einem Höhenunterschied von 390 m führt der sehr leichte Trail in unzähligen Kurven mit traumhaften Ausblicken auf Serfaus und Fiss, bis zur Talstation der Waldbahn. Der Trail eignet sich hervorragend zum Üben und Kennenlernen. Selbst erfahrene Biker*innen haben dank viel Flow und überspringbaren Wellen jede Menge Fahrspaß.","difficulty":"mittelschwierig","down_m":380,"kind":"trail","length_m":6724,"level":"medium","name":"Bifi Trail","sections":[{"closed":false,"variant":false}],"source":"tirol","status":"open","up_m":10,"updated":"2026-05-22"},"type":"Feature"},{"geometry":{"coordinates":[[[10.591475,47.049131],[10.591512,47.049048],[10.591302,47.04895],[10.591295,47.048815],[10.591099,47.048626],[10.59046,47.048314],[10.590573,47.048279],[10.590802,47.048304],[10.591019,47.048203],[10.591142,47.048246],[10.591472,47.048513],[10.59147,47.048407],[10.591137,47.048093],[10.590923,47.047954],[10.590648,47.047869],[10.590172,47.047883],[10.590202,47.047787],[10.589758,47.047857],[10.589732,47.047828],[10.589851,47.04776],[10.589615,47.047787],[10.589646,47.047743],[10.590296,47.047586],[10.590882,47.047524],[10.591124,47.047551],[10.591735,47.047739],[10.591757,47.047697],[10.591096,47.047369],[10.591252,47.047363],[10.591181,47.047313],[10.591231,47.047287],[10.591401,47.047363],[10.59167,47.047353],[10.591866,47.047395],[10.591875,47.047353],[10.591504,47.047219],[10.591564,47.047188],[10.591835,47.047286],[10.591853,47.047232],[10.591425,47.047054],[10.591111,47.047033],[10.589481,47.047193],[10.588821,47.047366],[10.588844,47.047316],[10.589276,47.047177],[10.589628,47.047115],[10.589608,47.047078],[10.589396,47.047111],[10.589394,47.047067],[10.590426,47.046832],[10.590429,47.046802],[10.588882,47.046903],[10.588676,47.046819],[10.588212,47.046833],[10.587944,47.046769],[10.588188,47.046249],[10.588276,47.046207],[10.588392,47.046033],[10.588655,47.045985],[10.588965,47.04608],[10.588855,47.045987],[10.588987,47.046023],[10.589007,47.045993],[10.588819,47.045915],[10.58902,47.045957],[10.589046,47.045931],[10.588823,47.045869],[10.588827,47.045822],[10.58894,47.045864],[10.589012,47.045843],[10.588813,47.045779],[10.588234,47.045782],[10.588099,47.045926],[10.587907,47.046012],[10.587844,47.045938],[10.587893,47.045785],[10.587835,47.045644],[10.587899,47.045339],[10.587743,47.04524],[10.587477,47.045167],[10.58753,47.045118],[10.587854,47.045117],[10.587878,47.045065],[10.58746,47.044981],[10.587441,47.044864],[10.587801,47.044593],[10.588236,47.044409],[10.588335,47.044267],[10.588662,47.044163],[10.588687,47.044114],[10.588567,47.043739],[10.588332,47.043609],[10.588365,47.043567],[10.588592,47.043549],[10.588615,47.043501],[10.588289,47.043477],[10.588311,47.043381],[10.588227,47.04332],[10.587684,47.043262],[10.58767,47.043215],[10.588092,47.043213],[10.588384,47.043293],[10.588391,47.043248],[10.588199,47.04313],[10.587813,47.043063],[10.587247,47.043155],[10.587113,47.042977],[10.586726,47.042895],[10.586318,47.042886],[10.585764,47.042992],[10.585274,47.042936],[10.584935,47.043],[10.584915,47.042955],[10.585198,47.04285],[10.585737,47.042804],[10.585868,47.042753],[10.585573,47.04274],[10.585592,47.042703],[10.585826,47.042672],[10.585824,47.042621],[10.585285,47.042709],[10.584999,47.042678],[10.5857,47.042453],[10.58597,47.04244],[10.586116,47.042347],[10.586341,47.042348],[10.586481,47.042231],[10.586703,47.042185],[10.587188,47.042247],[10.587333,47.042219],[10.587928,47.042246],[10.588141,47.042203],[10.588463,47.042089],[10.588666,47.041938],[10.589319,47.041774],[10.589652,47.041778],[10.589626,47.041726],[10.589212,47.041723],[10.588917,47.04178],[10.588903,47.041723],[10.589237,47.041628],[10.589665,47.04159],[10.589803,47.041619],[10.590051,47.041786],[10.590204,47.04182],[10.590356,47.042014],[10.590305,47.041851],[10.590465,47.04192],[10.590533,47.041892],[10.590361,47.041803],[10.590367,47.04176],[10.5906,47.041822],[10.590695,47.041792],[10.590235,47.041681],[10.590257,47.041645],[10.590403,47.041685],[10.590454,47.041649],[10.590207,47.041601],[10.590202,47.041508],[10.590541,47.041563],[10.590778,47.041483],[10.591008,47.041561],[10.591046,47.041529],[10.590967,47.041421],[10.591166,47.041513],[10.59122,47.041483],[10.59115,47.041371],[10.591371,47.041443],[10.591286,47.041322],[10.59148,47.041365],[10.591554,47.041278],[10.591703,47.041325],[10.591747,47.04125],[10.59191,47.041283],[10.592077,47.041204],[10.592287,47.041192],[10.592332,47.041141],[10.59249,47.041148],[10.592511,47.041103],[10.592364,47.041049],[10.592368,47.041011],[10.592628,47.041075],[10.592607,47.040985],[10.592781,47.040983],[10.592751,47.040888],[10.592945,47.040813],[10.593187,47.04084],[10.593272,47.04077],[10.593355,47.040813],[10.593552,47.040688],[10.594266,47.040556],[10.594757,47.040374],[10.594883,47.04037],[10.594854,47.040436],[10.595137,47.040448],[10.595161,47.040418]]],"type":"MultiLineString"},"id":"tirol:7128","properties":{"description":"Der Einstieg zum blauen Leithe Trail erfolgt über den 1,2 km langen Abschnitt des grünen Bifi Trails (MTB 7126), der an der Bergstation Waldbahn im Bikepark Serfaus-Fiss-Ladis beginnt, zu erreichen. Über 4,3 km schlängelt sich der Leithe Trail in unzähligen Kurven ins Tal. Mit seiner spielerischen und leichten Charakteristik lädt der Trail zum Üben und Kennenlernen ein und bietet enormen Fahrspaß.","difficulty":"mittelschwierig","down_m":320,"kind":"trail","length_m":4154,"level":"medium","name":"Leithe Trail","sections":[{"closed":false,"variant":false}],"source":"tirol","status":"open","up_m":0,"updated":"2026-05-19"},"type":"Feature"},{"geometry":{"coordinates":[[[10.546821,46.853182],[10.546767,46.85312],[10.546828,46.852995],[10.546726,46.852939],[10.546541,46.852654],[10.546541,46.852103],[10.546339,46.851989],[10.546277,46.8518],[10.546215,46.85177],[10.546126,46.851808],[10.546022,46.852097],[10.546148,46.852368],[10.546076,46.852459],[10.546079,46.852616],[10.54592,46.852765],[10.546014,46.852943],[10.545976,46.852976],[10.545876,46.852966],[10.545782,46.852892],[10.545669,46.852614],[10.545438,46.852429],[10.54518,46.852019],[10.544988,46.852003],[10.544881,46.852109],[10.544815,46.852387],[10.544909,46.852539],[10.545073,46.852631],[10.545148,46.852962],[10.545289,46.853067],[10.545237,46.853115],[10.544868,46.852854],[10.544625,46.85279],[10.544261,46.852561],[10.544156,46.852373],[10.544033,46.852407],[10.543935,46.85268],[10.543816,46.852716],[10.543727,46.852695],[10.543628,46.852407],[10.543739,46.852237],[10.543696,46.852201],[10.543512,46.852268],[10.54328,46.852522],[10.543239,46.852718],[10.543114,46.852691],[10.543042,46.852592],[10.543087,46.852494],[10.543008,46.852464],[10.542874,46.852539],[10.542753,46.852794],[10.542678,46.8528],[10.542609,46.852747],[10.542607,46.852597],[10.542493,46.852618],[10.542337,46.852772],[10.542362,46.852966],[10.542295,46.852971],[10.542185,46.852848],[10.542135,46.85291],[10.54219,46.852984],[10.542137,46.853018],[10.542017,46.852963],[10.541882,46.852595],[10.541989,46.852289],[10.541767,46.852361],[10.541591,46.852537],[10.541523,46.852813],[10.541566,46.852902],[10.541517,46.852934],[10.541432,46.85291],[10.541275,46.85274],[10.541271,46.85256],[10.541154,46.852593],[10.541158,46.852744],[10.541049,46.85274],[10.540998,46.852386],[10.540909,46.852397],[10.54086,46.852458],[10.540822,46.852726],[10.5409,46.852824],[10.54085,46.852872],[10.54074,46.852844],[10.540631,46.852686],[10.540667,46.852481],[10.540578,46.852459],[10.540503,46.85252],[10.54051,46.852614],[10.540356,46.852808],[10.540414,46.852932],[10.540384,46.853148],[10.540536,46.853423],[10.540663,46.853897],[10.541054,46.854344],[10.54125,46.855299],[10.541654,46.855726],[10.541552,46.85575],[10.541296,46.855598],[10.541023,46.855508],[10.54096,46.855373],[10.54085,46.855296],[10.54082,46.855176],[10.540605,46.855046],[10.540459,46.854757],[10.540377,46.854757],[10.540544,46.855201],[10.540548,46.85559],[10.540774,46.856055],[10.540769,46.856174],[10.540919,46.85642],[10.540926,46.856539],[10.541025,46.856629],[10.540899,46.85667],[10.540713,46.856566],[10.540411,46.856205],[10.540378,46.856091],[10.540295,46.856136],[10.540422,46.856534],[10.54035,46.856528],[10.540207,46.856378],[10.540182,46.856207],[10.540092,46.85621],[10.540199,46.856797],[10.540428,46.857244],[10.54062,46.857441],[10.541009,46.857701],[10.54145,46.857865],[10.541904,46.857953],[10.542055,46.858052],[10.542793,46.858334],[10.543379,46.858345],[10.544131,46.858147],[10.544458,46.85811],[10.544606,46.85803],[10.544694,46.858048],[10.544515,46.858216],[10.544113,46.858398],[10.543883,46.858601],[10.543358,46.858879],[10.54318,46.858927],[10.543259,46.858989],[10.54378,46.858884],[10.544108,46.858863],[10.544312,46.858726],[10.544408,46.858768],[10.544029,46.859134],[10.543723,46.859285],[10.543405,46.859356],[10.543426,46.859434],[10.543648,46.859437],[10.54394,46.85935],[10.544042,46.859222],[10.544119,46.859242],[10.543881,46.859565],[10.543574,46.859655],[10.54358,46.859734],[10.543898,46.859683],[10.545155,46.85902],[10.545246,46.859036],[10.54479,46.859501],[10.544944,46.859533],[10.544815,46.859598],[10.54482,46.85964],[10.545033,46.859716],[10.544976,46.859791],[10.544776,46.859879],[10.544901,46.859984],[10.54497,46.860211],[10.544865,46.860386],[10.544882,46.860518],[10.544735,46.860576],[10.544504,46.86093],[10.544526,46.861063],[10.544219,46.861468],[10.543963,46.861614],[10.543738,46.861599],[10.543696,46.861631],[10.543718,46.861677],[10.543909,46.861725],[10.544354,46.861611],[10.544379,46.861684],[10.544089,46.861799],[10.544171,46.861847],[10.544308,46.86183],[10.544306,46.861926],[10.544049,46.862055],[10.543447,46.862105],[10.543156,46.86224],[10.542725,46.862239],[10.542311,46.862395],[10.54206,46.862407],[10.542019,46.862514],[10.542188,46.86261],[10.542141,46.86272],[10.542021,46.862767],[10.541571,46.862775]]],"type":"MultiLineString"},"id":"tirol:7141","properties":{"description":"Genau wie im Skikurs geht es mit dem Förderband nach oben und auf flachen, spaßigen Rundkursen wieder bergab. In der Bike Base finden junge Fahrer*innen und Bike-Neulinge ein eigens angelegtes Terrain, das erste Erfahrungen unter kontrollierten Bedingungen ermöglicht. Auf den vier Trails können sie sich intuitiv und spielerisch steigern – von den ersten Rollversuchen bis hin zu Mini-Jumps und Doubles, Steinfeldern und Northshore-Elementen. Ergänzt wird diese Angebot durch den Nauderix, den&nbsp;Pieng Trail, den&nbsp;Goldwasser Trail&nbsp;und den&nbsp;Ganderbild Trail&nbsp;– Strecken, die sowohl den individuellen Fortschritt fördern und ein abwechslungsreiches Fahrerlebnis für alle Level bieten.","difficulty":"leicht","down_m":10,"kind":"trail","length_m":4437,"level":"easy","name":"Nauderix","sections":[{"closed":false,"variant":false}],"source":"tirol","status":"open","up_m":0,"updated":"2026-05-19"},"type":"Feature"},{"geometry":{"coordinates":[[[10.542704,46.862309],[10.542438,46.862394],[10.542447,46.862444],[10.542659,46.862466],[10.542602,46.862513],[10.542369,46.862545],[10.5426,46.86266],[10.542296,46.862805],[10.542408,46.86284],[10.542605,46.862764],[10.542623,46.862806],[10.542465,46.862862],[10.542648,46.862889]]],"type":"MultiLineString"},"id":"tirol:7142","properties":{"description":"Genau wie im Skikurs geht es mit dem Förderband nach oben und auf flachen, spaßigen Rundkursen wieder bergab. In der Bike Base finden junge Fahrer*innen und Bike-Neulinge ein eigens angelegtes Terrain, das erste Erfahrungen unter kontrollierten Bedingungen ermöglicht. Auf den vier Trails können sie sich intuitiv und spielerisch steigern – von den ersten Rollversuchen bis hin zu Mini-Jumps und Doubles, Steinfeldern und Northshore-Elementen. Ergänzt wird diese Angebot durch den Nauderix, den Pieng Trail, den Goldwasser Trail und den Ganderbild Trail – Strecken, die sowohl den individuellen Fortschritt fördern und ein abwechslungsreiches Fahrerlebnis für alle Level bieten.&nbsp;","difficulty":"leicht","down_m":10,"kind":"trail","length_m":178,"level":"easy","name":"Goldwassertrail","sections":[{"closed":false,"variant":false}],"source":"tirol","status":"open","up_m":0,"updated":"2026-05-19"},"type":"Feature"},{"geometry":{"coordinates":[[[10.542729,46.862312],[10.542903,46.86237],[10.543294,46.862362],[10.543336,46.862404],[10.542967,46.86247],[10.543027,46.862519],[10.543207,46.862479],[10.543238,46.862534],[10.542788,46.862629],[10.543063,46.862689],[10.543246,46.86265],[10.543267,46.862705],[10.542761,46.862776],[10.542672,46.862883]]],"type":"MultiLineString"},"id":"tirol:7143","properties":{"description":"Genau wie im Skikurs geht es mit dem Förderband nach oben und auf flachen, spaßigen Rundkursen wieder bergab. In der Bike Base finden junge Fahrer*innen und Bike-Neulinge ein eigens angelegtes Terrain, das erste Erfahrungen unter kontrollierten Bedingungen ermöglicht. Auf den vier Trails können sie sich intuitiv und spielerisch steigern – von den ersten Rollversuchen bis hin zu Mini-Jumps und Doubles, Steinfeldern und Northshore-Elementen. Ergänzt wird diese Angebot durch den Nauderix, den Pieng Trail, den Goldwasser Trail und den Ganderbild Trail – Strecken, die sowohl den individuellen Fortschritt fördern und ein abwechslungsreiches Fahrerlebnis für alle Level bieten.&nbsp;","difficulty":"leicht","down_m":13,"kind":"trail","length_m":239,"level":"easy","name":"Pieng Trail","sections":[{"closed":false,"variant":false}],"source":"tirol","status":"open","up_m":0,"updated":"2026-05-19"},"type":"Feature"},{"geometry":{"coordinates":[[[10.542731,46.862308],[10.543045,46.86234],[10.543324,46.862315],[10.543668,46.862364],[10.543826,46.862331],[10.543859,46.862361],[10.543612,46.862421],[10.543409,46.862387],[10.543473,46.862446],[10.543793,46.862465],[10.543307,46.862534],[10.543535,46.862593],[10.543779,46.862562],[10.543768,46.862617],[10.543429,46.862719],[10.542775,46.862822],[10.542675,46.862887]]],"type":"MultiLineString"},"id":"tirol:7144","properties":{"description":"Genau wie im Skikurs geht es mit dem Förderband nach oben und auf flachen, spaßigen Rundkursen wieder bergab. In der Bike Base finden junge Fahrer*innen und Bike-Neulinge ein eigens angelegtes Terrain, das erste Erfahrungen unter kontrollierten Bedingungen ermöglicht. Auf den vier Trails können sie sich intuitiv und spielerisch steigern – von den ersten Rollversuchen bis hin zu Mini-Jumps und Doubles, Steinfeldern und Northshore-Elementen. Ergänzt wird diese Angebot durch den Nauderix, den Pieng Trail, den Goldwasser Trail und den Ganderbild Trail – Strecken, die sowohl den individuellen Fortschritt fördern und ein abwechslungsreiches Fahrerlebnis für alle Level bieten.&nbsp;","difficulty":"leicht","down_m":13,"kind":"trail","length_m":328,"level":"easy","name":"Ganderbild Trail","sections":[{"closed":false,"variant":false}],"source":"tirol","status":"open","up_m":0,"updated":"2026-05-19"},"type":"Feature"},{"geometry":{"coordinates":[[[10.540702,46.862814],[10.540564,46.862789],[10.540337,46.862852],[10.539694,46.862828],[10.53951,46.86294],[10.539102,46.863045],[10.538436,46.863335],[10.537689,46.863473],[10.53764,46.863549],[10.537722,46.863628],[10.537607,46.863614],[10.537547,46.863509],[10.537483,46.863497],[10.537449,46.863539],[10.537536,46.863657],[10.538024,46.863907],[10.538244,46.863971],[10.53826,46.864032],[10.538154,46.864093],[10.538149,46.864175],[10.538699,46.86427],[10.538959,46.864383],[10.540009,46.864578],[10.540329,46.864715],[10.54086,46.864719],[10.540538,46.864864],[10.540282,46.864859],[10.540203,46.864891],[10.54025,46.864925],[10.540606,46.86494],[10.541213,46.864888],[10.541462,46.865124],[10.54136,46.865177],[10.54078,46.865197],[10.540114,46.865349],[10.539825,46.865366],[10.539896,46.865433],[10.540178,46.865486],[10.540432,46.865642],[10.540461,46.865681],[10.540383,46.865714],[10.540116,46.865645],[10.539354,46.865598],[10.538091,46.865337],[10.537845,46.865368],[10.537288,46.865236],[10.537281,46.865342],[10.537592,46.86542],[10.537563,46.865485],[10.537402,46.865498],[10.537416,46.865537],[10.537849,46.865686],[10.537815,46.865727],[10.537605,46.865722],[10.537756,46.865803],[10.537449,46.865916],[10.537034,46.865865],[10.536787,46.865798],[10.536682,46.865711],[10.536639,46.86574],[10.536762,46.865878],[10.536484,46.865853],[10.536049,46.865425],[10.53594,46.865425],[10.536032,46.865519],[10.535962,46.865572],[10.535784,46.865458],[10.535092,46.864656],[10.535123,46.864923],[10.535059,46.865008],[10.535191,46.86526],[10.53512,46.865328],[10.534995,46.865314],[10.534916,46.865243],[10.534854,46.865045],[10.534584,46.865156],[10.534518,46.865055],[10.534555,46.864759],[10.534507,46.864733],[10.534296,46.864825],[10.534141,46.865002],[10.534471,46.865418],[10.533716,46.865222],[10.533513,46.864994],[10.533345,46.864686],[10.532847,46.864515],[10.532785,46.864279],[10.532858,46.864111],[10.533082,46.863901],[10.533563,46.863262]]],"type":"MultiLineString"},"id":"tirol:7147","properties":{"description":"Der Hofratrail beginnt direkt bei der Bergstation Bergkastel auf 2.170 m Seehöhe.&nbsp;Auf einer Länge von knapp 2.2 km schlängelt sich der Trail im oberen Teil durch einen einzigartigen Zirbenwald. Immer wieder wechselt die Kulisse - der Trail führt unter der Bergkastelbahn hindurch, wenig später über offene Flächen, unter der Goldseebahn hindurch und wieder zurück in den verspielten Trailabschnitt durch den Zirbenwald. Der Trail ist mit kleinen Tables und Rollern sowie einigen Steinfeldern (im blauen Schwierigkeitsgrad) ausgestattet, die neben einem Northshore-Element für Abwechslung sorgen. Fortgeschrittene finden Möglichkeiten für Doubles und weitere Sprünge.&nbsp;Von hier aus besteht eine direkte Verbindung zur Goldseebahn, die bis ins letzte Drittel des Zirbentrails fährt.&nbsp;Über den Hofratstrail besteht die Möglichkeit, noch ein Stück weiter bergab zu cruisen um schließlich in den roten Bergkasteltrail zu münden, der allerdings deutlich schwieriger zu befahren ist und bis ganz hinunter nach Nauders führt.&nbsp;Alternativ kann auch über 4 parallel verlaufende MTB-Routen ins Tal abgefahren werden.","difficulty":"leicht","down_m":180,"kind":"trail","length_m":2328,"level":"easy","name":"Hofratstrail","sections":[{"closed":false,"variant":false}],"source":"tirol","status":"open","up_m":0,"updated":"2026-06-23"},"type":"Feature"},{"geometry":{"coordinates":[[[10.154925,47.030927],[10.15461,47.030293],[10.154506,47.029803],[10.154571,47.029439],[10.154226,47.028974],[10.15384,47.028132],[10.153848,47.028016],[10.153666,47.027896],[10.153749,47.027647],[10.153718,47.02752],[10.15348,47.027099],[10.153301,47.026985],[10.153199,47.026782],[10.153321,47.026124],[10.153192,47.025887],[10.153088,47.025063],[10.15322,47.02483],[10.153199,47.024699],[10.15338,47.02447],[10.153408,47.02421],[10.153569,47.024035],[10.153642,47.023734],[10.153571,47.023407],[10.15364,47.023137],[10.153784,47.022927],[10.153804,47.022746],[10.153991,47.022513],[10.153926,47.022364],[10.153781,47.022263],[10.153831,47.0221],[10.153773,47.021982],[10.154043,47.021764],[10.154104,47.02158],[10.15406,47.021447],[10.153878,47.021411],[10.153683,47.021665],[10.153219,47.022034],[10.152605,47.022173],[10.152646,47.021104],[10.152849,47.020569],[10.152824,47.020275],[10.152929,47.019978],[10.153088,47.019874],[10.153115,47.019751],[10.152987,47.019736],[10.152724,47.019828],[10.15277,47.019624],[10.152916,47.019384],[10.152669,47.019457],[10.15233,47.019685],[10.152174,47.019722],[10.152133,47.019702],[10.152208,47.0196],[10.152184,47.019342],[10.152299,47.01917],[10.152033,47.019201],[10.15154,47.019514],[10.15121,47.019592],[10.151022,47.019606],[10.15059,47.019552],[10.150436,47.019489],[10.150334,47.01952],[10.150144,47.019485],[10.149779,47.019223],[10.149356,47.01904],[10.149308,47.018791],[10.148952,47.018394],[10.148696,47.01819],[10.14839,47.017832],[10.14795,47.017517],[10.147105,47.017191],[10.146823,47.017194],[10.146563,47.017033],[10.146407,47.017026],[10.145762,47.016812],[10.145483,47.016788],[10.144636,47.015759],[10.14423,47.015494],[10.144081,47.015274],[10.144028,47.015072],[10.142858,47.014559],[10.142281,47.014009],[10.141599,47.013504],[10.1411,47.012743],[10.141018,47.012521],[10.141013,47.012318],[10.140904,47.012078],[10.140878,47.011381],[10.140555,47.010642],[10.140531,47.009946],[10.140126,47.009065],[10.139781,47.008825],[10.139531,47.008487],[10.13937,47.008461],[10.139168,47.008328],[10.13904,47.00819],[10.13906,47.008009],[10.138985,47.007934],[10.138666,47.007886],[10.138336,47.007938],[10.138253,47.007917],[10.138284,47.007856],[10.138504,47.007765],[10.139001,47.00765],[10.138543,47.007419],[10.138517,47.007348],[10.138914,47.007367],[10.139215,47.007326],[10.139247,47.00729],[10.13916,47.007195]]],"type":"MultiLineString"},"id":"tirol:796","properties":{"description":"Dieser Shared-Trail startet bei der Schönverwallhütte auf einem Steig und ist taleinwärts von geübten Bike-Fans durchaus bewältigbar. Nach Querung der Rosanna beginnt eine steilere Passage und das Bike muss geschoben bzw. getragen werden! Danach führt der Shared-Trail weiter über hochalpines Gelände bis hinauf zum Joch. Dort angekommen belohnen eine herrliche Naturlandschaft mit Moorlandschaften und der Ausblick auf die Scheidseen für die Strapazen. Hier wird die Landesgrenze zu Vorarlberg überschritten und das Ziel - die Heilbronner Hütte - kommt in Sicht. Eine Weiterfahrt bis ins Paznauntal (Trail-Schwierigkeitsgrad S2) ist über Vorarlberg möglich.","difficulty":"mittelschwierig","down_m":10,"kind":"trail","length_m":3841,"level":"medium","name":"Singletrail Heilbronnerhütte","sections":[{"closed":false,"variant":false}],"source":"tirol","status":"open","up_m":310,"updated":"2026-05-19"},"type":"Feature"},{"geometry":{"coordinates":[[[10.573282,47.477535],[10.573253,47.478022],[10.573152,47.478267],[10.573319,47.478443],[10.574374,47.479084],[10.57484,47.479169],[10.575156,47.479285],[10.575707,47.479336],[10.576025,47.479541],[10.576521,47.479696],[10.577859,47.479659],[10.5788,47.479747],[10.579501,47.479655],[10.58083,47.479694],[10.58109,47.479656],[10.581455,47.479519],[10.581854,47.479459],[10.582983,47.479507],[10.583295,47.479396],[10.583376,47.479268],[10.583513,47.479485],[10.583501,47.479609],[10.583868,47.479543],[10.583859,47.479319],[10.583887,47.479271],[10.584001,47.479248],[10.584722,47.479515],[10.585284,47.479478],[10.585572,47.479606],[10.585928,47.479685],[10.586466,47.479594],[10.587103,47.47938],[10.587661,47.479403],[10.587693,47.479446],[10.587283,47.479609],[10.587235,47.479683],[10.587797,47.479699],[10.588193,47.479862],[10.588717,47.479925]]],"type":"MultiLineString"},"id":"tirol:8009","properties":{"description":"Der kurze, leichte Shared Trail führt von der Nesselwängler Edenalpe über einen geschotterten, 2 Meter breiten Weg zur Krinnenalpe. Start und Ziel ermöglichen die Weiterfahrt auf anderen Mountainbiketouren mittleren oder schweren Grades. ACHTUNG: Wanderer!","difficulty":"leicht","down_m":160,"kind":"trail","length_m":1497,"level":"easy","name":"Shared Trail Almboden","sections":[{"closed":false,"variant":false}],"source":"tirol","status":"open","up_m":10,"updated":"2026-05-19"},"type":"Feature"},{"geometry":{"coordinates":[[[10.469248,47.50471],[10.469852,47.504691],[10.470386,47.504796],[10.470347,47.504841],[10.470209,47.504845],[10.47048,47.504947],[10.470294,47.505028],[10.470585,47.505045],[10.470275,47.505139],[10.470435,47.505184],[10.470715,47.505165],[10.47046,47.505314],[10.470886,47.505254],[10.471447,47.505365],[10.471597,47.505359],[10.471592,47.505399],[10.471285,47.505465],[10.471276,47.505551],[10.471374,47.505689],[10.471242,47.505806],[10.471425,47.505765],[10.471825,47.50611],[10.471981,47.506179],[10.472254,47.506194],[10.472295,47.50624],[10.472106,47.506293],[10.47233,47.506352],[10.472196,47.506382],[10.472336,47.506467],[10.472207,47.506529],[10.472883,47.506836],[10.472714,47.506932],[10.472008,47.506976],[10.4716,47.507101]]],"type":"MultiLineString"},"id":"tirol:8021","properties":{"description":"Die Mühlwaldtrails bestehen aus drei verschiedenen Lines unterschiedlicher Schwierigkeitsklassen. Vom Parkplatz Rohnenlift in Zöblen führt ein Forstweg&nbsp;zum Einstieg der Trails, die alle an einem Startpunkt starten und sich nach ca. 200m teilen.&nbsp;Die grüne Pontenline ist die Hauptstrecke des Trailareals und schlängelt sich in zahlreichen Kurven und Wellen durch den Wald. Die Anlieger sind leicht geneigt und die Richtungswechsel ergeben ein flowiges Fahrgefühl für alle Trail-Fans.","difficulty":"leicht","down_m":50,"kind":"trail","length_m":748,"level":"easy","name":"Pontenline","sections":[{"closed":false,"variant":false}],"source":"tirol","status":"open","up_m":2,"updated":"2026-05-19"},"type":"Feature"},{"geometry":{"coordinates":[[[10.469248,47.50471],[10.469852,47.504691],[10.470386,47.504796],[10.470347,47.504841],[10.470209,47.504845],[10.47048,47.504947],[10.470294,47.505028],[10.470585,47.505045],[10.470275,47.505139],[10.470435,47.505184],[10.470715,47.505165],[10.47046,47.505314],[10.470886,47.505254],[10.471447,47.505365],[10.471565,47.505345],[10.471711,47.505445],[10.471873,47.505465],[10.471884,47.505599],[10.471757,47.505674],[10.471832,47.505744],[10.471698,47.505769],[10.471954,47.505889],[10.471674,47.505783],[10.471658,47.50581],[10.471871,47.505946],[10.472019,47.506115],[10.472291,47.506227],[10.472106,47.506293],[10.47233,47.506352],[10.472196,47.506382],[10.472336,47.506467],[10.472207,47.506529],[10.472883,47.506836],[10.472714,47.506932],[10.472008,47.506976],[10.4716,47.507101]]],"type":"MultiLineString"},"id":"tirol:8022","properties":{"description":"Die Mühlwaldtrails bestehen aus drei verschiedenen Lines unterschiedlicher Schwierigkeitsklassen. Vom Parkplatz Rohnenlift in Zöblen führt ein Forstweg&nbsp;zum Einstieg der Trails, die alle an einem Startpunkt starten und sich nach ca. 200m teilen.&nbsp;Die blaue Zirleseckline ist eine Variante zu den beiden anderen Strecken und kann über die flowige Pontenline oder die technisch angelegte Rohnenline erreicht werden. Sie kennzeichnet sich durch eine kurvige Bergauf- und Bergabstrecke und mündet im unteren Teil in die Pontenline.","difficulty":"leicht","down_m":60,"kind":"trail","length_m":765,"level":"easy","name":"Zirleseckline","sections":[{"closed":false,"variant":false}],"source":"tirol","status":"open","up_m":10,"updated":"2026-05-19"},"type":"Feature"},{"geometry":{"coordinates":[[[10.469248,47.50471],[10.469852,47.504691],[10.470351,47.504781],[10.47051,47.504899],[10.470519,47.504999],[10.470704,47.504943],[10.470815,47.505015],[10.470854,47.50493],[10.471439,47.505313],[10.471607,47.505329],[10.471711,47.505445],[10.471873,47.505465],[10.471967,47.505677],[10.472226,47.50592],[10.472295,47.50624],[10.472106,47.506293],[10.472316,47.50634],[10.47219,47.506394],[10.472336,47.506467],[10.472207,47.506529],[10.472883,47.506836],[10.472714,47.506932],[10.472008,47.506976],[10.4716,47.507101]]],"type":"MultiLineString"},"id":"tirol:8023","properties":{"description":"Die Mühlwaldtrails bestehen aus drei verschiedenen Lines unterschiedlicher Schwierigkeitsklassen. Vom Parkplatz Rohnenlift in Zöblen führt ein Forstweg&nbsp;zum Einstieg der Trails, die alle an einem Startpunkt starten und sich nach ca. 200m teilen.&nbsp;Die rote Rohnenline verlangt den Bike-Fans den Einsatz ausgeprägter Technik ab: steileres Gefälle, enge Kurven, Absätze und Stufen sind besonders für die Fortgeschrittenen geeignet, die ihr technisches Fahrkönnen unter Beweis stellen wollen. Im unteren Teil mündet die Strecke in die Pontenline.&nbsp;Alle drei Lines enden an der Talstation des Mühlhanglift.","difficulty":"mittelschwierig","down_m":50,"kind":"trail","length_m":578,"level":"medium","name":"Rohnenline","sections":[{"closed":false,"variant":false}],"source":"tirol","status":"open","up_m":2,"updated":"2026-05-19"},"type":"Feature"},{"geometry":{"coordinates":[[[10.892148,47.354927],[10.891836,47.354962],[10.891567,47.35493],[10.891178,47.355098],[10.890668,47.355626],[10.890512,47.35594],[10.890712,47.355893],[10.890877,47.355755],[10.890932,47.355768],[10.890893,47.3559],[10.890935,47.355922],[10.89122,47.355797],[10.891233,47.355942],[10.891379,47.356088],[10.891496,47.355958],[10.891622,47.356003],[10.89195,47.3558],[10.892291,47.355761],[10.892941,47.355765],[10.894717,47.355487],[10.895144,47.355914],[10.895306,47.355958],[10.895786,47.355942],[10.896504,47.356025],[10.89697,47.356189],[10.897104,47.356285],[10.897339,47.356479],[10.897648,47.356918],[10.89767,47.357047],[10.897512,47.357455],[10.897306,47.357672],[10.897374,47.357855],[10.89718,47.357978],[10.897178,47.358352],[10.897284,47.358567],[10.89723,47.358593],[10.897168,47.358519],[10.897104,47.358519],[10.897097,47.358707],[10.897166,47.358805],[10.897134,47.358958],[10.897258,47.359086],[10.897205,47.3591],[10.896948,47.358966],[10.896917,47.358997],[10.897013,47.359144],[10.896611,47.359013],[10.89663,47.359105],[10.89691,47.3593],[10.896943,47.359438],[10.896654,47.359319],[10.896443,47.359289],[10.896311,47.359182],[10.896249,47.359195],[10.896223,47.359334],[10.896424,47.359488],[10.896291,47.359533],[10.896402,47.359692],[10.896457,47.360001],[10.896582,47.360211],[10.896512,47.360368],[10.896331,47.360374],[10.895819,47.360102],[10.895352,47.360044],[10.895327,47.360104],[10.895581,47.360205],[10.895641,47.360346],[10.895479,47.360247],[10.895219,47.360249],[10.894951,47.360165],[10.894968,47.360274],[10.895165,47.360459],[10.895141,47.36052],[10.8948,47.360409],[10.894709,47.360316],[10.894651,47.360325],[10.894697,47.360524],[10.894876,47.360673],[10.894927,47.360826],[10.895192,47.361002],[10.894969,47.361003],[10.894487,47.360813],[10.894096,47.360745],[10.894115,47.360792],[10.894339,47.360874],[10.894583,47.361212],[10.894718,47.361244],[10.894696,47.361368],[10.894965,47.361526],[10.894818,47.361592],[10.894967,47.361728],[10.894605,47.361689],[10.894677,47.361893],[10.894508,47.361953],[10.894193,47.361907],[10.89355,47.361612],[10.893255,47.361562],[10.892686,47.361571],[10.893036,47.361779],[10.893305,47.362206],[10.893717,47.362503],[10.893294,47.362477],[10.893191,47.362406],[10.89306,47.362425],[10.892924,47.362304],[10.8923,47.362105],[10.892401,47.362287],[10.892512,47.362325],[10.892657,47.362668],[10.892792,47.362732],[10.892739,47.362891],[10.892798,47.36302],[10.892526,47.362867],[10.89237,47.36288],[10.892275,47.362824],[10.892221,47.362849],[10.892286,47.362988],[10.892395,47.363042],[10.892447,47.36317],[10.892578,47.363262],[10.892038,47.363155],[10.89179,47.362983],[10.89172,47.363026],[10.891818,47.363348],[10.891981,47.363522],[10.89159,47.363482],[10.891449,47.363517],[10.89097,47.36343],[10.890816,47.363344],[10.890784,47.363381],[10.890895,47.363577],[10.891123,47.363808],[10.891121,47.363976],[10.891059,47.363984],[10.890886,47.363858],[10.890563,47.363781],[10.890497,47.36381],[10.890745,47.364046],[10.890804,47.364284],[10.890935,47.364343],[10.890928,47.36441],[10.890672,47.36433],[10.890656,47.364379],[10.890794,47.364464],[10.890723,47.36448],[10.89048,47.364426],[10.890204,47.364287],[10.890276,47.364475],[10.890166,47.364664],[10.890049,47.364657],[10.890033,47.364557],[10.88994,47.364483],[10.889808,47.36448],[10.889732,47.364549],[10.889738,47.364722],[10.889929,47.364926],[10.889691,47.364969],[10.889552,47.364915],[10.88923,47.364931],[10.889213,47.365018],[10.889402,47.365054],[10.88908,47.365063],[10.889343,47.365144],[10.889329,47.365179],[10.889074,47.365205],[10.889096,47.365254],[10.889233,47.365282],[10.889153,47.365304],[10.888868,47.365258],[10.888758,47.365158],[10.888628,47.365322],[10.888652,47.365424]]],"type":"MultiLineString"},"id":"tirol:8026","properties":{"description":"Gestartet wird der Trail unterhalb der Sunnalm / Marienberg. Abwechselnd über die Piste und auf dem Forstweg verläuft der Trail bis zur 1. Kehre bei der \\\"Mure\\\". Danach startet der flowige Teil, der kurvig durch einen lichten Bergwald bis zur nächsten Kehre des Forstwegs (1. Ausstiegsmöglichkeit) führt. Mit einigen Jumpelementen, welche auch gut überrollt werden können, schlängelt sich der Trail neben dem Forstweg talwärts. In mehreren Kurven und mit Geländewechsel geht es flowig weiter bis zur nächsten Forstwegkehre (2. Ausstiegsmöglichkeit). Der nächste, flachere Abschnitt verläuft bis zum großen Strommasten und mündet dann in den letzten Teil des Trails.Eine Weiterfahrt ist über den blauen Fun Trail (MTB 883) bis zum Ortsteil Marienberg möglich.","difficulty":"leicht","down_m":430,"kind":"trail","length_m":3738,"level":"easy","name":"Marienbergtrail","sections":[{"closed":false,"variant":false}],"source":"tirol","status":"open","up_m":0,"updated":"2026-05-19"},"type":"Feature"},{"geometry":{"coordinates":[[[10.737621,47.498054],[10.737368,47.498336],[10.737064,47.498566],[10.736616,47.49878],[10.736187,47.49891]]],"type":"MultiLineString"},"id":"tirol:8027","properties":{"description":"Die \\\"D'Gmiatliche Line\\\" in der \\\"Trailarea Urisee\\\" ist eine einfache Flow-Line mit Kurven, Rollern und zwei niedrigen Tables in leichtem Gefälle.&nbsp;Aufgrund ihrer Einfachheit ist die Line der ideale Einstieg in das Trail-Biken für alle Alters- und Könnersstufen.&nbsp;Die Line startet im unteren Bereich des Urisee Forstweges, schlängelt sich neben der roten Jumpline \\\"D'Bockige Line\\\" (MTB 8030) abwärts und mündet schließlich in die blaue \\\"D'Oachkätzla Line\\\" (MTB 8028).","difficulty":"leicht","down_m":12,"kind":"trail","length_m":147,"level":"easy","name":"D´Gmiatliche Line","sections":[{"closed":false,"variant":false}],"source":"tirol","status":"open","up_m":0,"updated":"2026-05-19"},"type":"Feature"},{"geometry":{"coordinates":[[[10.737106,47.49941],[10.737068,47.499496],[10.736918,47.499571],[10.736868,47.49971],[10.73669,47.499716],[10.736417,47.499634],[10.736304,47.499683],[10.736043,47.500075],[10.735942,47.499857],[10.736031,47.499612],[10.735923,47.499631],[10.735832,47.499776],[10.735781,47.499638],[10.735978,47.499122],[10.736334,47.498884],[10.735773,47.499006],[10.735304,47.499477],[10.735241,47.499459],[10.735175,47.499319]],[[10.737549,47.497773],[10.737858,47.498474],[10.737684,47.498805],[10.737136,47.499276],[10.737116,47.49939]]],"type":"MultiLineString"},"id":"tirol:8028","properties":{"description":"Die \\\"D'Oachkätzla Line\\\" in der \\\"Trailarea Urisee\\\" ist für geübte Biker*innen gedacht. Schnelle Steilkurven, Doubles, Sprünge, Sidehits, eine Holzbrücke sowie ein Holzsteg sorgen für Geschwindigkeit und Spaß. Der Start befindet sich am höchsten Punkt des Geländes direkt bei der Treppe der Straßenunterführung (Umfahrung Reutte B179) und endet am Forstweg Hüttenmühle.","difficulty":"leicht","down_m":58,"kind":"trail","length_m":455,"level":"easy","name":"D' Oachkätzla Line","sections":[{"closed":false,"variant":false},{"closed":false,"variant":true}],"source":"tirol","status":"open","up_m":0,"updated":"2026-05-19"},"type":"Feature"},{"geometry":{"coordinates":[[[10.737499,47.498955],[10.737289,47.499019],[10.737266,47.498951],[10.737167,47.49893],[10.737155,47.49876],[10.73724,47.498719],[10.737193,47.498669],[10.736872,47.498691],[10.736687,47.498837],[10.736436,47.498825]]],"type":"MultiLineString"},"id":"tirol:8029","properties":{"description":"Der \\\"Dr'Sauzeacha Trail\\\" in der \\\"Trailarea Urisee\\\" ist für die Profis unter den Biker*innen angelegt. Von einer Holzkonstruktion mit Rampe und Drop geht es in den steilen, schmalen und ruppigen Trail, der im unteren Bereich Sprünge und einen Step-Up mit Gap beinhaltet. Der Start befindet sich knapp unter dem höchsten Punkt des Geländes direkt bei der Treppe der Straßenunterführung (Umfahrung Reutte B179) und mündet in die \\\"D'Gmiatliche Line\\\" (MTB 8027) und gleich darauf in die \\\"D'Oachkätzla Line\\\"(MTB 8028).","difficulty":"schwierig","down_m":33,"kind":"trail","length_m":131,"level":"hard","name":"Dr' Sauzeacha Trail","sections":[{"closed":false,"variant":false}],"source":"tirol","status":"open","up_m":0,"updated":"2026-05-19"},"type":"Feature"},{"geometry":{"coordinates":[[[10.737597,47.498861],[10.737245,47.498892],[10.73742,47.49868],[10.73729,47.498653],[10.73739,47.498349],[10.737349,47.498326],[10.736637,47.498693],[10.73619,47.498813],[10.735969,47.498939]]],"type":"MultiLineString"},"id":"tirol:8030","properties":{"description":"Die „D'Bockige Line” in der „Trailarea Urisee” ist eine geballte Kombination aus Flow- und Jumpline und ist für fortgeschrittene Biker:innen gedacht.&nbsp;Sie startet knapp unter dem höchsten Punkt des Geländes - direkt bei der Treppe der Straßenunterführung (Umfahrung Reutte B179) und mündet später in die \\\"D'Oachkätzla Line\\\"(MTB 8028).Der erste Teil der Line befindet sich im Wald und startet von einer Holzkonstruktion samt Rampe. Danach warten schärfere Steilkurven, enge Berms und schnelle Sprünge, die bis zum Halteplatz bewältigt werden müssen.&nbsp;Am Halteplatz kann entweder mit viel Flow die anschließende Jumpline mit mehreren unterschiedlich geformten und hohen Sprüngen auf Schotter gefahren oder aber über einen der beiden Holzdrops ( ca. 1 m bzw. 2 m hoch) in die anspruchsvollere, linke Line gestartet werden. Zum Abschluss katapultiert ein Step-Up die Biker:innen noch einmal nach oben, bevor auf der blauen „D'Oachkätzla Line” (MTB 2028) entspannt zum gemeinsamen Trail-Ende gerollt wird.","difficulty":"mittelschwierig","down_m":34,"kind":"trail","length_m":228,"level":"medium","name":"D' Bockige Line","sections":[{"closed":false,"variant":false}],"source":"tirol","status":"open","up_m":0,"updated":"2026-05-19"},"type":"Feature"},{"geometry":{"coordinates":[[[10.869451,47.391965],[10.869362,47.391841],[10.869411,47.391521],[10.869613,47.391478],[10.869902,47.391138],[10.869947,47.391343],[10.870007,47.391356],[10.870277,47.391062],[10.870631,47.390833],[10.870701,47.390857],[10.870473,47.39129],[10.870535,47.391336],[10.870963,47.39103],[10.871342,47.390929],[10.871784,47.390726],[10.872164,47.390681],[10.872389,47.39055],[10.872453,47.390593],[10.872213,47.390964],[10.872272,47.390997],[10.872513,47.390917],[10.872812,47.390708],[10.873088,47.390663],[10.873261,47.390561],[10.873332,47.390587],[10.873182,47.390758],[10.873206,47.390807],[10.873773,47.390662],[10.873882,47.390557],[10.874203,47.390413],[10.874219,47.3906],[10.874272,47.390627],[10.874414,47.390427],[10.874476,47.390433],[10.874511,47.390524],[10.874584,47.390525],[10.875005,47.390296],[10.87515,47.390356],[10.875399,47.390276],[10.875374,47.390399],[10.875538,47.39041],[10.875783,47.3903],[10.875912,47.39029],[10.87602,47.39011],[10.876202,47.389984],[10.876445,47.389929],[10.87641,47.390215],[10.876524,47.390345],[10.876511,47.390444],[10.876584,47.390437],[10.876689,47.390324],[10.876758,47.390502],[10.876785,47.390645],[10.876709,47.390829],[10.877048,47.391007],[10.877063,47.391269],[10.877229,47.391425],[10.877437,47.391511],[10.877874,47.391513],[10.878651,47.391656],[10.879106,47.391859],[10.879328,47.392122],[10.879557,47.392003],[10.879422,47.392359],[10.879438,47.392386],[10.879594,47.392359],[10.879694,47.392293],[10.879581,47.392524],[10.879774,47.39247],[10.880069,47.3922],[10.880198,47.391898],[10.880248,47.391893],[10.880277,47.391993],[10.880184,47.392269],[10.880243,47.392302],[10.880724,47.392035],[10.880833,47.39181],[10.880935,47.391906],[10.881086,47.391734],[10.881094,47.391981],[10.881232,47.391945],[10.881334,47.391858],[10.881365,47.391664],[10.881487,47.391789],[10.881456,47.391941],[10.881732,47.391733],[10.881814,47.391757],[10.88178,47.391924],[10.882428,47.39177],[10.882631,47.391639],[10.882703,47.391728],[10.882557,47.391915],[10.882662,47.391955],[10.883085,47.391912],[10.883501,47.391812],[10.884019,47.391595],[10.884059,47.391782],[10.884005,47.391883],[10.884124,47.391893],[10.884309,47.391719],[10.8843,47.391972],[10.884635,47.391802],[10.884654,47.391943],[10.884784,47.391895],[10.884956,47.391694],[10.885087,47.3913],[10.885143,47.391299],[10.885342,47.391622],[10.885301,47.391765],[10.88535,47.391791],[10.885614,47.391703],[10.885705,47.391613],[10.88575,47.391674],[10.885675,47.391769],[10.885818,47.391717],[10.88593,47.391626],[10.886003,47.391428],[10.886153,47.391573],[10.886113,47.391716],[10.886171,47.391732],[10.886438,47.391527],[10.886422,47.391321]]],"type":"MultiLineString"},"id":"tirol:8031","properties":{"description":"Der Trail startet bei der Mittelstation der Grubigsteinbahnen und kreuzt nach ca. 800 m zum ersten Mal den Forstweg. Mit Holzstegen und einem größeren Tabel schlängelt er sich flowig durch den Wald. Beim Strommasten besteht die Möglichkeit, aus dem Trail aus- bzw. einzusteigen oder den kleinen Rastplatz zu nutzen. Über mehrere Steilkurven, Roller und Tabels führt der Trail abwechselnd zwischen Wald und Wiese bis zum Endpunkt beim Wachtersteig. Über die blaue MTB-Route Wachtersteig (MTB 867) führt der Weg links nach Lermoos und rechts nach Biberwier zurück.","difficulty":"leicht","down_m":310,"kind":"trail","length_m":2628,"level":"easy","name":"Bachtltrail","sections":[{"closed":false,"variant":false}],"source":"tirol","status":"open","up_m":0,"updated":"2026-05-19"},"type":"Feature"},{"geometry":{"coordinates":[[[10.737505,47.49812],[10.737375,47.498128],[10.73723,47.498309],[10.736966,47.498394],[10.736548,47.498662],[10.736219,47.498761],[10.736138,47.498827]]],"type":"MultiLineString"},"id":"tirol:8032","properties":{"description":"Die schwarze \\\"D'Gscheide Line\\\" ist für sehr, sehr fortgeschrittene Fahrer*innen konzipiert und zählt zu den anspruchsvollesten Jumplines der Trailarea Urisee. Die Line kombiniert schärfere Steilkurven (Berms) mit technisch schwierigen Sprünge und Gaps. Dadurch wird sie extrem schnell, technisch fordernd und verlangt maximale Bike-Kontrolle.Der Einstieg befindet sich im unteren Bereich des Urisee-Forstwegs, direkt neben der \\\"D'Gmiatliche Line\\\" (MTB 8027). Nach den mehreren anspruchsvollen Features und Challenges folgt zum Abschluss ein Kicker, der in die Landung der Jumpline der \\\"D'Bockige Line\\\" (MTB 8030) führt und von dort zum gemeinsamen Trail-Ende. Nach den ersten beiden Shark-Fins besteht eine besteht zudem die Möglichkeit, als Variante in die Jumpline der \\\"D'Bockige Line\\\" (MTB 8030) auszusteigen.","difficulty":"schwierig","down_m":20,"kind":"trail","length_m":135,"level":"hard","name":"D´Gscheide Line","sections":[{"closed":false,"variant":false}],"source":"tirol","status":"open","up_m":0,"updated":"2026-05-19"},"type":"Feature"},{"geometry":{"coordinates":[[[10.948196,47.408191],[10.948091,47.408187],[10.947986,47.407943],[10.947836,47.408077],[10.94774,47.408074],[10.947487,47.407732],[10.947253,47.407538],[10.947197,47.407543],[10.947153,47.407633],[10.947224,47.408055],[10.947107,47.408086],[10.946966,47.407769],[10.946889,47.407766],[10.946889,47.408045],[10.946781,47.408259],[10.946519,47.407947],[10.946382,47.407678],[10.946197,47.407734],[10.945421,47.407725],[10.94503,47.407596],[10.94481,47.407713],[10.944541,47.407477],[10.944204,47.407642],[10.944104,47.407576],[10.944163,47.407475],[10.944018,47.407516],[10.943957,47.407602],[10.943962,47.407821],[10.944113,47.407887],[10.944029,47.407924],[10.943779,47.407821],[10.94376,47.407684],[10.943688,47.407673],[10.943624,47.407749],[10.943568,47.407654],[10.943505,47.407646],[10.943478,47.407762],[10.943556,47.407955],[10.943498,47.408009],[10.94343,47.407988],[10.943294,47.407797],[10.943169,47.407872],[10.943103,47.407861],[10.942886,47.40758],[10.942792,47.407735],[10.94275,47.407619],[10.942689,47.407624],[10.942625,47.407934],[10.942471,47.407917],[10.942466,47.407754],[10.942393,47.407637],[10.94225,47.407856],[10.942167,47.407877],[10.942047,47.407605],[10.942042,47.407409],[10.941706,47.407634],[10.941713,47.40782]],[[10.946794,47.408271],[10.946798,47.408365]]],"type":"MultiLineString"},"id":"tirol:8033","properties":{"description":"FIFTY FIFTY - von der Bergstation bis zum Crosspoint 2 am Wetterstein - 50% shaped - 50% natural, Fifty/Fifty eben! Der rote Trail, \\\"Fifty Fifty\\\" am Wetterstein, ist ein mittelschwerer Trail der ganz besonderen Art. Mit dem stetigen Wechsel zwischen natürlichen und geshapeten Abschnitten macht er seinem Namen alle Ehre. Der Trail weist anspruchsvolle Passagen auf, ist jedoch in jeder Geschwindigkeit zu meistern und kann daher auch problemlos langsam befahren werden. Aufgrund teilweiser unübersichtlichen Ecken ist eine angepasste Geschwindigkeit notwendig. Sollte der Trail dennoch etwas zu schwierig sein, besteht nach dem ersten Drittel - noch vor dem Linksabbiegen auf die lange Holzbrücke - am Crosspoint 1 die Möglichkeit, auf den blauen Trail Blue Bird (MTB 8035) zu wechseln.","difficulty":"mittelschwierig","down_m":160,"kind":"trail","length_m":1109,"level":"medium","name":"Fifty Fifty","sections":[{"closed":false,"variant":false},{"closed":false,"variant":true}],"source":"tirol","status":"open","up_m":0,"updated":"2026-06-27"},"type":"Feature"},{"geometry":{"coordinates":[[[10.941705,47.407861],[10.94143,47.408262],[10.941059,47.408437],[10.940718,47.408824],[10.940508,47.408875],[10.940323,47.40882],[10.939852,47.408794],[10.939675,47.40871],[10.939602,47.40875],[10.939516,47.40895],[10.939369,47.409004],[10.938625,47.408734],[10.938306,47.408793],[10.938065,47.408701],[10.937803,47.40871],[10.937539,47.408561],[10.9373,47.408297],[10.936748,47.408206],[10.936598,47.408079],[10.936274,47.407622],[10.935811,47.407382]]],"type":"MultiLineString"},"id":"tirol:8034_0","properties":{"description":"130 Hm, 800 Meter fall line, 100% hand built und downhill flow at its best!Der schwarze Trail „Bare Knuckle“ am Wetterstein präsentiert sich als anspruchsvolle Strecke mit ganz besonderem Charakter. Der vollständig von Hand errichtete Trail garantiert ein wildes Highspeed-Erlebnis, das weder zu steil noch zu technisch ist, dafür aber extrem schnell und flowig zu fahren bleibt. Zu den absoluten Highlights gehören die Holzbrücke direkt am Start, die Holzkurve im Mittelteil und der sogenannte „Banana Jump“ als spektakulärer Abschluss.","difficulty":"schwierig","down_m":130,"kind":"trail","length_m":610,"level":"hard","name":"Bare Knuckle","sections":[{"closed":false,"variant":false}],"source":"tirol","status":"open","up_m":0,"updated":"2026-06-27"},"type":"Feature"},{"geometry":{"coordinates":[[[10.94873,47.406975],[10.948389,47.407295],[10.948592,47.407978],[10.948496,47.40803],[10.948429,47.40789],[10.948223,47.407719],[10.948278,47.40789],[10.948243,47.408125],[10.947728,47.408802],[10.947757,47.409238],[10.947563,47.409482],[10.947516,47.409448],[10.947572,47.409333],[10.947409,47.409377],[10.947458,47.40921],[10.947339,47.409059],[10.947252,47.409097],[10.947307,47.409232],[10.947267,47.409283],[10.947184,47.409266],[10.947088,47.409098],[10.947087,47.40887],[10.946969,47.408684],[10.94702,47.408512],[10.946956,47.408155],[10.946909,47.408152],[10.946694,47.408673],[10.9466,47.408756],[10.946632,47.4086],[10.946537,47.408361],[10.946409,47.408394],[10.946401,47.408528],[10.946254,47.40861],[10.946153,47.408541],[10.946144,47.408351],[10.946057,47.408214],[10.946142,47.40804],[10.946101,47.408008],[10.945996,47.408033],[10.945938,47.408169],[10.945658,47.408136],[10.945427,47.408193],[10.944921,47.408405],[10.944714,47.408409],[10.944458,47.408483],[10.944295,47.408629],[10.944219,47.408617],[10.9442,47.408536],[10.944124,47.408578],[10.94403,47.408546],[10.943906,47.40864],[10.943509,47.40924],[10.943384,47.409324],[10.943262,47.409272],[10.943274,47.408903],[10.943218,47.40891],[10.943078,47.409132],[10.94297,47.409109],[10.943048,47.408998],[10.943003,47.408981],[10.942867,47.409046],[10.942799,47.409153],[10.942758,47.4091],[10.942803,47.408945],[10.9427,47.408905],[10.94238,47.409203],[10.94229,47.409225],[10.942466,47.408643],[10.942422,47.408446],[10.941912,47.407939],[10.941878,47.407693],[10.94193,47.407587],[10.941818,47.4076],[10.941772,47.407806],[10.941643,47.407861],[10.941581,47.407607],[10.941469,47.407693],[10.941384,47.407698],[10.941251,47.407578],[10.941253,47.407485],[10.94107,47.407406],[10.941134,47.407133],[10.940993,47.406671],[10.941063,47.406166],[10.940872,47.406249],[10.940734,47.406511],[10.940644,47.406508],[10.940617,47.40627],[10.940511,47.406163],[10.940673,47.405858],[10.940484,47.405718],[10.940146,47.40567],[10.939729,47.405423],[10.939592,47.404974],[10.939313,47.40528],[10.939278,47.405699],[10.939196,47.405901],[10.938673,47.406001],[10.938577,47.406154],[10.938425,47.405999],[10.938421,47.40583],[10.938269,47.405779],[10.938219,47.406092],[10.938123,47.406087],[10.938135,47.405908],[10.938049,47.405883],[10.937813,47.406331],[10.937749,47.406335],[10.937687,47.406217],[10.937778,47.405953],[10.937491,47.406233],[10.937435,47.406749],[10.93761,47.407272],[10.937575,47.407435],[10.937445,47.407705],[10.937214,47.407743],[10.937044,47.407845],[10.936952,47.407809],[10.936931,47.40773],[10.937162,47.407522],[10.937014,47.407527],[10.936903,47.407413],[10.936683,47.407447],[10.936651,47.407404],[10.936719,47.407289],[10.93667,47.407256],[10.936557,47.407271],[10.936467,47.407391],[10.93634,47.407378],[10.935982,47.40721],[10.936004,47.407059],[10.935764,47.407178],[10.935801,47.407356],[10.935701,47.407467],[10.935833,47.407687],[10.935691,47.407811],[10.935593,47.407788],[10.93559,47.407644],[10.935295,47.407463],[10.935126,47.407306],[10.935052,47.407153],[10.934939,47.407151],[10.934893,47.407274],[10.934968,47.407448],[10.934792,47.407608],[10.934733,47.407425],[10.934575,47.407324],[10.934458,47.407146],[10.934365,47.407457],[10.934227,47.407302],[10.934165,47.407424],[10.934006,47.40754],[10.933889,47.407431],[10.933603,47.407509],[10.933375,47.407427],[10.933059,47.407488],[10.932858,47.407431],[10.932555,47.40752],[10.932341,47.407411],[10.932071,47.407432],[10.931947,47.40752],[10.93199,47.407636],[10.931938,47.407751],[10.931738,47.407741],[10.931529,47.407824],[10.931401,47.407976],[10.931251,47.408006],[10.931192,47.408094],[10.930942,47.408111],[10.930845,47.408181],[10.930767,47.408124],[10.930765,47.408041],[10.930659,47.40799],[10.930653,47.40788],[10.930726,47.407807],[10.930599,47.40778],[10.930621,47.407664],[10.930476,47.407608],[10.930551,47.407422],[10.930117,47.407372],[10.929948,47.407121],[10.929839,47.407054],[10.929263,47.40697],[10.928819,47.406971],[10.92875,47.40701],[10.92871,47.40722]]],"type":"MultiLineString"},"id":"tirol:8035","properties":{"description":"Von der Berg- bis zur Talstation erstreckt sich der einfache blaue Trail „Blue Bird“ am Wetterstein über 3,7 Kilometer und 420 Hm. Der Trail startet unmittelbar unterhalb der Bergstation und endet kurz oberhalb der Talstation. Mit seinem leicht wechselnden, verspielten Charakter, einer Kombination aus schnellen und gemütlicheren Abschnitten sowie abwechslungsreichen Sprüngen und Sidehits ist eine kurzweilige Abfahrt garantiert. Das absolute Herzstück des Trails bildet dabei eine integrierte Jibline.","difficulty":"leicht","down_m":420,"kind":"trail","length_m":3935,"level":"easy","name":"Blue Bird","sections":[{"closed":false,"variant":false}],"source":"tirol","status":"open","up_m":0,"updated":"2026-06-27"},"type":"Feature"},{"geometry":{"coordinates":[[[10.867729,47.391684],[10.867481,47.391632],[10.867074,47.39171],[10.866757,47.391881],[10.866375,47.392172],[10.865826,47.392416],[10.865316,47.392982],[10.864817,47.392984],[10.864541,47.393079],[10.86437,47.393528],[10.864489,47.393762],[10.864449,47.393934],[10.86419,47.394112],[10.864154,47.394289],[10.864383,47.394479],[10.865161,47.394815],[10.865474,47.395],[10.865649,47.395925],[10.865751,47.396128],[10.865692,47.396299],[10.864814,47.396959],[10.864806,47.397028],[10.864919,47.397068],[10.865291,47.396971],[10.865457,47.396975],[10.865584,47.397051],[10.865531,47.397128],[10.865147,47.397207],[10.865067,47.397252],[10.865121,47.397302],[10.865267,47.397315],[10.865546,47.397246],[10.865659,47.397299],[10.865454,47.397409],[10.865661,47.397448],[10.866126,47.397428],[10.86665,47.397344],[10.867335,47.397355],[10.867553,47.397259],[10.867653,47.397258],[10.867773,47.397326],[10.868157,47.39778],[10.868158,47.397874],[10.868065,47.397933],[10.868086,47.398024],[10.868193,47.398077],[10.868692,47.39812],[10.869026,47.398267],[10.869635,47.398725],[10.869815,47.398711],[10.869941,47.398755],[10.870372,47.399286],[10.870447,47.399502],[10.870709,47.399708],[10.871169,47.399927],[10.871699,47.400381],[10.871987,47.400525],[10.872147,47.400427],[10.872203,47.400483],[10.872513,47.400414],[10.872089,47.400159],[10.871923,47.399711],[10.871917,47.399617],[10.872048,47.399409],[10.872285,47.399209],[10.872189,47.398848],[10.871959,47.398502],[10.871965,47.398398],[10.872083,47.398262],[10.872216,47.398257],[10.872518,47.398522],[10.873032,47.398777],[10.873161,47.399002],[10.873449,47.399253],[10.874184,47.399615],[10.874973,47.400099],[10.875347,47.400242],[10.876047,47.400613],[10.876595,47.400762],[10.876923,47.400657],[10.877443,47.400783],[10.878265,47.400526]]],"type":"MultiLineString"},"id":"tirol:855","properties":{"description":"Von der Mittelstation der Grubigsteinbahn ca. 100 m dem Forstweg Richtung Grubigalm folgen. Bei der ersten Kehre rechts startet der schwarze Trail. Nach einem flowigen Teil muss der Biker nochmals 300 m der Forststraße leicht bergauf bis zum Traileinstieg folgen. Ab jetzt geht es auf einigen Anliegern wirklich zur Sache, Fahrkönnen ist gefragt! Danach geht's geradliniger und etwas flacher aber uneben weiter, bis die Kreuzung mit dem Forstweg erreicht ist. Der letzte Teil des Trails ist wiederum flowig und verläuft parallel zum Panoramaweg Tiefental bis im offenen Gelände die Talstation der Grubigsteinbahn erreicht ist!","difficulty":"schwierig","down_m":340,"kind":"trail","length_m":2622,"level":"hard","name":"Singletrail Schlägle","sections":[{"closed":false,"variant":false}],"source":"tirol","status":"open","up_m":10,"updated":"2026-05-19"},"type":"Feature"},{"geometry":{"coordinates":[[[10.849034,47.389933],[10.84859,47.389552],[10.848237,47.389359],[10.84828,47.389191],[10.84849,47.388984],[10.849546,47.388449],[10.849688,47.388397],[10.849972,47.388387],[10.850409,47.388469],[10.851844,47.389125],[10.852007,47.389149],[10.852252,47.3891],[10.852427,47.389005],[10.85285,47.388604],[10.852904,47.38827],[10.853283,47.387773],[10.853309,47.387607],[10.853234,47.387454]]],"type":"MultiLineString"},"id":"tirol:863","properties":{"description":"Auf halber Höhe der MTB Route 861 der Schigasse einem alpinen Trail folgend bis zur Einmündung in die MTB Route 862. Entweder eine Einkehr auf der Wolfratshauserhütte oder rechts Richtung Grubigalm zu den verschiedenen Trails ins Tal.","difficulty":"mittelschwierig","down_m":0,"kind":"trail","length_m":672,"level":"medium","name":"Wolfratshauser Trail","sections":[{"closed":false,"variant":false}],"source":"tirol","status":"open","up_m":90,"updated":"2026-05-19"},"type":"Feature"},{"geometry":{"coordinates":[[[10.847104,47.384754],[10.847347,47.384359],[10.847225,47.383917],[10.847415,47.38341],[10.847561,47.383294],[10.848,47.383095],[10.848481,47.383035],[10.84866,47.382877],[10.848711,47.382458],[10.849105,47.382121],[10.84924,47.382073],[10.849321,47.382083],[10.849351,47.382135],[10.849302,47.38232],[10.849428,47.382609],[10.84927,47.382897],[10.849539,47.383253],[10.849669,47.383808],[10.849655,47.383893],[10.849324,47.384301],[10.849604,47.384709],[10.849769,47.384771],[10.84983,47.384732],[10.849807,47.384503],[10.85016,47.384326],[10.850325,47.384177],[10.850389,47.384187],[10.850537,47.384383],[10.850692,47.384262],[10.850798,47.384338],[10.850957,47.384272],[10.851111,47.384345],[10.85131,47.384345],[10.851745,47.384233],[10.852012,47.38408],[10.852352,47.384044],[10.853625,47.383656],[10.853863,47.38369],[10.854033,47.383643],[10.854835,47.383616],[10.855602,47.383931],[10.855862,47.383998],[10.85617,47.383949],[10.856692,47.384155],[10.857035,47.38414],[10.857156,47.384071],[10.857297,47.384098],[10.857686,47.384038],[10.858726,47.384185],[10.8593,47.384074],[10.859783,47.384035],[10.861044,47.384191],[10.861343,47.384186],[10.861726,47.384093],[10.86196,47.384239],[10.861997,47.384341],[10.862088,47.385165],[10.862222,47.385422],[10.862114,47.385512],[10.862279,47.385681],[10.8626,47.385819],[10.863045,47.385833],[10.864416,47.385738],[10.865441,47.385559],[10.865777,47.385554],[10.865929,47.385635],[10.866005,47.385793],[10.866253,47.386009],[10.866227,47.38621],[10.86645,47.386215],[10.866247,47.386422],[10.866243,47.386532],[10.866878,47.38685],[10.867125,47.386907],[10.867181,47.387016],[10.867359,47.387094],[10.867852,47.387137],[10.868786,47.387073],[10.871061,47.386698],[10.871495,47.386761],[10.87182,47.38696],[10.872224,47.38682],[10.872821,47.386724],[10.873094,47.386507],[10.87327,47.386555],[10.873702,47.386465],[10.874421,47.386529],[10.874629,47.386495]]],"type":"MultiLineString"},"id":"tirol:864","properties":{"description":"Auffahrt über MTB Route (804 + 860 + 861) bis zur Grubighütte Abfahrt über Forstweg bis Einstieg Grubigalmtrail (864). Schöner Trail über Stock und Stein mit zahlreichen Turns bis zur Grubigalm. Nach der Grubigalm rechtsfolgend der Beschilderung den Grubigalm Trail über die Skipiste bis zur Mittelstation.","difficulty":"mittelschwierig","down_m":580,"kind":"trail","length_m":3028,"level":"medium","name":"Grubigalm Trail","sections":[{"closed":false,"variant":false}],"source":"tirol","status":"open","up_m":0,"updated":"2026-05-19"},"type":"Feature"},{"geometry":{"coordinates":[[[10.862034,47.384596],[10.862121,47.385297],[10.862236,47.385433],[10.862494,47.385578],[10.86405,47.38549],[10.864171,47.385438],[10.864426,47.385425],[10.864591,47.385283],[10.864887,47.385242],[10.865138,47.385137],[10.865484,47.385144],[10.865845,47.385062],[10.866347,47.385296],[10.866971,47.385334],[10.867177,47.38557],[10.867331,47.385579],[10.867777,47.385714],[10.86822,47.385678],[10.868224,47.385786],[10.868489,47.385811],[10.868514,47.385866],[10.868446,47.38593],[10.86797,47.386208],[10.867725,47.386281],[10.86781,47.386343],[10.86776,47.386475],[10.867394,47.386649],[10.866883,47.3872],[10.866582,47.387348],[10.866526,47.387414],[10.866558,47.387483],[10.866271,47.387522],[10.866055,47.387726],[10.866261,47.387802],[10.866352,47.388008],[10.866491,47.388145],[10.866482,47.388578],[10.866585,47.388613],[10.866737,47.38862],[10.866869,47.388526],[10.867028,47.388524],[10.867732,47.388673],[10.867985,47.388608],[10.868263,47.388597],[10.868773,47.388447],[10.869841,47.388282],[10.870305,47.388136],[10.870664,47.38793],[10.870883,47.38791],[10.871069,47.38784],[10.871086,47.387897],[10.871365,47.387851],[10.872066,47.387649],[10.872902,47.387262],[10.873533,47.387051],[10.873858,47.386808],[10.874106,47.386689],[10.874137,47.38671],[10.873911,47.387014],[10.874165,47.386924],[10.873986,47.387164],[10.873999,47.387218],[10.874405,47.387036],[10.874427,47.387128],[10.874269,47.387413],[10.874557,47.387287],[10.874465,47.387538],[10.874874,47.387372]]],"type":"MultiLineString"},"id":"tirol:865","properties":{"description":"Auffahrt über MTB Route (804 + 860) bis zur Grubigalm Start bei der Grubigalm rechts in den 3250 m langen Flowtrail mit vielen Pumptrackelementen und Steilkurven. Im letzten Streckenabschnitt erwarten den Biker technisch anspruchsvolle Spitzkehren – diese können aber über die Forststraße umfahren werden. Nach einer kurzen Forststraßenpassage mündet man in den letzten flowigen Teil der Freeridestrecke. Weiterführend kann man den Singletrail 855 bis zur Talstation der Grubigsteinbahnen abfahren oder über die MTB Route 804 bis Lermoos.","difficulty":"mittelschwierig","down_m":300,"kind":"trail","length_m":1960,"level":"medium","name":"Forest Aisle","sections":[{"closed":false,"variant":false}],"source":"tirol","status":"open","up_m":0,"updated":"2026-05-19"},"type":"Feature"},{"geometry":{"coordinates":[[[10.86106,47.383684],[10.861134,47.383446],[10.861057,47.383259],[10.861103,47.383032],[10.860975,47.382873],[10.860698,47.38272],[10.86058,47.382475],[10.860332,47.382328],[10.8603,47.382081],[10.86008,47.381907],[10.860181,47.38158],[10.860022,47.381468],[10.8596,47.381508],[10.859286,47.381425],[10.859089,47.381319],[10.859052,47.381464],[10.858931,47.381428],[10.858726,47.381199],[10.858573,47.380792],[10.858348,47.380576],[10.85851,47.380234],[10.858606,47.380159],[10.858865,47.380079],[10.859219,47.380059],[10.859376,47.379948],[10.858903,47.379955],[10.858705,47.379852],[10.857803,47.379753],[10.857638,47.379423],[10.857367,47.379293],[10.857268,47.379155],[10.856677,47.378826],[10.856708,47.37879],[10.857047,47.37886],[10.857222,47.378787],[10.857066,47.378751],[10.856775,47.378533],[10.856323,47.378495],[10.855824,47.378348],[10.855733,47.378156],[10.855223,47.377765],[10.854869,47.377651],[10.854475,47.377338],[10.854075,47.377116],[10.85324,47.376957],[10.852191,47.376888],[10.851888,47.376769],[10.851159,47.376647],[10.850758,47.376491],[10.850369,47.376202],[10.850156,47.375963],[10.849678,47.375872],[10.849644,47.375749],[10.849474,47.375653],[10.849352,47.375464],[10.849371,47.37529],[10.849219,47.374999],[10.849194,47.374692],[10.849038,47.374603],[10.849023,47.374473],[10.848761,47.374437],[10.848664,47.374051],[10.848354,47.373848],[10.84825,47.373538],[10.847379,47.37329],[10.847078,47.373048],[10.846747,47.372893],[10.846644,47.372664],[10.846316,47.372574],[10.845629,47.372254],[10.84549,47.372034],[10.84556,47.371967],[10.844784,47.371462],[10.844757,47.371284],[10.844485,47.371101],[10.844559,47.371049],[10.84451,47.370948],[10.844569,47.370883],[10.84486,47.370872],[10.84497,47.370816],[10.845105,47.370474],[10.844848,47.37044],[10.844779,47.370359],[10.844547,47.370365],[10.84405,47.370205],[10.843973,47.370127],[10.844066,47.369948],[10.84398,47.369862],[10.843631,47.36999],[10.843461,47.369987],[10.843468,47.369866],[10.843269,47.369808],[10.842692,47.369942],[10.842548,47.369845],[10.842206,47.369768],[10.840924,47.369606],[10.840153,47.369658],[10.83946,47.369893],[10.839032,47.369907],[10.838904,47.369824],[10.839051,47.369509],[10.839227,47.369373],[10.839374,47.369001],[10.838612,47.368938],[10.838498,47.368812],[10.838547,47.368604],[10.838772,47.368212],[10.839126,47.368009],[10.839289,47.367777],[10.839632,47.367479],[10.839745,47.367124],[10.839781,47.366438],[10.840008,47.366138],[10.840112,47.365478],[10.840284,47.365213],[10.840369,47.364626],[10.840331,47.364414],[10.840403,47.364264],[10.84032,47.3641],[10.83995,47.363856],[10.83979,47.363625],[10.840614,47.363627],[10.840972,47.363545],[10.841535,47.363668],[10.84196,47.363673],[10.842537,47.363508],[10.843062,47.363069],[10.843268,47.363017],[10.843196,47.36325],[10.843333,47.363422],[10.843735,47.363489],[10.843927,47.36345],[10.844366,47.36321],[10.844575,47.363174],[10.844725,47.363493],[10.844639,47.363977],[10.843715,47.364305],[10.845087,47.364199],[10.845411,47.364148],[10.845847,47.364003],[10.846024,47.363898],[10.846222,47.363531],[10.846005,47.362669],[10.846164,47.362416],[10.846328,47.361941],[10.846576,47.360664],[10.846851,47.360217],[10.847941,47.35944],[10.848715,47.359277],[10.849169,47.35928],[10.849292,47.359421],[10.849328,47.359657],[10.849485,47.359776],[10.849715,47.359782],[10.849872,47.359719],[10.850113,47.359483],[10.85013,47.359362],[10.850051,47.359166],[10.850159,47.358927],[10.850964,47.35831],[10.851781,47.35791],[10.852654,47.357167],[10.853116,47.357362],[10.853822,47.35792],[10.853774,47.358032],[10.852745,47.3586],[10.852546,47.358934],[10.852599,47.359127],[10.853151,47.359531],[10.853211,47.359764],[10.853554,47.360094],[10.853061,47.360431],[10.853013,47.360556],[10.852892,47.360653],[10.852891,47.360815],[10.852662,47.360985],[10.852466,47.361051],[10.852004,47.361063],[10.8506,47.361267],[10.850368,47.36139],[10.850134,47.361606],[10.84992,47.361703],[10.849529,47.362027],[10.849468,47.362125],[10.849494,47.36235],[10.849312,47.362851],[10.848905,47.363421],[10.848833,47.363675],[10.848853,47.364161],[10.849025,47.364591],[10.849334,47.364922],[10.850198,47.365327],[10.85049,47.365329],[10.850737,47.365398],[10.851175,47.365693],[10.851013,47.365839],[10.851009,47.366109],[10.851102,47.366238],[10.851552,47.366557],[10.851354,47.366903],[10.851472,47.366878],[10.851349,47.367093],[10.85137,47.367229],[10.851489,47.36712],[10.851821,47.367168],[10.852195,47.367432],[10.85319,47.367904],[10.853403,47.367935],[10.853816,47.368182],[10.854035,47.368184],[10.854584,47.368047],[10.854686,47.368104],[10.8547,47.368323],[10.854787,47.368408],[10.855063,47.368414],[10.855182,47.368464],[10.85608,47.368599],[10.856285,47.369141],[10.856519,47.369416],[10.856985,47.369547],[10.857764,47.369855],[10.85807,47.370125],[10.858331,47.370274],[10.858751,47.37037],[10.859048,47.370501],[10.859415,47.370474]]],"type":"MultiLineString"},"id":"tirol:866","properties":{"description":"Dieser schwarze Trail startet kurz vor der Grubigalm, auf die man über die Routen Mittelstation (MTB 804) oder Grubigalm (MTB 860) gelangt. Nach einem kurzen Anstieg geht es auf einem breiteren Trailabschnitt bis zur ersten Bachquerung, dann folgt ein anspruchsvollerer Abschnitt, für den der Biker aber mit einer grandiosen Aussicht belohnt wird. Die Schlüsselstelle am Wasserfall ist als Schiebestrecke ausgewiesen! Anschließend wechselt der Trail zwischen kurzen Strecken auf einem Forstweg und technisch anspruchsvollen Abschnitten auf dem Trail Richtung Blindsee. Bei der ersten Weggabelung scharf rechts abbiegen und dem wunderschönen Ufertrail um den Blindsee bis zum Parkplatz foglen. Der letzte Abschnitt führt flach am Hangfuß entlang bis zur Route Mittersee (MTB 838) Biberwier und über den Wachtersteig (MTB 867) zurück nach Lermoos.","difficulty":"schwierig","down_m":730,"kind":"trail","length_m":8022,"level":"hard","name":"Blindseetrail","sections":[{"closed":false,"variant":false}],"source":"tirol","status":"open","up_m":130,"updated":"2026-05-19"},"type":"Feature"},{"geometry":{"coordinates":[[[10.897435,47.357471],[10.897269,47.357498],[10.897214,47.357558],[10.897171,47.357913],[10.896992,47.358109],[10.896956,47.358509],[10.896845,47.35861],[10.896807,47.35879],[10.896455,47.358825],[10.896222,47.358761],[10.896147,47.358828],[10.896063,47.358821],[10.896076,47.358919],[10.895992,47.358985],[10.895751,47.358906],[10.895657,47.359139],[10.895423,47.359131],[10.89534,47.359167],[10.895249,47.359358],[10.895304,47.359423],[10.895094,47.359589],[10.894772,47.359604],[10.894633,47.359861],[10.894398,47.359887],[10.89432,47.360071],[10.894004,47.360029],[10.893902,47.360378],[10.893779,47.360405],[10.893585,47.360355],[10.893383,47.360643],[10.893214,47.360588],[10.892973,47.360632],[10.892852,47.360835],[10.892605,47.360967],[10.892312,47.361362],[10.891834,47.361046],[10.891373,47.360898],[10.891191,47.36097],[10.891156,47.360872],[10.890903,47.360874],[10.890836,47.360964],[10.891043,47.36112],[10.891036,47.361245],[10.890905,47.361318],[10.890494,47.361419],[10.890602,47.361561],[10.890349,47.361627],[10.890287,47.361815],[10.890003,47.362211],[10.890078,47.362479],[10.889954,47.362712],[10.889772,47.362768],[10.889709,47.362888],[10.889346,47.362982],[10.889233,47.363174],[10.889238,47.363298],[10.889057,47.363377],[10.888736,47.363387],[10.888177,47.363788],[10.887831,47.363826],[10.887617,47.36398],[10.887583,47.364078],[10.887298,47.364132],[10.886918,47.364494],[10.886497,47.365107],[10.884969,47.365518],[10.884837,47.365591],[10.884644,47.365837],[10.88428,47.365876],[10.885823,47.366289],[10.886398,47.3662],[10.886781,47.366357]]],"type":"MultiLineString"},"id":"tirol:869","properties":{"description":"Der Trail startet auf dem Forstweg kurz vor der \\\"Mure\\\". Der erste Abschnitt des Trails erweist sich als technisch anspruchsvoll (Schwierigkeitsklasse S2) und geht dann im zweiten Abschnitt in einen flowigen Teil über (Schwierigkeitsklasse S1). Der Trail endet bei der Mittelstation der Marienbergbahn. Möglichkeit zur Talabfahrt der Marienbergbahn über den blauen Trail „Rauhe Gasse“ (MTB 870).","difficulty":"mittelschwierig","down_m":340,"kind":"trail","length_m":1922,"level":"medium","name":"Barbarasteigtrail","sections":[{"closed":false,"variant":false}],"source":"tirol","status":"open","up_m":0,"updated":"2026-05-19"},"type":"Feature"},{"geometry":{"coordinates":[[[10.886777,47.366378],[10.886503,47.36648],[10.886245,47.366988],[10.886177,47.367287],[10.886218,47.36795],[10.886122,47.369124],[10.88619,47.369778],[10.886431,47.370296],[10.886479,47.370645]]],"type":"MultiLineString"},"id":"tirol:870","properties":{"description":"Dieser leichte und breite Trail startet unterhalb der Mittelstation Marienbergjochbahn auf einem Forstweg und verläuft gerade bergab bis zum Hotel My Tirol.","difficulty":"leicht","down_m":90,"kind":"trail","length_m":494,"level":"easy","name":"Rauhe Gasse","sections":[{"closed":false,"variant":false}],"source":"tirol","status":"open","up_m":0,"updated":"2026-05-19"},"type":"Feature"},{"geometry":{"coordinates":[[[10.756208,47.418321],[10.755717,47.418281],[10.754846,47.418114],[10.754468,47.418164],[10.754235,47.418127],[10.75366,47.418237],[10.75281,47.41827],[10.752203,47.418094],[10.751694,47.418158],[10.750579,47.418084],[10.749833,47.418099],[10.749218,47.418213],[10.74896,47.418317],[10.748942,47.418444],[10.748578,47.418596],[10.748255,47.419052],[10.748005,47.419211],[10.747437,47.419297],[10.746836,47.419639],[10.746042,47.419741],[10.745256,47.419693],[10.744783,47.419784],[10.744416,47.41978],[10.743284,47.419459],[10.741893,47.419227],[10.741388,47.419104],[10.740423,47.418398],[10.740178,47.418333],[10.739942,47.418129],[10.739196,47.417775],[10.738841,47.417059],[10.738926,47.416344],[10.739242,47.415779],[10.739186,47.415324],[10.739206,47.414714],[10.739291,47.414421],[10.739634,47.41373],[10.739608,47.413599],[10.739475,47.413494]]],"type":"MultiLineString"},"id":"tirol:880","properties":{"description":"Der Trail startet bei der Kehre vor der Hochalm (Schretterkurve). Der erste Teil mit seinen zwei Spitzkehren ist technisch anspruchsvoll. Nach der Wildfütterung verläuft der Trail auf der geraden, steilen Streckenführung bis zum Speicherteich.","difficulty":"mittelschwierig","down_m":190,"kind":"trail","length_m":1936,"level":"medium","name":"Singletrail Höhenweg","sections":[{"closed":false,"variant":false}],"source":"tirol","status":"open","up_m":10,"updated":"2026-07-13"},"type":"Feature"},{"geometry":{"coordinates":[[[10.784532,47.406457],[10.784531,47.405956],[10.784479,47.405954],[10.784389,47.406084],[10.784242,47.406655],[10.784183,47.40664],[10.784124,47.406452],[10.784126,47.406065],[10.784072,47.40604],[10.783868,47.406433],[10.78384,47.40674],[10.783794,47.406758],[10.78355,47.406156],[10.783475,47.406477],[10.78352,47.40695],[10.783256,47.406795],[10.783353,47.407128],[10.783036,47.406952],[10.782895,47.406669],[10.782729,47.406506],[10.782631,47.406239],[10.782631,47.406016],[10.78283,47.405705],[10.782895,47.405459],[10.782632,47.405146],[10.782555,47.404905],[10.783019,47.404039]]],"type":"MultiLineString"},"id":"tirol:881","properties":{"description":"Über die MTB-Route Mühlwald (MTB 878) gelangt man zum Start dieses kurzen, flowigen Trails, der durch Wiesengebiet nach Kleinstockach führt.","difficulty":"mittelschwierig","down_m":130,"kind":"trail","length_m":898,"level":"medium","name":"Mühlwaldtrail","sections":[{"closed":false,"variant":false}],"source":"tirol","status":"open","up_m":0,"updated":"2026-05-19"},"type":"Feature"},{"geometry":{"coordinates":[[[10.764859,47.421209],[10.764876,47.421271],[10.765199,47.421347],[10.7657,47.421554],[10.766231,47.421661],[10.76708,47.421753],[10.767357,47.422019],[10.767383,47.422221],[10.76803,47.422434],[10.768288,47.42259],[10.768697,47.422692],[10.768809,47.422873],[10.768583,47.423064],[10.768402,47.423452],[10.767773,47.423777],[10.767286,47.423772],[10.766981,47.424246],[10.766426,47.424514],[10.765684,47.42469],[10.764927,47.425005],[10.764682,47.425235],[10.764557,47.425281],[10.764096,47.425125],[10.763872,47.425103],[10.763356,47.425135],[10.763184,47.425229],[10.763452,47.425657],[10.764187,47.426105],[10.764396,47.426171],[10.764827,47.426196],[10.765641,47.426548],[10.766807,47.426683],[10.767866,47.426997],[10.768191,47.426993],[10.768723,47.426836],[10.769374,47.426374],[10.77,47.42626],[10.770486,47.426062],[10.771282,47.425846],[10.772661,47.425627],[10.772951,47.425645],[10.773231,47.425879],[10.773586,47.426085],[10.773584,47.42631],[10.773658,47.426403],[10.773965,47.426492],[10.774792,47.426327],[10.775225,47.426046],[10.775318,47.426069],[10.77542,47.426289],[10.77558,47.42632],[10.775881,47.426013],[10.776116,47.425992],[10.776206,47.426044],[10.77613,47.426266],[10.776163,47.426368],[10.776319,47.426364],[10.776475,47.426214],[10.776602,47.426231],[10.776659,47.426313],[10.776587,47.426507],[10.776706,47.426575],[10.777075,47.42622],[10.777297,47.426112],[10.777378,47.426172],[10.77737,47.426234],[10.777235,47.426505],[10.777044,47.426708],[10.777163,47.426878]]],"type":"MultiLineString"},"id":"tirol:882","properties":{"description":"Der Tail startet auf halbem Weg zur Heiterwanger Hochalm - der Lichte und ist über die MTB-Route 830 \\\"Hochalm\\\" zu erreichen. Die ersten Meter sind recht einfach auf einem Forstweg zu bewältigen, danach wird es ruppiger. Einer flowigen Downhill-Passage folgt nach ca. 2/3 der Strecke die Überquerung der Skipiste. Ab hier geht der Trail dann in einen kurvigen Teil mit einigen Anlieger-Kurven über und schon ist man am Ziel - der Talstation Almkopfbahn - angelangt.","difficulty":"schwierig","down_m":380,"kind":"trail","length_m":2423,"level":"hard","name":"Lichte Trail","sections":[{"closed":false,"variant":false}],"source":"tirol","status":"open","up_m":0,"updated":"2026-05-19"},"type":"Feature"},{"geometry":{"coordinates":[[[10.888675,47.365455],[10.889057,47.365586],[10.888978,47.365757],[10.888765,47.365833],[10.888873,47.365888],[10.888866,47.365931],[10.88868,47.366125],[10.888459,47.366093],[10.888263,47.366124],[10.888286,47.366254],[10.888449,47.366254],[10.888538,47.366353],[10.888931,47.366474],[10.888824,47.366673],[10.888386,47.366838],[10.888333,47.366904],[10.888525,47.367058],[10.888812,47.367063],[10.888904,47.367132],[10.888831,47.36726],[10.888564,47.367399],[10.888619,47.367458],[10.888856,47.367507],[10.888852,47.36757],[10.888439,47.367859],[10.88891,47.367937],[10.8889,47.368003],[10.888808,47.368051],[10.888831,47.368114],[10.889251,47.368086],[10.889196,47.368344],[10.888995,47.368493],[10.889437,47.368572],[10.88961,47.368556],[10.889614,47.368614],[10.88936,47.368836],[10.889385,47.368896],[10.889768,47.369025],[10.890174,47.369008],[10.890051,47.369365],[10.890097,47.36939],[10.890225,47.369336],[10.890303,47.369352],[10.890213,47.369637],[10.890352,47.369686],[10.890648,47.369695],[10.890532,47.370104],[10.890584,47.370367],[10.890429,47.370561],[10.890609,47.370599],[10.890831,47.370727],[10.890547,47.371197],[10.890257,47.371417],[10.889989,47.371538],[10.889942,47.371631],[10.890111,47.371966],[10.890381,47.372197],[10.890417,47.372471],[10.890644,47.372768],[10.89068,47.373186],[10.890566,47.373562],[10.890809,47.37392],[10.891059,47.37397]]],"type":"MultiLineString"},"id":"tirol:883","properties":{"description":"Gestartet wird oberhalb der Bergstation des 6-er Sessellift der Marienbergbahn. Der leichte flowige und breite Trail schlängelt sich im oberen Teil kurvig entlang bzw. durch den Wald und verläuft am Ende geradaus durch Wiesen Richtung Talstation Marienbergbahn.","difficulty":"leicht","down_m":170,"kind":"trail","length_m":1439,"level":"easy","name":"Fun Trail","sections":[{"closed":false,"variant":false}],"source":"tirol","status":"open","up_m":0,"updated":"2026-05-19"},"type":"Feature"}],"type":"FeatureCollection"}
